content,sentiment
不建议购买，外包装坏了，客服说没事儿可以吃，请问您吃包装袋坏的东西吗。因为最近阳了，不方便出门，懒得退,5.282387628313678e-06
此用户未及时填写评价内容,0.09928912174037674
第一次寄过来袋子破的，于是换货，第二次寄过来连封口都没有，直接用胶带纸粘着的，吃的东西整这么随便，希望大家避雷,1.938503966791849e-06
难吃，不是纯正米粉,0.4570693370145025
食品！也没一个纸壳外包装！就这么对待顾客的！,0.015316943816522488
破包,0.19926025450655027
一直没收到货,0.03925372630305379
很难吃我买过那么多米线，这家是我唯一觉得米线吃到嘴里涩的，几乎没什么米香味，这玩意儿也不会和别的米线一样煮了很久会化开，汤底变白什么的，肯定加了什么，或者大米成分很低，真垃圾~买的就没这么难吃,0.002782357657814649
煮不熟，半个小时都煮不熟，买过无数次这种米粉了，之前都是都是很容易煮熟的，第一次买这家，以为哪家都一样随便买的，没想到呀，每次煮都一肚子气，没心情吃了都，客服说让我提前泡两个小时再煮，~那个闲工夫呀，无语！,1.4868737113760133e-06
此用户未填写评价内容,0.09928912174037674
这是我吃过最难吃的粉干,0.4291872827936102
粉太细了,0.890142453148024
以前没买过这家，想着助农馆，买一下。，一下搞了八斤，买回来吃了一袋，发现没有嚼劲，有点像嚼馒头渣子，就看了配料表，大米，玉米淀粉，面粉，小麦淀粉，这是正常米线应该有的嘛，不应该只有大米和饮用水吗？？？,5.780713019376549e-09
产品质量非常的好。使用以后非常满意。非常感谢厂家提供这么优质的产品。也感谢京东为我们提供这么多优质的厂家。还有快递员辛苦的每一天的付出。为我们消费者带来了很多方便，谢谢,0.5043959302774831
这款米粉，以前买过，味道还不错，价格不贵，很实惠。京东上的东西不错，家里平时的日常生活用品基本上都是从京东上买的，质量可靠，快递速度挺快，快递小哥的服务态度也很热情周到。,0.9999992637921029
米粉的质量特别有保证，粗细均匀，干燥紧实不粘连。用水浸泡后煮熟，加上配菜，就可以吃了。米粉韧性很好，滑嫩嫩的，口感细腻。商家服务态度好 这个商品的质量真的很好！外观精美，手感舒适，使用起来非常顺手。卖家的服务态度也很好，让我购物无忧。,0.9988020548250435
这个品牌的产品质量非常的好。各方面都是很不错的。是值得信任的厂家。也感谢京东为我们提供这么多优质的厂商。为我们消费者省去了不少麻烦，在京东上面购物是非常愉快的。我购物这么多年的感想。也感谢京东快递员辛苦的付出，谢谢！,0.9994013337607082
终于买到满意的商品了，超出期望，非常喜欢，身边的人都问我要链接 这个商品的质量非常可靠！经过使用测试，它表现出色，没有出现任何问题。卖家的服务态度也很好，给予了及时的售后支持。,0.9976877222029443
这家店还好吧，来买过几次了，服务老客户非常周到，以后还常来。 这个商品超出了我的期待！不仅质量上乘，而且功能齐全，性价比很高。卖家的服务态度也非常好，让我有了愉快的购物体验。,0.9999856737584064
这个价格仍然很划算。经济、便宜、质量非常好，与卖方描述的完全一样。非常满意，完全出乎意料，超划算，划算，购物比实体店便宜多了，非常满意网上购物。我希望卖家的生意会越来越红火，物流会越来越快，包装会越来越结实。六星表扬，多一星不怕你骄傲，犹豫不决的朋友会很快下单，这是良心的推荐。它真的很好，而且价格也很高，所以你将来可以在这里买。给三个好评就满足了！满意了！满意了 卖家的服务真是一流！他们把顾客的需求放在首位，耐心解答疑问，并提供了专业的建议。物流速度也很快，让我迅速收到了商品。,0.9999999999999953
挺好的，和想象中一样，随意搭都很好看，满意！宝贝收到后很满意，外形颜色也很喜欢，挑选好多家，果然没看错，希望把好物分享给大家️,0.9999986830230021
米粉是我喜欢的种类 已经多次回购了 易泡易煮 不糊汤 炒着吃 做汤粉 都很美味 配上自己喜欢的蔬菜和鱼肉 美味不可挡 希望米粉一如既往的好 下次再回购 祝卖家生意兴隆！！！！！！！！！！！！！！！！,0.9249757820125826
很快就到了，全新正品，包装很仔细，没有问题款式很大方，质量非常好，价钱也很合理货收到后就拆开用了，质量很好，东西和官网买的没区别！很好的购买平台，质量不错，特别是有品牌的，值得信赖物流很快，产品很快就收到了，比想象中还好，不错不错！希望能耐用,0.9999999999491698
不错很劲道，让我记忆中的南昌及下面江西地市出差时吃早餐的悠闲，来个拌粉,0.9787317130193657
收到，物流太快了！，昨天做了生菜牛筋丸米线太好吃了，劲道，味道非常好吃！价格也很实惠的噢！又够吃一阵了！，物美价廉好食材！放心入手哦！,0.9999399952656737
口感很劲道！儿时的味道！适合家庭备用！价格实惠,0.9991165098973815
一次很好的购物体验，服务周到，物流快速，配送也很周到，态度也很好，好评！已经吃过了，口感很好，做发也简单，水开下干，粉丝煮三分钟关火，盖锅盖焖五分钟。自己烧汤，烫一下就好了。,0.991426870143651
江西米粉真的很不错，以前都是买一包有调料的制成品这样的价格要贵，但是这次买的这么一大包价格就便宜多了嗯米粉和以前的一样的好快递速度很快下单之后很快就发货了，收到的时候包装也很好，东西真的很不错嗯，我觉得这样的商家应该大力推荐，真正绿色的农产品,0.9918354567253979
米粉的质量特别有保证，粗细均匀，干燥紧实不粘连。用水浸泡后煮熟，加上配菜，就可以吃了。米粉韧性很好，滑嫩嫩的，口感细腻。商家服务态度好,0.06925458707663101
江西米粉，大米制作的米粉，可以煮螺蛳粉味道很好吃，分量很足，一大包，可以吃几餐。,0.9544276155249446
米粉很好，买过这款已经很多次了，煮之前先用水泡着比较容易煮熟。凉拌煮汤都好吃滑溜溜的。,0.2366408282085546
多次回购这款江西米粉，囗感不错，Q弹劲道爽滑，非常好吃。不愧是江西特产。包装很不错，2斤一包，很方便。快递也很快。点赞！,0.9997201835506065
宝贝非常棒，是自己想要的那种风格，到货也很快，谢谢老板，服务五颗星；制作方便，材质也很好！比较耐煮，还是家乡那味，给个赞！,0.9999867201156795
已经是多次购买的商品，价格优惠，质量保障的，6.9元购买的产品，质量绝对优势，战胜困难的时候就是买这个东西，真的是很不错吧。,0.9964555627042456
买的两斤装江西米粉包装很严实，足量的米粉整整齐齐，还没有煮，后面尝过如果好吃会回购的～,0.6257732829409438
发货快，服务好，米粉很好吃，鲜，煮几分钟煮不烂。下次再来买。,0.0071786944695102495
口感很好，已经回购好多次了，物美廉价,0.652150264577196
一直在回购这米粉，足以说明我有多满意这米粉，正宗纯米粉，够劲道，炒一炒，太好吃了。。,0.21773374409159496
非常好吃哦，自己在家做，放点菜和肉，太香了！！！，已经吃了一半了。,0.39548955333354907
米粉很好吃，已经在这家买过两次，煮之前先用温水泡一下更快煮熟。,0.013697996794034495
米线很好用冷水隔夜浸泡烧煮更方便不易糊。用高汤鲜麻菇肉丝煮味道更鲜美味。,0.016763734863368907
米线很好。但是最好在食用前先用冷水浸泡4-5小时后再煮比较容易烧软。,0.1604738489346864
一直在京东买这家的米粉，口感很好这是第N次买了，吃完再来买。,0.9179691737846633
米线很好吃，口感劲道爽滑，分量很足，口感不错，煮麻辣烫很好吃，符合我的口味，不愧是凉江西特产啊，够吃一阵的了，价格也便宜，味道很香，Q弹爽滑，很满意的一次购物，一如既往的好评,0.9999999988374666
米粉口感可以，质量好，不管是拿来做汤米粉还是炒米粉都很好吃,0.42484853789334087
米线真的很好，劲道不易断，口感很好，先泡软再煮，大火5分钟就好了。零失败率，好掌握。五星好评。吃完定回购。,0.023402891408977666
粉条泡发在煮就很容易煮开了，泡一晚上的话我两分钟就可以了,0.1544192956978282
收到货了，打开看了一下，还不错，米粉吃起来很好吃，比外面买的实惠多了，外边一台一点，最主要的是煮出来味道超级好,0.431812629410427
冷水侵泡一宿，开水煮3分钟。过冷水，炒粉非常棒，爽滑筋道，米香十足。,0.2815990224009074
收到货了，米粉质量不错炒着吃或者做酸辣粉都很不错哦,0.6001704611163573
在外地还可以吃上老家的米粉，这个米粉和它价位相比来说还是很巴适的，物流也快,0.9665995574869201
米粉收到了！！发货速度很快！！快递包装完好！！质量也很好！很喜欢！！跟超市卖的一样！但是价格比超市便宜！！性价比高！简直就是价廉物美、物超所值！！很满意的一次购物！！全五星好评！！推荐购买！！下次再来！！！,0.9497426814921217
江西米粉好看又好吃，不太细又不太粗，口感QQ弹弹的太好吃了，拌的，汤的，炒的都非常好吃。,0.005868040654499751
江西米线，包装很好，吃了很不错，给五星。,0.9733131338971852
这米粉很好吃，口感很棒，吃完又买，几年了,0.9839857731630014
有韧性，最好预先温水泡半天，这样煮起来快一点，不然需要小火慢慢煮5分钟以上。汤粉拌粉都好吃。店家发货神速！,0.07768158946291959
很不错，第二次回购，，价格实惠，可以吃好多多，，煮，炒，都很方便，，完美,0.9869350566546354
江西米粉，可吃干拌粉，可做汤粉，还可以做炒粉，凉拌米粉，都很好吃,0.262820228791792
江西米粉上唐佬，价格不错。根据戴上的烹饪方法，米粉泡的很成功有筋道。下次还买。,0.969798967638872
粉干不错。用冷水泡一两小时，然后再煮个三分钟左右，接着再焖两三分钟，就可以捞出来或拌或提前准备好汤。，我一般都是用来拌着吃的，口感很不错。,0.05130381683984475
米粉很好，一直买这款米粉，煮泥鳅粉干酸辣粉之类的用这款就挺好的。用水泡先软再放开水捞就很快煮熟。,0.5591234775120786
米粉不错，泡起来的速度也非常快，上面都有说明，非常方便，下次还买,0.8699102173107253
这个米线已经吃过好几次了，包装很简约，而且长短正好，适合家用的小盆子浸泡。主要是比较细，粗的叫做米线，细的叫做米粉，做这个一定要配合肉酱！,0.9914947850515059
感非常好有嚼劲胀包问题吃了饱腹感很强包装品质包装干净卫生口感味道味道很香，不错哦炒着吃挺好吃并且不硬很好吃孩子也喜欢吃,0.9996280713886807
非常好吃的米粉，好多次购买了。我是冷水浸泡时间长点软了直接放荤汤里吃的。,0.048812881779542794
米线质量不错，价格合理。快递包装很好，速度快，送货到柜子里，服务态度好。,0.9359573528923676
非常好的东西。冷水浸泡时间长点。软了就可以直接放汤里吃了。节省煮的时间。,0.13996214910691296
包装很严实，足量的米粉整整齐齐，还没有煮，如果好吃还会回购,0.5578225550767754
"现在才知到京东评论字多些可以翻倍积分值呢,这才 知知道好评的重要性。这个福利实在太赞了,妥妥的 每条都来评论下,赚积分,下次还能抵现金用。评论 80个字宇以上,可以得到50个积分从此我无论买什么 东西都会把这个段话复制粘贴下凑够字数,然后再填 觉的很棒,现在去超市都少了,大部分生活物品零食 都在京东买!速度快是最大优点,要继续保持哦!其 次质量有保证,平时在网上假货风险比较大的,从京 东超市买的放心,吃的安心,得跑超市,京东更便 捷,而且包装非常好,还是比较值得信赖的,不用去 实体超市买,相比优惠了很多!这次买的都挺满意 的,京东值得信赖很好满意!开通PLUS会员优惠更 多更实惠!",0.9999999984124552
这个价格仍然很划算。经济、便宜、质量非常好，与卖方描述的完全一样。非常满意，完全出乎意料，超划算，划算，购物比实体店便宜多了，非常满意网上购物。我希望卖家的生意会越来越红火，物流会越来越快，包装会越来越结实。六星表扬，多一星不怕你骄傲，犹豫不决的朋友会很快下单，这是良心的推荐。它真的很好，而且价格也很高，所以你将来可以在这里买。给三个好评就满足了！满意了！满意了,0.9999999999966322
米粉不错，口感也很好，很满意。,0.9795951914729828
很好的解决各种餐食营养问题和膳食纤维缺乏问题等方面的专家建议及时解决便秘等营养缺乏问题,0.28192973171806657
米粉看着不错哦，给公司同事也买了很多，份量很足,0.9486288207367117
终于买到满意的商品了，超出期望，非常喜欢，身边的人都问我要链接,0.7086601727058849
特别好吃，煮着吃炒着吃都可以。，非常容易煮熟。,0.03898095911610877
软糯香甜可口美味，还会继续购买这个产品，超赞,0.9920329784433723
收到货包装很好，配料也齐全，不用自己另外去做配菜，几分钟就可做出早餐，一盒料足，够我和小孩两个人吃早餐，口味香，辣椒油不辣，挺适合我的口味，疫情期间，自己在家做饭吃得放心！活动价买的，物廉价美！还会回购的！,0.9918266765724929
刚好做活动，价格便宜了很多，性价比超高，真的特别划算,0.9999653408852162
价格实惠，发货超快，还没吃&hellip;米粉看上去不错,0.9842879978441337
宝贝收到了，颜色很好看，质感也很好，样子简单！是我想要的！！下次还会再来！正品，买的放心，价钱也公道，满意！宝贝心仪很久了，趁活动时候买真的太划算了，喜欢的不要犹豫啊宝贝物超所值，很喜欢，下次还会来的(๑&bull;̀ㅂ&bull;́)و价格超优惠，性能也非常棒，完美的一次购物,0.9999999999999771
包装重量1kg，实际重量1.05kg，只多不少，粉耐煮，很好吃，会回购,0.36611711741192987
味道很正宗，好吃不贵，多买点备着。本来是疫情备货，现在都快吃完了。,0.17987935212655948
江西米粉多次购买，非常好吃，味道纯正，口感润滑，很有嚼头而且不硬，食用方便，分量十足，物流较快，包装完好，没有破损满意！,0.949066982714903
口感好，炒粉拌粉都很好吃，值得推荐，江西老表支持一下哦,0.9841429117959773
已经干掉了一小包，感觉发货速度非常快，包装很好，价格实惠，质量很好，没发现什么问题。之前买的好长，这次购买的，有剪短，一样长，这个很难满意。货真价实的，比较满意的一次购物。,0.9989129894029222
宝贝质量很好，收到货第一时间打开看了，很不错，很满意，客服也有问必答，感谢,0.9617836670156437
物流很快，东西也不错，跟店铺描述一致，服务也很好。推荐购买，好评点赞。,0.9996004630835731
米线很好，做了很好吃，孩子也喜欢吃，非常满意的一次购物,0.9967291792107927
这款江西米线真的超级喜欢，味道真的超级超级好吃，家人们都非常喜欢吃，店家态度真的很好，下次一定要买，大品牌就是值得信赖。,0.9997442836836841
米粉很劲道，头天晚上泡好，第二天煮起来会很容易熟。,0.20800326777150657
米粉很好吃，不管是拿来炒还是煮，都很不错。,0.7263473104678446
收到货物后，我第一次打开包装。我觉得质量还是比较好的，这和卖家的描述是一致的。我非常满意。传送速度相对较快。物流公司服务态度好，交货速度快。总的来说，这是一次非常令人满意的购物。多亏了卖家。,0.9650487507677522
总体来说，确实很不错，客服的服务态度也很棒，说话几乎马上就会回消息，物超所值，真心推荐,0.9990362131647106
买了好几次了，晚上睡觉前泡上，早上起来煮很快，加上自己喜欢的调料和素菜，很好吃,0.6179348509273586
不错不错，按说明煮，很方便，很好吃,0.989985167413501
一直买这家的米粉，好煮，好吃，口感很好,0.9331390208453745
"质量非常好,与卖家描述的完全一致, 真的很喜欢,完全超出期望值,发货速 度非常快,包装非常仔细、严实,京东物流公司服务态度很好,运送速度很快,很满意的一次购物质量很好, 希望更多的朋友信赖京东. 客服态度特好, 我会再次光顾的,发货迅速,态度很好,很满意!",0.9999987625187104
收到货了，非常快，质量也很好，好评,0.5768124937398601
"质量好,发货速度快,包装用心,物流运送速度很快,宝贝与卖家描述的一致,真的很喜欢,完全超出期望值，很满意的一次购物。",0.9999770737692012
很好吃的米粉，久煮不烂。口感好。。。。。。。,0.07516392166169172
米粉每年必备，看了很多家，这个很实惠，给家里和姐姐备上！,0.9846416691235942
发货快速，包裹认真，非常满意！,0.7736237104270175
包装完好发货速度快，配送及时商品质量非常不错，价格实惠好评，下次再来,0.9935934544800894
米粉收到，物流很快！米粉还没有吃，先给个好评吧！,0.051061900927639736
很满意的一次购物，商家服务好，发货神速，物流也很给力，宝贝收到后非常喜欢，买得放心，用得安心,0.9808685170348521
东西不错，物美价廉，实惠实用，好东西要分享,0.9994312627729085
这面可以，我那来炒来吃，加个蛋很好吃,0.3862806300952316
货已经收到了，谢谢老板谢谢快递员，包装很好，物美价廉,0.35280352687286565
米粉纯正 无论炒米粉还是汤米粉 都很劲道！,0.14379574395773143
物流很快，包装也可以，长短合适，不知道质量怎么样,0.9730735911656292
老买的江西米粉，很不错，头一晚泡，第二天早上一烫就好了,0.29172242515955926
米线不错，口感也很好，是个不错的食品。,0.9966992972090274
我真的非常喜欢它，非常支持它，质量非常好，和卖家描述的一模一样，我非常满意。我真的很喜欢它，它完全超出了预期的价值，交货速度非常快，包装非常仔细和紧凑，物流公司有一个良好的服务态度，交货速度非常快，我非常满意购物,0.9999649751583335
东西很不错，已收到。一年四季必备，喜欢嗦粉的人最爱,0.9884469980878607
物流满分，包装快递满分，配送员态度满分，购物让人开心，吃土使我快乐~ʜᴀᴘᴘʏ̆̈◞̆,0.9964389292223325
卖家的服务态度真好，发货很快。商品质量也相当不错。太喜欢了，谢谢。,0.9736792664790287
米粉很正宗，买过很多次了，吃完还会回购,0.3613766138206136
米粉真的很棒，口感很好，吃完回购,0.8949045946813231
质量非常好，与卖家描述的完全一致，非常满意，真 的很喜欢，完全超出期望值，发货速度非常快，包 装非常仔细、严实，物流公司服务态度很好，运送 速度很快，很满意的一次购质量很好，希望更多的 朋友信赖．店主态度特好，我会再次光顾的，可不 可以再便宜点，我带朋友来你家,0.9999989877116717
"很好的米粉 ,很有韧性 也不会碎",0.883349475172414
收到就煮来吃了，很好，跟我们老家做的那米粉差不多，很好吃。,0.922464337275355
质量非常好，与卖家描述的完全一致，非常满意，完全超出预期值，很满意的一次购物,0.9840005008251864
米粉很好，家里吃得差不多就会来买 ，多次购买了,0.7280542558546849
米粉非常好，用来煮桂林米粉，很赞。,0.1581180780854936
物流很快，产品很快就收到了，比想象中还好，不错不错！希望能耐用,0.9998921966844829
京东上的东西质量有保证，买着放心用着舒心。客服也很好，消费者权益有保障，在京东上买的东西耐心，质量经的起考验。,0.9441681055802359
米粉很好，值得拥有。,0.9317490327591329
品质，包装杠杠的，已是第二次回购了，家乡的味道。,0.8364355764191324
米粉很好吃，劲道，下回还买，推荐,0.3632914678498653
米粉包装的很好，商家发货也很快。吃起来也劲道。,0.260786314755583
超级好吃！很方便！很实惠！性价比高！,0.9975844887238318
东西收到，很满意！！京东平台真的是超级好的卖家，解答疑问不厌其烦，细致认真，关键是东西好，而且货物发得超快，包装仔细，值得信赖！,0.9998088618834438
五星好评，便宜实惠实用，非常值得购买，下次还会购买,0.9997894443851069
价格优惠，发货速度非常的快，味道非常的好。,0.9049986560767577
物美价廉，多次购买，比实体店便宜多了,0.8520478491475274
宝贝收到，一如既往的好，包装很到位，质量还不错，很喜欢，大品牌值得信赖宝贝收到了，很惊喜，质量非常好，很满意的一次购物。我会继续回购的，店家值得信赖宝贝收到了，太惊喜了，质量非常好，性价比很高，真是出乎我的意料！,0.999999999999786
宝贝真不错，做的真细心，值得拥有，快递很快,0.9999213030038798
物美价廉，支持京东！！物美价廉，支持京东！！,0.8574814530261108
很好，有劲道，不粘锅，大家喜欢。,0.6394193130098751
米粉很好，家乡的味道，赞,0.9750806034953505
非常好吃，味道不错，值得点赞,0.9898970691622851
非常不错的，比昆明的干米线好吃，有筋骨。,0.559556463306206
产品的味道不错的，也很实惠的，给好评,0.9754446725038945
这家店还好吧，来买过几次了，服务老客户非常周到，以后还常来。,0.755609452864025
很好，提前泡一夜，煮出来很软，好吃,0.31829075054240774
口感很好，比螺蛳粉自带的米粉好，值得购入,0.9990540919002989
质量很好很好很好，吃的很快，回购了好几次了，价格实惠，包装严实,0.9994873456292821
质量非常好，真出乎我的意料，包装非常仔细，非常感谢，祝生意兴隆。,0.9763885518593679
产品的质量非常好，吃的口感好，给好评,0.8517891830139608
做了三鲜米粉，这款粉真的很不错，推荐～,0.9951242645281883
一直在京乐购物，品质有保证，快递也很快，送货上门！,0.9391122719784045
多快好省，京东给力，下次还是要选择京东商城，没错，非常满意,0.6549426168443235
非常不错，虽然没有买的米粉粗，也不错了,0.9383049344580715
是理想中的产品，质量不错，物流也很快，值得点赞,0.9992343457905094
还是一样的味道，很好吃劲道,0.5013425070827159
物美价廉，多次购买了！！！！！！！！！,0.5271038761225296
东西很喜欢，质量也很好的，这个价格能买到是真的很划算,0.9751327065311286
米粉质量很好，q弹，口感非常的好,0.5977646968726387
一大包，分量很足，很喜欢迟米粉，下次继续买。,0.9876587787165132
炒米粉，汤粉都很可，好吃,0.35823449910352845
味道好极了，煮起来也方便,0.41124227640497646
价格很实惠，性价比很高，算是平价好物，会回购的,0.9998117247907368
米粉很好，物美价廉，质量也很好,0.8821188557295571
东西收到了，还没有看过，先五星好评。,0.3274660028329447
物美价廉，很喜欢吃这家米粉，值得推荐,0.8727061574604584
很方便，很不错的，好吃,0.962713711687311
米线很好吃，多次回购，满意,0.5771202507994054
老人家很喜欢，和面条换着吃。,0.26747253895172995
商品包装完好，物流很快，价格实惠。,0.9897537557681396
"用了觉得很不错，商品质量好，发货也挺快的,总之就是很赞了",0.9972925092963361
东东不错，物流速度很快,0.9821244981167151
很好，做工精细，口感很好,0.9986650671729
杠杠滴，炒着吃也不错。回购的。,0.720948878982027
很好吃，挺实惠的，已经是回购了。,0.9747248098139265
米粉还没吃，看着很不错,0.6591408593644484
物流超级超级快！质量也非常不错，的确物有所值,0.9974733255497189
配料很干净，吃完再评价,0.6558480554034015
很好，物流很快，东西很给力，性价比很高！,0.999250706990103
好吃非常好吃，下次还会买,0.7097852365007016
江西米粉是很不错的食物，赞,0.989851030233584
多次购买，做炒米线很好吃,0.6863714758100006
上唐米粉收到，价钱优惠，配送服务很好。,0.6084474496317847
米粉很好。喜欢吃这个粉,0.8137739273399986
米粉质量好，柔韧顺滑很劲道,0.23422506634426632
包装很好，份量很足，非常满意。,0.9790672093115378
很好吃，果然是纯米粉,0.6916297244041719
很好的米粉，不亏是推荐品牌。,0.9515110035594662
超好吃，米粉Q弹，调料正宗，一盒吃完很爽很饱！,0.8987280772123083
物美价廉，会回购的，,0.7867897709980508
感觉很好，真的很不错,0.982656018624683
还不错，物美价廉，推荐,0.9747624859170566
很好吃，没有什么胶味,0.6916297244041719
日期新鲜。，包装很好，到货快,0.3389334469087507
发货很快，也很好吃的,0.9381735201759435
粉丝很好，包装很好，很喜欢吃,0.9865742664699477
米粉很不错，一直都有买。,0.7275759595395525
不错，送货及时，五星好评。,0.8209677783596273
宝贝收到，一如既往的好，包装很到位，质量还，不错，很喜欢，大品牌值得信赖宝贝收到了，很，惊喜，质量非常好，很满意的一次购物。我会继，续回购的，店家值得信赖宝贝收到了，太惊喜，了，质量非常好，性价比很高，，真是出乎我的意，料!,0.9999999999999645
很好的，还会继续关注购买,0.9690493325946802
"现在才知到京东评论字多些可以翻倍积分值呢，这才知知道好评的重要性。这个福利实在太赞了妥妥的每条都来评论下，赚积分，下次还能抵现金用。评论80个字宇以上,可以得到50个积分从此我无论买什么东西都会把这个段话复制粘贴下凑够字数，然后再填觉的很棒，现在去超市都少了.大部分生活物品零食都在京东买!速度快是最大优点，要继续保持哦!其次质量有保证平时在网上假货风险比较大的，从京东超市买的放心.吃的安心,得跑超市，京东更便捷，而且包装非常好，还是比较值得信赖的,不用去实体超市买，相比优惠了很多!这次买的都挺满意的，京东值得信赖很好满意!开通PLUS会员优惠更多更实惠!",0.9999999999803371
米线十分耐煮，吃起来很劲道。,0.3908906800989165
很大一包，包装用心。,0.8404501988474765
很划算，发货很快。。。,0.9748876143823115
我真的非常喜欢它，非常支持它，质量非常好，和卖家描述的一模一样，我非常满意，我真的很喜欢它，它完全超出了我的预期，发货速度非常快，包装非常仔细和紧凑，物流公司的服务态度非常好，发货速度非常快，我对购物非常满意。,0.9999755405898494
货已收到了，已经是多次购买，口感非常好,0.6129386710278965
物流很快，几天就到了。还没用，之后再来评价。,0.46698247882327715
很多，很正，物流很快，老客户了，喜欢！,0.9749626203998606
不错很劲道，让我记忆中的南昌及下面江西地市出差时吃早餐的悠闲，来个拌粉 江西米粉真的很不错，以前都是买一包有调料的制成品这样的价格要贵，但是这次买的这么一大包价格就便宜多了嗯米粉和以前的一样的好快递速度很快下单之后很快就发货了，收到的时候包装也很好，东西真的很不错嗯，我觉得这样的商家应该大力推荐，真正绿色的农产品,0.9998013503848787
米粉的质量特别有保证，粗细均匀，干燥紧实不粘连。用水浸泡后煮熟，加上配菜，就可以吃了。米粉韧性很好，滑嫩嫩的，口感细腻。商家服务态度好 卖家的服务真是一级棒！他们对待顾客非常友好，给予了专业的建议。物流速度也很快，让我很快就收到了商品。,0.9810930087902028
特别高大上，名声在外，早就想品尝了！,0.5154029352012943
618活动真给力，是正品，价格很实惠。,0.973892471480433
米线很好，值的回购。,0.5268775430854151
商品很好 ，得回顾 。,0.9555998457340723
米粉很不错，快吃完就会来买，很满意,0.9768935655404296
一次很好的购物体验，服务周到，物流快速，配送也很周到，态度也很好，物有所值啊，果断好评！,0.9999902792945945
米粉很好，已经买过这个牌子很多次，煮之前先泡煮的比较快熟。想减肥的人群可以多背一点，吃米粉可以减肥，血糖高的人群也适合吃米粉。,0.9986765363687674
米粉很好，已经买过这个牌子的很多次，煮之前先用温水泡更快熟，减肥人群和血糖高的人比较适合吃米粉。,0.9833262432959449
一次很好的购物体验，服务周到，物流快速，配送也很周到，态度也很好，好评！,0.9999264672074405
发货快，服务好，米粉泡发后煮几分钟不易断，有米粉香味，味道还算可以，吃完以后两买。,0.9481123052667351
江西米粉不错的选择哦，我经常会回购，自己调料好吃极了！,0.5538483452488328
买过很多次，这次换了新包装，看着上档次，米粉也好吃，就是要多煮一会。,0.19866790322611594
这现在是家里备的，配上菜快捷便利。中午早上吃起来都好方便，口感Q弹爽口，自己在家都能吃上一晚爽口的米粉了，主要是还实惠。,0.9893276475621493
口感细腻爽滑：江西米粉选用优质的大米制作而成，经过精细加工后呈现出洁白、细嫩、久漂不烂、久炒不碎、久煮不糊的特点。米粉入口爽滑筋道，弹韧不易断，嗦起来丝毫不拖泥带水，给人带来独特的口感享受。,0.9685172916824237
还是这家的米粉比较经济实惠，复购过很多次的了，江西米粉确实还是挺好吃的。,0.9875800381719411
好吃，跟螺蛳粉一个面差不多，爆赞,0.7291871881472886
再次购买了，价格实惠实用方便。口感爽口有嚼头，在家早餐特别的方便快捷。,0.9923795371176756
买来给螺蛳粉加面，还可以做酸汤米粉，家里做了牛肉汤、鸡汤，都可以加进去~炖鱼的时候，也可以加一点~（要提前泡好哦），这款是无限回购，强烈推荐~,0.620367435284289
江西米粉挺好吃，不管是用来煮或者煮还用来炒啊拌啊之类的，总体来讲还是蛮不错的，不会很软烂，比较有劲道。包装完整，不会破损，挺好的,0.9599808151050018
干米线，已经买过很多次了，都是趁着有优惠的时候购买的，自家用不错。有点偏细，所以说比较好煮，叫米粉更为恰当。口感也还行，不是特别劲道。,0.9984892051391767
上唐佬江西米粉米线，包装完好，干线纯净，进食便捷，柔和有劲道，价格实在，物流快捷......,0.6597088445349752
南城助农馆 南城美农江西米粉，食用便捷，口感纯正，价格实在，物流快捷......,0.9998421112579211
米粉挺好的，价格实惠，爽滑Q弹。已经买过这款很多次，血糖高的人群比较适合吃米粉。煮之前先用温水泡比较快熟。,0.9963597101210281
好吃。质量好，我又下了二单。价格便宜。,0.6141286821160159
米线很好，稍微一煮就可以吃了，不像有的略知米粉煮好久还是硬的。,0.13141131244434967
离开南昌10年，一直想念学校门前的那碗拌粉+瓦罐汤。今天终于又吃到了那个味儿，好吃，好吃，必须好评,0.9818205339004709
第一次购买，重量足称，还没有吃，好吃，再回购。,0.36341982348494584
包装简单，方便卫生及时。外观看着不错，待吃后评价,0.7348097658129473
这个款的米粉还不错，买过好几次了，久煮不易烂，用做螺蛳粉也是挺不错的,0.99539086264627
好吃，已经是第二次购买了，价格也比较实惠，值得推荐给大家。,0.9754104599403849
口感不错，粉条顺滑。配料丰富，好吃，但不能早餐吃，辣且营养单一。,0.7790569897202264
抱着试一试的心态买的，没想到意外地好吃，吃完还会再买～,0.9988177450147534
这个米粉不错 我们湖南人一直吃的这个 到苏州来后也离不开啊,0.22293175745639748
第二次买米粉了，前一次买的到时还不会怎么做，这次买的米粉学会了怎么做炒，还是停好吃，吃完再买。,0.8755994352873996
米线包装挺好，粗细适中 ，因还没有食用，从外观看质量还不错。,0.997586288140068
味道不错，是纯真的米粉，偶尔来一顿挺带劲的,0.9984500924549194
比超市买的米粉划算，不知道是不是手工的米粉，但是口感不差的，挺好,0.9345496742037347
上唐佬江西米粉米线桂林米粉螺蛳粉干米粉江西特产南昌拌粉炒粉方便速食 2斤装，好好好上唐佬品牌值得信赖的产品，下次再购买，在这里祝老板生意兴隆财源广进！,0.9521676741032944
昨天下午收到快递了，还不错，等吃过后再说，谢谢。,0.6383212033168144
味道不错，煮的时间要久点。,0.6014386629904993
江西米粉，2斤装，挺好吃的，价钱也很实惠,0.409384428120374
可以是可以。便宜也便宜。但总觉得欠缺了点什么。,0.8803228084123574
不错，这种料就是配这个粉，100分,0.8093562311967936
感觉还可以。米粉比较干，粗细均匀，暂没发现污黑的东西。,0.01754921983039881
我觉得东西不错，不管是炒还是煮，味道都不错,0.8784419189722277
不错，是江西米粉，挺好吃，就是包装太差了。,0.40159971033247466
煮出来的汤汁也不是太糊了。还是要买牌子的产品，放心而且实惠。感谢快递神速。还帮我送到了楼下。,0.7595375772053091
买过一次，吃着挺好，易煮，不碎，再次购买,0.5865592202961909
好吃实惠，自己在家在。不输外面口味，下次有活动再来。,0.9126614666851761
今天刚刚收到还没来得及吃先好评，等吃过再评，好吃再买,0.13705951390336546
江西米粉就是好吃，弹行好不易碎，口感好。,0.7164324420376392
已经是买了很多次了这次多买一点过年,0.5364897265085519
这款比较短细，和挂面长短一样，还可以吧。活动价格相当的给力。,0.9649584310198952
包装不错整整齐齐，是细米粉容易煮透，吃泡面加一点或者凉拌都是不错的,0.9957699955897676
第一次尝试吃木粉。还挺好吃的，就是要泡久一点,0.6615085840121869
多次购买，可炒可煮可凉拌，怎么做都好吃！,0.6788580080589726
多次购，太好吃，米粉我只吃江西米粉！Good！,0.01836763972970623
包装挺好，发货也快。方便！,0.8877416486744713
挺好吃的，先用水泡泡 ，这样才比较好煮。,0.44579340383231847
米粉无论煮或炒都好吃，口感Q弹劲道。,0.03941817019381533
身在异乡，还可以吃到家乡的米粉，浓情满满,0.9931229268765713
到手才三元多，虽然用了好几天，但现在特殊时期也可以理解，2斤很大一包呢。,0.2310091845520722
商家发货很快，但快递耽误在路上了，经过一个假期，米粉终于到我手上了。,0.022064079341602594
米粉和展示的一样，一共两斤，日期新鲜。,0.007980133940457157
京东多快好省，习惯在京东购物，物流快，品质好，买东西首选京东！,0.9995152837923691
口感不错，支持京东！,0.9672660553740215
不错的米粉，做汤粉炒粉都可以,0.9551477314267869
便宜又实惠，趁着活动买的，挺划算的，等尝过再来追评,0.9809912756034203
前前后后买了四份了，自己买，也推荐给朋友买，好吃。,0.870587724405797
看着不错，就是没有前次整齐。,0.881196564193782
东西不错，搞活动价格也合适，快递服务好。,0.8295062657459039
挺好的，干净，纯净，是这个味。,0.7198310458064953
这款米粉不错，煮出来的粉好吃筋道,0.9787126280189584
还没吃，不过看着不错！！！！！,0.3678024748399228
比超市便宜多了，价格挺实惠，经常购买，下次还来,0.9957678499383323
米粉收到了，蛮好的，包装精美，无破损，还会回购,0.23143944316703413
口感不错，是我想要的，吃完再买,0.9481551566396077
整体来说还是很不错的，质量也还好，没有异味,0.969962791089844
这米粉口感不错好像没有添加剂。第一次吃完已经是第二次买了。吃完还会继续购买。,0.9959228033945642
粉挺好，江西米粉挺不错的,0.9868078490814811
米粉购买多次了，包装严实，运输速度快，值得购买。,0.9111798125978667
外观看不错。还没有品尝。后续再评价。,0.9701315736493586
粉不错，总吃面条换换口味,0.8599728434868076
好煮好吃，棒棒哒，会继续复购,0.6477489618240074
老家米粉一直买他们家的，不贵质量也好。,0.2863023418753424
多次购买了，做汤粉不错，劲道,0.9059306672073529
江西米粉，国内最正宗的米粉。,0.8139492605443895
还行，调料弄好了可以吃吃,0.45928648421014395
要过年了，买了一堆，一直吃老牌子啦！,0.27223021892051014
煮来吃了，感觉味道还不错！,0.8302033604886034
好吃，有米味，可口美味,0.7184588006641264
米粉收到了，吃起来口感不错,0.6639203079774251
口感还行，没有碎，包装完好,0.9645415653836491
东西还可以，希望能更便宜一点！,0.7667378750325919
口感还可以的，价格也实惠的,0.9668132729392342
干净，方便，泡后更易熟,0.6836324942514195
买了好几次了。东西不错，还会去光顾,0.8490581702930002
多次购买了 没什么好说的 一如既往的重量不足,0.8313551455866842
味道不错值得推荐,0.947089413890625
价格实惠，质量好，已经购买多次了，屯着过年吃。,0.9817434515614067
劲道 好吃 ，发货快 炒您好,0.4998594764994927
不错，番茄抄米线挺好吃的,0.8998941122578513
多次购买了一如既往地重量不够 没什么好说,0.8313551455866842
还可以，价格合适，味道不错。,0.947488665292813
江西米粉还是好，吃习惯了，发贷也快。,0.5242800348540082
多次购买了 一如既往的重量不够 没什么好说,0.8313551455866842
不错不错不错，放心购买吧。支持支持,0.9994811473324152
与描述的情况一样，商品质量好，还会再买的，谢谢！,0.6031387511182732
老婆超喜欢吃这个米粉，买了几次了,0.44455367372383536
这是第二次买了，又方便又好吃,0.3942516898973413
米粉相当劲道，耐煮好吃，,0.09859251739165975
跟外面买的一样的，回购多次，不错,0.4539670832405217
好吃又便宜，还没添加剂！！！,0.7305110067302096
买了N次，还是不错的，还会再买的。,0.7515861483694232
东西还不错，希望能更便宜一点。,0.9483561034034558
下雨了货己收到谢谢了快递员／,0.02738585814635719
这个米粉，第2次买了，不错,0.31833446400950827
不错，好吃，下次再来回购,0.6143066213586321
还可以，很大一份，包装有点简陋,0.3309949366227244
货真价实，味道品后再评。,0.042679232976467585
还挺好除了粉有点细，没别的了,0.9421503586870146
不错，挺好吃的！好评！！,0.8462436235902151
挺好，还没吃。看着不错。,0.9526773823615577
米粉爽滑，干捞或汤粉都不错,0.8956195397998011
挺好的，不错，下次还买！,0.9732269561834048
不错呐，煮着挺好吃的。,0.9417777821610668
口感味道都不错，方便快捷。,0.8846420051395497
比较正宗的江西米粉，Q弹,0.39344222914675464
商品挺好的，再次购买。,0.8195749177326026
买过很多次了，挺不错的！,0.9527162216217514
京东发货快，服务好，值得购买。,0.953374791052998
做出来的炒米粉劲道好吃。,0.16466494852731484
味道鲜美，炒粉凉拌，风味独特，价格实惠,0.998395465360412
还可以，两包，可以吃一阵子,0.24352627916359915
发货很快，没破损，但像漏味了一样。,0.8144196697537467
是细米粉，煮炒都不错,0.6297018277119912
买了N次，不错不错，还会在买的。,0.9564503512162493
多次回购了，确实不错！,0.9047658065695734
好吃，细腻柔软，OK。,0.7790656511012446
不错！性价比比较高。,0.9911953479029678
米粉经常购买，质量不错。,0.676601797526217
和餐馆的米线差不多，好吃,0.5963743240031235
第二次买，味道还可以。,0.30762604759349677
挺好的，分量还挺足，吸水挺好,0.9698610909394273
产品还是可以的，口感不错,0.9454850278348435
挺好的，提前泡水会熟的快,0.5398117738723495
味道还不错，包装还可以,0.8273284136870229
高性价比，多次购买了,0.9056858266913793
优惠券下单购买的，划算,0.812268791433656
外观看着又错还没品尝,0.8532389224869715
米粉挺不错的，好评！,0.719285926376685
挺好吃的，以后还会回购,0.566371969958543
挺好的 就是买完降价一丢丢,0.6828817105777377
做活动划算，囤起来慢慢吃,0.990232112699082
挺好吃，比较有嚼劲，炒或者汤粉都好吃,0.5603260144015179
挺不错的，可以的哈。。,0.9280502277325895
挺好的，客服态度好，物流快,0.508392420450995
东东收到了，日期新鲜。,0.16582696970705257
米粉还可以，就是包装要改善一下,0.16693352367949177
还可以啊，这个没用的，可以吃不错的不错的,0.9440839186427231
已经是第二次购买了，下次还会来买,0.5928865060226318
包装完整，口感好，下回还会回购,0.7890261374972517
粉不容易断，不成坨。挺好的,0.7535318453802983
质量不错，好吃不贵，经济实惠，,0.9637946343043714
买在办公室里面加餐的，味道不错。,0.9231797863301565
好吃，还会回购的。。。。。。。。,0.3814492951815066
米粉，米线，一公斤，抽空再吃吧，不知怎样。看着挺好，666吧,0.3068958485879958
刚收到午饭立刻就安排了，不过得提前泡一下，如果泡久点更好，不行在煮的过程中就要煮多一会才会软。按照沙县炒粉的方法去炒粉的，美味劲道～,0.0010868372714718522
还可以，与广州的米粉粗一点，硬一点，与理想的米粉差一点点，本人是北方人，对不起。,0.009016603801498602
还没吃，这牌子第一次买另一个牌子己经买了N次了，泡过刚煮出来好吃，但是冷了就硬了，所以试一下这个，价格差不多，但少了两斤,0.0014695487237958993
看配方就知道这是天然的米粉，还没有吃过，不好评价口感，但是从外形和硬度来看有点像你们吃的螺狮粉的粉条，应该特耐煮的！,0.9830719751753937
第一次尝试购买这种无配料的米粉，不知道味道怎么样，看着说明上的烹饪方法应该还是简单易操作的，期待成品效果,0.83462393875972
还没开吃，等吃完再来评价，是同事推荐的，价格合理,0.305574807670282
最近太爱米粉了，这次买的发黄，不知道和之前的有啥区别，还没吃，希望一样,0.03589422719632096
上唐佬江西米粉米线桂林米粉螺蛳粉干米粉江西特产南昌拌粉炒粉方便速食 2斤装,0.006807339866589657
吃不出来好坏，反正也不难吃吧,0.20515214412507055
没吃呢，期待味道好！,0.5523283711669668
还没有吃，不知道味道如何。吃过了再来评价。,0.16247254293339397
就是米粉要煮比较久一边煮一边搅拌捞起来就可以吃了,0.4805534449168549
第一次购买，还未吃！,0.6447336306149328
一如既往的重量不足 没什么好说的就是普通的米粉,0.9079022261500579
好吃 禁煮 就是自己不会做饭而已,0.13923248930378973
上唐佬江西米粉米线桂林米粉螺蛳粉干米粉江,0.11959599229013873
没啥可评价，就看个人泡粉手艺了，温水比较好～,0.6647092544942792
就是普通的米粉 一如既往的重量不足没什么好说,0.9079022261500579
一次又开始做作业吧、这些是在北京大学出版社和出版发行集团有限公司共同主办了,0.834666691153821
还没开始吃呢，口感后期再反馈,0.869290768724045
不是纯大米的，但是口感还行,0.785277176053709
江西米粉，有一点名气。买来尝一尝。,0.2589791624462082
米粉收到了，还没开始吃，吃后再评。,0.019542568262708726
就是普通的米粉一如既往的重量不足 没什么好说的,0.9079022261500579
江西米粉的质量下降了，还添加面粉和淀粉。,0.2727025481169921
我觉得家中不可缺少的美味之一。,0.6128660223242787
还没有吃，吃完在追评,0.5367889717923969
没什么好说的就是普通的米粉,0.5548689649273426
好吃，不知道有没有添加剂。,0.8515915906225926
就是普通的米粉 没什么好说,0.5548689649273426
这个米粉还是菜场买的好吃,0.05963182718028881
还没有吃，之前买过应该可以吧。,0.5507026685649593
除了有点小污外，总的讲还行吧,0.4258423063581618
看着还行，不知道煮了以后是什么样。,0.48368004863997716
东西已经收到，还没吃，吃后再评论,0.1040205707506291
还没吃，确切地说是不知道怎么吃！,0.06871417047639505
拌粉吃，做不出江西干拌粉的味道,0.21535832996131377
看上去米粉还可以，就是这包装太单薄了,0.04473386990018147
还不错。就是分量少了。根本不够一个人吃。,0.9065563161790442
一般般吧，粉不错就是没什么感觉,0.9024983515789121
还好，只是自己不会做。,0.587999172323964
还没开始吃，待后续补评,0.29393721547655904
好吃，就是小了点，感觉粗一点好吃，但难煮点，己经回买N次了,0.027595894888007733
买了8斤快吃没了。按说明不好煮，冷水下锅才可以。但是还是有点硬，估计有胶，纯米很好煮的。,0.0008973709631641125
偏细，煮了还行，就是不明白为啥配料表中有大米小麦玉米淀粉小麦淀粉？不是应该只有大米吗？,0.0019592376903616593
米粉收到，吃了好多次了，比我之前买的，干净口感上硬一点点，不太好煮，提前泡一下水，口感稍微有点差,0.005400262920490451
味道还可以，但口感似乎不如上次买的散包米线。不知成分是否有区别。还有，份量有点不足，四包是4千克，但每包差了不到5-10克，总共少了30克。,0.11498339469438512
为什么找了半天在包装上找不到生产日期呢？生产日期就应该印在一眼就看见的地方。,0.001892954474156272
请务必用水泡软再煮，第一次煮没泡，煮了十几分钟里面还是硬的,9.561696972204548e-05
包装摔坏了 包着米粉的那层袋子烂了，米粉都露出来了 要好好洗一下才敢吃,3.379339289222294e-05
有韧性，不易断，容易泡熟,0.44150959836321846
这个看评论说有小料包才买的，收到货之后啥也没有，自己配料有点不会搞。,0.0038608151319942108
多次购买了，遇上价格补贴，当然要入货。唯一就是快递员未经收件人同意自作主张放到一个乱七八糟的自提点，这点需要投诉。,4.782998919150572e-08
建议一次别买太多，上面写保质期12个月，我居然发现2包开始发霉了,0.0004044106729478303
就是普通的米粉没什么好说的 依然重量不够,0.7073249757572546
感觉这家服务太太太差，我买的两份只发了一份。售后也是无语了。,0.0018904952516757279
粉煮出来和老家的米粉不一样。还贵。,0.8651450326755779
除了感觉有点易碎外，  总体讲还行吧。,0.9604329148867721
感觉胶纸比较多，泡一晚上才炒的米粉,0.06072357319891264
简单方便，易煮，不烂。,0.054935219763361576
感觉没有之前买的纯，不禁煮,0.9783967089253851
发货时间太长，四天没出库，投诉以后才发,0.0012843890838915017
一般般吧，卫生感觉不太好,0.1471559648702766
没有1点碎的的口感十分的好。,0.7607619544412955
这和另外那种包装有什么区别,0.566421344062655
米粉还是得买江西的，顺滑有弹性！价格能不能便宜点,0.3197023694829647
东西符合预期。就是物流太慢了。整整7天啊！！,0.04255206048024962
配料足，适合当夜宵吃，就是米粉不太好煮,0.28444000766356015
京东平台购物有保障，~下单多日不发货，转来京东购买的。干米线，至少要泡12小时。吃起来还不错，没有异味，一把够三个大人吃。,0.05520050637250118
又下了一单收到，物流飞快！，这粉儿太好吃了！爽爽滑滑的家人都爱吃，让多买些，特别是这个季节，天热不想做饭，拿出来煮一些爽歪了！，价格很实惠的！干爽，好保存！，放心入手！,0.9874874711446185
这种米粉味道不错，煮熟了比面条口感好，比较顺滑，里面可以放点自己爱吃的蔬菜和调料，炒了吃也很好吃，卖家发货很快，分量也很足，好评！,0.9992419605203451
第三次购买，这个米粉很好吃，煮出来不是很黏和软的那种，汤粉，拌粉。放上自己喜欢吃的菜，配料什么的。味道很赞的，各样弄都蛮好吃的，,0.025154169747833244
包装的很严实，价格也实惠，性价比很高，要给店家五分好评了！,0.9800503630623812
赶上做活动的时候买的，这个价格一分钱一分货️，从外观看很美，材质做工都不错，感觉买值了，还有物流超级快，点赞！,0.999912528589301
赶上做活动的时候买的，也回购了好多次，煮汤，拌面都好吃，点个赞,0.9618819910655133
这个商品的质量非常可靠！经过使用测试，它表现出色，没有出现任何问题。卖家的服务态度也很好，给予了及时的售后支持。,0.9949502251961286
让我们先说说商品的质量：产品总体上是好的，包装很紧。让我们来谈谈商家服务：喜欢它。最后，快递：快递非常快。毕竟，廉价商品更真实。我希望商店能提供更多的~，及时通知老客户，并促进回购。祝你生意兴隆。,0.014339992795964762
米粉收到了，味道不错，已经多次回购。吃完再来回购,0.04251413722490094
南城助农馆 南城美农江西米粉米线桂林米粉螺蛳粉干米粉江西特产南昌拌粉炒粉酸辣粉方便速食 4斤装，还可以。,0.8199466878073656
米粉吃起来口感还可以，吃之前要提前泡一下才容易煮熟,0.04709771515938299
米粉收到了  很好！满意！,0.4806857539200774
米粉的配料比，大米，玉米粉多吗？,0.0640315216565378
这米粉第二次买了，好吃，下次有优惠又买,0.4088435222361413
很好吃,0.7135680953960506
产品质量，客服服务态度特别好，很喜欢，好评,0.2582750883267062
很有嚼劲，可以不错,0.8362148039802343
上堂佬贵林米粉收到了。,0.031777127922402504
不错,0.8612132352941176
挺好的，涮锅煮一点,0.5401878217105296
看起来不错哈,0.8883605870964454
挺好的,0.8284246220999102
挺好的，品质不错。,0.9890105889048774
到货太慢了，说9号到11号才到。,0.0026352013384954853
不错,0.8612132352941176
物美价廉，推荐购买！做活动价格很给力，快递员真的很给力，服务态度好直接送货上门，哈哈，超喜欢,0.9482220484969938
不错的。,0.8612132352941176
很不错,0.9200760629671317
好的。,0.6558628208940429
可以,0.5262327818078083
很好！,0.7795229979671993
南城助农馆 南城美农江西米粉米线桂林米粉螺蛳粉干米粉江西特产南昌拌粉炒粉酸辣粉方便速食 2斤装,0.7260262120683328
我个人是挺喜欢吃江西米粉的，所以都回购了几次了,0.6506520675576654
从没想过这么实惠的价格，能买到这么好的宝贝，性价比非常高，我很喜欢哦,0.9994898286436005
喜欢汤汤水水热乎的，不错的选择哦。,0.9159536092198752
东西质量非常好，与卖家描述的完全一致，非常满意,0.8495109676479168
，米粉很好以买了6公斤了食完再买＇,0.31589077629190854
米粉很好己收到谢谢下次再买／,0.08647899117304059
好东西值得和大家一起分享,0.9529787468092376
第二次回购，米粉质量很好，,0.09464842312161703
价格实惠 质量好 非常喜欢,0.9661349681721328
真的很不错的一次购物，非常好的体验。,0.9906389425481513
南昌米粉质量一直不错。,0.29675282238808576
搞活动买的，不到3元一斤,0.01069979160510015
米粉质量还不错，已经回购多次了,0.3003342897756436
包装完好无损，一看就非常干净，非常放心。,0.8272624777906757
包装太简单，卫生不达标,0.15970137515158467
经济实惠 非常喜欢,0.9538839020043204
到货很快，粉有点细,0.9619533597213284
经济实惠 非常可口,0.9652460806718819
价格实惠，商品质量很好,0.9552548767217603
还没吃，期待好效果,0.7716262018394858
好好好吃着很方便。,0.7470571452178019
好吃，家乡的味道,0.8677630339671784
比别的平台贵点,0.40306518103660505
好吃，多次购买了,0.6445941154453145
很好，买了很多次,0.8192157715832498
发货挺快，分量足,0.9402776747475899
超级好，超级好，超级好，超级好！！！！！！！,0.3247358754152603
这种米线质量好，价格也很好。,0.8518351867816187
所见即所得，好,0.6070326781070209
感觉不错的，蛮喜欢的，哈哈哈,0.9946689898585885
还不错，很好吃。,0.9442255410160573
再次回购了，再便宜点就好了,0.47182760796175094
不错，味道可以,0.8080692443231526
耐煮，提前泡泡好点,0.12851158452278288
炒粉还得看我江西的,0.7374420794979706
买了好多次了，不错,0.8469838848186528
快递收到了，包装完整。,0.3292786123843261
很好很不错。,0.9734351471608311
米粉细，容易断,0.2859216448910199
还没吃呢，吃好再买,0.38829100163552244
挺大两包,0.16667641846484904
还不错哦。,0.8830153175079881
蛮好的，很喜欢吃,0.9407756794400671
不错，发货也挺快。,0.9714182946914725
挺软的米粉，可以,0.890142453148024
不错，待品尝,0.9534543885102048
品质不错，炒的好吃,0.9273007675814613
一直买面 换换口味,0.5768781600816888
不错，还会购买,0.9972301397729273
孩子很喜欢,0.9280431223366102
看着还行，吃了再评,0.4735737900651801
东西很不错，份量足,0.9146273524771751
送到哪里去了,0.49478697178464304
非常好京东快递很给力,0.3173022434359343
还不错，物美价廉,0.9614154600300263
美味，爽滑，有韧性,0.8090320031156707
挺好的东西,0.8297434035132413
米线口感挺好吃的,0.8921553546899529
很好，经常买。,0.7672148737552453
很好很满意,0.9339326811530492
快熟，小孩喜欢吃,0.7405294728198547
东西可以。,0.5285524568393094
这个米粉很好,0.4431387634954461
点错了,0.4748649899417645
还不错,0.8830153175079881
买过一次还行,0.6585591899934985
挺好吃的,0.7728354312082216
感觉很好吃,0.7313712492861518
老家的顶一下,0.7667938236881424
挺好的，很实惠。,0.9838168825537603
质量好，价格实惠。,0.9315804974232091
便宜又好吃，爱了,0.8977669099580722
收到了，还没有吃。,0.41437003122067184
多次购买，不错,0.8934012738013287
很好。,0.7795229979671993
很好,0.7795229979671993
口感很好，满意,0.9536615767792804
包装完好，好吃,0.7224999813432929
十分不错,0.8612132352941176
多次购买了，喜欢,0.7586485156671846
好吃，多种吃法,0.5763696526716282
好评,0.44578313253012036
一般般有点硬,0.19800744147752836
好吃，方便,0.573170731707317
很好，,0.7795229979671993
满意的一次购物。,0.8463107097139686
好吃，耐煮,0.4984431627343565
刚收到,0.34918050223956565
挺不错的,0.9401948468541813
米粉不错，,0.5827521405492375
未收到货,0.21267373243579524
棒棒的！,0.9969959729506049
太细了,0.7499999999999999
好，还会选购,0.973801639096731
好,0.6558628208940429
可以的。,0.5262327818078083
价位不错,0.9596582608116927
好吃细腻不错,0.9668494116916422
感觉一般吧,0.5483091787439613
米粉很筋道,0.18261784888969235
一般吧！,0.5262327818078083
非常好,0.6558628208940429
很好，物美价美,0.9810993059656556
可以，还买,0.5574170864961863
量确实不好,0.2788140346439464
挺喜欢，好吃,0.8769746094280096
多快好省！,0.5
好评好评,0.36807720063260896
都挺好吃的,0.8382025014856301
没吃先好评,0.24995472499507365
不错不错,0.9719626363008976
炒粉不错,0.848177245702349
好用,0.6558628208940429
挺好的好评,0.7776030125717774
还没吃,0.39263162736128476
做酸辣粉吃,0.46626288369152447
很好，满意！,0.8839882869597379
包装烂的,0.13424903660973053
还可以,0.5746682977321914
好吃,0.573170731707317
还没有吃呢,0.5672886557487197
还行还可以，挺满意的一次购物体验，物流也特别的给力，客服态度也是挺好的，挺喜欢的，还是很不错的。大家如果喜欢，有需要的话可以进行购买。他们家的质量整体来说还是可以的！,0.999959129108419
还行吧。,0.7194444444444446
回购回购！,0.08134034991432215
不错不错！,0.9719626363008976
行,0.5495207667731629
一般,0.5262327818078083
真挺好。,0.8308503915670961
喜欢吃,0.6930882703832845
可,0.5262327818078083
还行吧,0.7194444444444446
超好,0.6854890045674902
很好吃，,0.7135680953960506
还好,0.6986352350530262
满意,0.7053469852104663
还行，,0.7194444444444446
还行,0.7194444444444446
已到,0.49177877428998495
东西收到了，包装有点儿简陋。,0.07576066874431009
很好吃！多次购买了,0.7708890138094511
很好，很实用，很满意的一次购物体验。。。。。。。,0.9911667169066622
很好一定还买，也会推荐给朋友,0.9074015076101176
超爱米粉的！！！,0.2111983334038372
米粉挺好的,0.5207833262353699
米线挺好,0.8129776659132966
好好好。。。,0.6564403740962381
挺好，是我想要的那种,0.9075469432412805
不错。,0.8612132352941176
还没吃，习惯性好评,0.5704936865572214
很容易煮，还可以,0.5751874498057199
炒着吃，还不错。,0.7886906822386535
看去可以。,0.5747742299701318
2斤一包,0.05068917259319361
味道很好！,0.7057847059038755
