content,sentiment
此用户未填写评价内容,0.09928912174037674
缺斤少两，包装粗糙，中间少了一亇苹果,0.2756849599208354
果不新鲜，且品相美。,0.91688400110911
不是真的奶油苹果。假的,0.8012822726872599
看上去很漂亮，就是不知道有什么黑科技，没有一点苹果味道，咬不动，还又涩又酸没法吃。一个多月了，还很新鲜的样子,0.6118053061687874
以后都不会来京东买东西了,0.38017057558489187
品相就这样，口感没有一丝甜味，京东N年，第一次对商品不满意。,0.9879168840554047
"年前发的,到年后才发,还和第一次买过的不一样,这次明显差多了,不论大小和味道",0.013901305902617955
客观评价，不是正经的奶油富士，吃起来像没嫁接好一样。苹果瓤是白色，完全虚假广告。,0.09579100521086126
小点无所谓，主要是真难吃。大家谨慎购买！！！,0.3377521989253054
像***老树桩子，咬也咬不动，真上当,0.0014436916368649744
理赔二十天了，一直没有反应，几元的理赔，是不是要催促几年呀？制度规定24小时以内，完成理赔。都20天了。,0.06882839807456176
还不如黄元帅好吃呢  还特别小,0.4197342428262949
味道一般，还差了一个,0.11016417226771513
没有图片那么好，感觉被骗了，不要买,0.10228882201452638
不甜，不好吃，发色，谨慎购买，与描述不符,0.2804598612000856
太小，没奶油富士的香气,0.26751941112037125
很失望，坏果有赔付,0.05322339234488016
苹果跟他们介绍的不符，很酸，还不给退货,0.04866341526990903
苹果不是奶牛富士,0.6733197472530005
真差，一点不新鲜，烂,0.013065086804102899
不甜不爽，不好吃,0.2344887833629956
真的很难吃,0.6766119428956467
差评差评，发货速度不快，中通快递货到，不送，压的两天不送，还给在不知情的情况下给签收了，我问客服回答说中通快递不送，要自己到自取，我非常不理解什么时候开始可以不送，叫用户自己上门取？,1.1823286594214721e-07
此商品还可以，但是果子与照片严重不符。包装盒我也不喜欢。反正我是不会再买了,0.010494143872231687
刚收货，才削第一个就这种情况，是好呢？还是不好呢？,0.14417925542255394
被挖了个洞，那走一个苹果。这款苹果不甜也不香。,0.9595740247865515
苹果有点萎，不脆，一般般,0.614565230269514
泡沫包装还好，苹果十个，脆的，甜度一般,0.9149811744027962
酸，酸，酸，吃了，都说，酸。,0.8783950863155698
不脆   比较面   适合牙口不好的人吃,0.3087023417121014
苹果有点涩口，甜度还可以。,0.6925484527115675
苹果有些酸，且到货有些已经微脱水了，表面皱了,0.6908470949181139
质量不怎么样，有些果不太好,0.2155465278329327
就是黄冠苹果，换个高大上名称而已。,0.7936518408024814
一共八个连盒4.6斤没有烂的，就是都很蔫巴皮。味道还可以，大家参考吧。包装破损是必须的，外包装保温箱拿胶带缠的还不破啊。,0.0006379684227797444
不好吃，没有水分,0.3893404342252115
买的是5斤苹果，味道不错，但是只有2200克，这么贵的苹果，重量不够。。。,0.9158279276631449
整箱承重，份量不足5斤，不实在，缺斤少两,0.006708292451375941
不好吃，不好吃,0.31106533613021226
第一次买很好，这第二次没第一次新鲜。有点坏商家及时赔付了。,0.01038238724922913
太难吃了，有一股塑料味,0.009058203171458334
根本没收到货,0.03925372630305379
苹果不脆，有点涩，有点哏。,0.44027967363006904
香气不正常，闻着像喷了香水一样,0.02223428274866568
一般，不是太好吃,0.3151452756561147
个头合适，买的小果没想到是真小，口感硬！硬！硬！,0.13778533487243771
不甜不酸，老人说一点不好吃,0.7881346226562915
缺斤短两,0.5
还行吧，虽然个别看相不是很好，但口感还不错，可以接受，比较脆甜，第一次买这种苹果，不过跟百果园的黄金维纳斯还是有点差距的，这个价格也还好了。,0.997960646302458
配送比较快包装完好无损。九粒苹果小些的四两多，大点的六两。总体上分量足。苹果水分大香甜。很像小时候吃的黄香蕉苹果。很不错的健康水果。,0.9999818492598462
还好吧，价格合适的话，应该可以吧。还好吧，价格合适的话，应该可以吧。还好吧，价格合适的话，应该可以吧。还好吧，价格合适的话，应该可以吧。,0.9996446476025186
收到货后试吃了一下，很不错，不是脆苹果，绵绵的适合老人和牙口不好的人群享用。质量很好，值得拥有！五星好评！物流是真慢第三方的是真不如京东自营的快递啊！,0.8123204751909165
这次是回购，因为好吃。苹果的口感脆甜多汁，越放越好吃。卖家发货飞快，包装也好。苹果有大有小，个头不均匀，但是味道非常好吃！,0.9963664884338876
苹果品相好，个头儿大而均匀，外表干净。包装细致，防摔放擦碰，很少有磕碰划痕。汁水足且甜，不酸不涩，果肉软硬适中，有淡淡的黄香蕉苹果香气。卖家发货迅速，快递高效，总体性价比很高。以后还会购买。,0.9999997581591701
速度一如既往的快，收到包装完好无损！，黄金奶油苹果好像是一个新品种，以前没有吃过，今年见到后买过一次挺好吃的，汁水大挺甜的，有些脆，好吃这次专门买的山东的，除了压伤多了点，其他还不错哦！,0.9999995156790819
赶上做活动的时候买的，这个价格一分钱一分货️，从外观看很美，材质做工都不错，感觉买值了，还有物流超级快，点赞！货收到后就拆开用了，质量很好，东西和官网买的没区别！,0.998736637267842
果肉细腻饱满，肉质脆甜汁多。大人小孩都爱吃，买了好多次了，还会继续回购，非常喜欢包装好，不易压坏。京东商城购物方便快捷，质量有保证，物流也很快赞推荐,0.9997772480392869
苹果香甜可口，水分多，脆甜多汁，第二次买的没有第一次大，味道更甜点，总体来说还不错，喜欢吃苹果，每天一个，从天水到奶油富士到洛川苹果都喜欢,0.9999967185035159
到手有8个苹果，每个都很大一只，水分确实很足，也是停清甜的，没有发现坏果，挺好的。不过吃过一只水分很足可是没有味道的。希望品质都能一样。,0.9997773181463868
发货及时，物流给力，苹果脆甜多汁，好吃不贵。,0.9544276340018397
嗯，买了好几次了，确实很好吃，这一款水果水分多，而且甜，比那个红富士要好吃，我们全家都特别喜欢，现在我都不在，嗯市场买都是在这里买，全五星好评。,0.9505463067010741
苹果脆甜多汁，皮薄肉多，之前一直吃的花牛，最近买的感觉过季了不好吃，赶紧换成这款奶油富士苹果，苹果又大又脆，想吃的不要犹豫了，这个超级棒,0.9999735572131515
苹果脆甜 第一次买黄色的 不错,0.9247364245729145
苹果新鲜个头大，有香味儿，口感甜脆，总体不错。,0.9998246678770792
已经收到快吃完了，看着价格挺合适的就下单买了一份，吃着口感就那样了，没有想象中的好吃，个头不是很大，比较均匀，图片上大的那个是外面买的，包装完好无损。,0.9934340152276836
第一次在你家买的苹果个头比较大，果的颜色也比较深黄一点，吃完个人感觉蛮粉的，也比较清香，这次再买，果的个头比较小，颜色也偏青黄一点，吃起来比较硬，有点涩，感觉没熟,0.35709669758630547
此用户未填写评价内容,0.09928912174037674
宝贝品质不错食品新鲜个个大小均称口感好，京东商城网活动价购买比超市实惠，以后继续关注，为本次京东商城网愉快的购物点个赞！,0.9999977606852896
苹果很好吃，果形圆润饱满，没有歪瓜裂枣，没有坏果。口味清甜，香气清幽，买来之后就一咔咔一顿炫，没两天就吃完了，还会复购的产品,0.9999928234186526
奶油苹果好吃爽口脆甜，泡沫箱装苹果质量好好都不会有碰伤,0.995384711433301
这个黄苹果虽然没有维纳斯黄金苹果甜但还是可以的，也酸甜可口，脆甜，个头也大，份量没问题，水份也很足，总的来说满意。价格适中。,0.9996582246204225
在朋友家里面吃过一次，有苹果的清香味，还很甜，还有些脆，感觉很好吃，在京东搜索了一下，选了这家的，苹果的外包装很好，一共7个，个头蛮大的。,0.9998456929117593
这款苹果收到货有点失望，太小了一入5公分多点，有的果还是绿的，刚收到货，还没吃不知味道怎么样。购买前干呗购买后都有跟客服联系，客服态度很好／只是对果子这么小有点失望。还买了两人箱。物流很慢，疫情期间可以理解。,2.4021808220364704e-06
第一次买的时候觉得口感不错，水分足，有点小清香，基本没什么酸味。唯一的不足就是包装都快碎了，苹果都快掉出来了。好在果子不错，又买了第二次，神奇不神奇，竟然发现第二单的快递包裹在泡沫保温箱的外面还有塑封！为什么第一箱没有塑封，并且箱子都快破碎掉了&hellip;&hellip;包装也是随机的么？,0.0001091495283725985
苹果收到了，发货快，送货也快，比预估的提前两天到，打开箱有一股浓浓的苹果香，洗干净尝试一下，还是蛮香甜可口的，大人小孩都喜爱吃。,0.9977631516925243
东西到了。吃了一个有点酸。建议新买的时候先不要吃，让它放十多天。然后就很好吃了。可以值得大家尝试一下。,0.8230575911666058
苹果肉质细腻、果香浓郁，果子汁多，甜甜的略有点酸，好吃京东商城购物方便快捷，质量有保证。物流也很快赞推荐,0.9999394258668808
这件果子肉质细腻，果香味很浓，而且很新鲜，脆甜多汁，比较其他的红苹果好吃很多。家里连接入手，保障全家人每人每天一个享用。,0.9999967337237246
黄富士大苹果收到了  很好吃的  特别的香甜  皮薄核小都是肉  份量也很足  包装特别好  没有坏的果子  物流也很快  给赞,0.999705564886474
好吃嘞，脆甜脆甜的，特别好吃，就是开箱少了两个，不知道是不是果子大，重量够了机，数量就少了，总之满意,0.568080781609398
奶油黄金苹果收到。外包装完好无损。内包装苹果大小均匀，无烂果。口感好的话，会再来买的。,0.997482823275103
7个果，苹果很大，到手30.5元。，脆甜多汁 吃着可以，就是个头太大了，一个吃完都快饱了，能选尺寸就好了。,0.9400929526033238
黄金奶油苹果收到了，口感非常好，又脆又甜水份又足，味道也特别正， 苹果包装很好，到货没有破损，里面泡沫袋加泡沫箱，物流很快，吃完后再来回购。,0.9645790306798383
苹果非常好吃，香甜，喜欢这种淡淡香蕉味儿的苹果，包装也好，个儿大水分足，没有坏果。价格也便宜，超市一斤都八元左右，吃完再买。,0.9998467504057895
果子挺大个的，香味浓郁，酸甜适中，挺好吃的，物流很快服务态度很好，商家服务挺好滴，值得推荐购买，价格也是可以的，不算贵，质量很好,0.9999657388472734
第一次买这家的苹果，很好吃，脆甜多汁，甜度刚刚好，老人孩子都很喜欢吃,0.9993007953895142
这款苹果挺不错的，个大，新鲜，没有碰伤，脆脆甜甜的,0.9994727053299157
包装完好，是经过冷藏的，还挺凉的，苹果个大，口感不错，是朋友推荐给我的，我分享给朋友了，吃完再来购买,0.9994927685962617
苹果好吃，酸酸甜甜的还挺脆。,0.9521723914203241
苹果让人垂涎万分，忍不住&ldquo;咔嚓&rdquo;咬一口，香甜的汁水进入口腔顺着喉咙，直入肺腑，清新的果香瞬间从口腔袭上鼻腔，整个人都沾染上了苹果的香气，沁人心脾有那么一瞬只觉得人间值得。，吃过苹果的朋友都说：&ldquo;这就是小时候吃的苹果味道&rdquo;，恰到好处的酸甜比例，吃完嘴里还留有一丝的微甜。,0.999999999309491
这款苹果真的很好吃，脆脆甜甜的，水分还多，多次购买了,0.9996484148859915
苹果收到个都很大，味道很甜，没有坏果 ，一股奶油味，家里大人，小孩都喜欢吃，是喜欢的味道。强烈推荐可以购买，真正的黄金牛油富士。,0.9983509472392037
原产地发货，正宗新鲜，速度可以解释，包装结实，没有坏果，苹果尺寸跟描述一致，买给老妈老爸吃的苹果，京东一路既往给力。,0.9228989908559272
商品质量非常好，与描述完全一致，性价比很高。,0.9879507056776888
个头匀称，也没有瑕疵，口感还行吧，觉得水分不是很足的，不过比其它的苹果还是好吃，,0.9967813693427456
这质量真是太意外了，实物美美哒，触感很好，很推荐哦~宝贝收到，物流很快，描述相符，比较满意，好评，推荐物超所值，非常满意，期间有点小插曲，店家细致周到的服务让人很感动，祝生意兴隆，还会再来,0.9999999999544396
黄金奶油富士苹果收到了，一个个都很大，也很黄，看上去很新鲜的样子，味道也不错，价格也比较便宜的，还有比较满意的。好！,0.9997979838364666
岽山山东  烟台栖霞 黄金奶油 富士苹果 新鲜水果 奶油苹果 白苹果 每个苹果很新鲜 苹果水分很大 口感很清脆 很好吃。,0.9999999827215124
还不错，赶在我出门前送到了，苹果看着挺好的，均匀大小，明天品尝后再来评价，希望能和我最早吃的黄金富士苹果差不多,0.9992168797441818
已经连续买了好几次了，味道真不错，酸酸爽爽催催，很符合我的口味，同事们都说好吃。包装很好，保护到位。物流也很迅速，总之是满意的购物。,0.9992783239521156
店家的苹果酸甜脆，如吃到爆棚，第一次吃这种苹果，太好吃了，问大家推荐，希望每天都能吃到这么可口的苹果，在感谢种果人和店家，这是一次非常好的购物体验！,0.9969118366768988
期待的哦烟台苹果收到啦，确实口感好，淡淡的奶香味，淡淡的甜度，淡淡的酸度，融合在一起。下次还会复购的。客服态度很好，耐心的解答物流问题。这个物流留的是虚拟号，所以驿站没法通知道客户。,0.9999974856276648
黄金奶油苹果好像是一个新品种，以前没有吃过，今年见到后买过一次挺好吃的，汁水大挺甜的，有些脆，好吃这次专门买的山东的，个子大，一箱有九个每一个有半斤重，不错哦！,0.9995774136979929
店家发货速度很快，快递小哥送货也及时给力。，苹果很新鲜，个头大小均匀，口感酸甜多汁，香味十足。没有坏果，赶上活动，价钱划算。,0.9999734660416341
质量非常好，口感甜脆，满意！！！！！！！！！！！,0.8894633488215428
一次很好的购物体验，服务周到，物流快速，配送也很周到，态度也很好，物有所值啊，果断好评！一直都很喜欢吃这种奶油富士，这个果子大小正合适，看着很新鲜！物流很快！,0.999999997839111
9个苹果，很不错，唯一美中不足的就是有两个有磕碰。,0.9834656491507231
很还吃的苹果，酸甜口，老少皆宜，值得购买值得推荐,0.9931320107528725
这个黄金奶油苹果买过几次好了，口感非常不错，脆甜水份足，还有点青梅的清香味。 苹果包装挺好的，泡沫袋加泡沫箱，物流也正常 一般三天时能收到，吃完后再回购。,0.9996669112579663
苹果脆甜，口感好，大小均匀，一开箱就是一股苹果香,0.99769812842177
质量非常好，口感甜脆，满意！！！！！！！,0.616763473224029
这个黄金奶油苹果买过几次好了，口感非常不错，脆甜水份足，还有点青梅的清香味。，苹果包装挺好的，泡沫袋加泡沫箱，物流也正常 一般三天时能收到，吃完后再回购。,0.9986448105588747
奶油苹果收到，包装很好，物流也很快，苹果大小均匀，没有坏果，品相不错，性价比高，经济实惠，质优价廉，以后还会再来，五星好评,0.9999999646720471
今天收到的苹果是大果，正好满盒9个。，这款奶油富士买过很多次了，有时候苹果比较硬脆，有时候软面一点，我不确定是不是家里放久了会软一些。总的来说苹果不错。,0.9972076459942324
非常好吃，又大，又甜，又脆，很棒。,0.8770041629165298
喜欢吃，它的又脆又甜，而且个又大。,0.6754388025130121
苹果发货很快两三天就收到了，第一次买这种苹果，苹果不酸，比较脆，甜度合适，汁水丰富，家里常年爱吃苹果，对口味比较满意，可以推荐，可以回购。,0.9999839464159054
苹果包装很好，蛋格状的泡沫箱，不容易碰伤摔烂，收到完好，苹果皮色是很淡很淡的黄颜色，不像小时候吃的那种黄焦那么漂亮，口感总体一般，水分很足、很脆，但就是不怎么甜，还略有点酸。,0.9905271403843473
味道不错，很好吃，发货时间好长哦。,0.9509200374310496
这次的苹果第二回购的，包装还是一如既往的好，苹果没有损伤。不知道是不是因为天气的原因  ，苹果吃起来有些绵了， 没有那么脆爽了  ，适合牙口不太好的人吃,0.996764159031166
梨子果大，香甜可口，新鲜脆爽，润喉润肺，大人、小孩都喜欢吃，梨子、苹果煲鸡汤，更是甘甜香润，梨子煲冰糖更是润肺止咳。价廉物美，下次还会光顾。,0.9999711723908709
第一次吃这种奶油富士苹果，口感可以说是相当惊艳了，但是感觉还可以更好一点，因为看品相稍微有点小，长得不够饱满，咬开里面也没有图片颜色看着诱人。,0.9990145742923511
发货超级快，到货超级快，包装很精致，真的是开启了新世界的大门&hellip;&hellip;凑单买的，没想到质量跟专卖店一样，特别特别喜欢，而且价格优惠赶上做活动的时候买的，这个价格一分钱一分货️，从外观看很美，材质做工都不错，感觉买值了，还有物流超级快，点赞！价格实惠，质量杠杠的，非常好的一次购物，下次还来,0.9999999996760345
包装完好，苹果口感是脆甜的，可能得放久点才能软绵吧，发货快物流也快，苹果个头大小均匀，也还可以，老人吃不了，小孩还喜欢吃，可以,0.9994826433395552
实不相瞒，没有想象中的好吃，虽然说说不出什么感觉，但是觉得没惊喜，也许不是要记忆中的味道吧？十几个，快一个月，到现在还没吃完。。。,0.7386116855013644
第三次购买，苹果个头大是自然成熟的甜度高很好吃,0.8610867526361521
虽然受疫情影响到货时间有点长，但物流信息清晰。昨天晚上9点多钟，快递小哥顶风冒雪送货到家，真心感动！关键竟然是顺丰快递，包装完好，东北零下二十几度的天气，苹果没有冻伤依然新鲜，赞,0.3551082028282291
京东自营购物放心，送货很快。 经济、廉价、质量非常好，和卖方说明的完全一样。 我非常满意。 购物比实体店便宜多了。 我对网上购物非常满意。,0.9928352717044016
这款黄金奶油苹果一箱共12个，个头不大，整体比较新鲜，包装也不错，只有二个稍稍有点挤伤。收到后马上尝鲜了，不错，水份充足还脆甜。,0.9980147409841797
第一次的回购了，不是因为好吃，只因很多人没有吃过，都送礼了。越来越多小，越来越酸。还是京东的品质吗？冲量冲成这样。我也是服了。,0.5862697766451008
第二次的回购了，不是因为好吃，只因很多人没有吃过，都送礼了。越来越多小，越来越酸。还是京东的品质吗？冲量冲成这样。我也是服了。,0.4531518781625984
苹果很好，发货速度快！好卖家！,0.9889316983223615
每个平果大小均云很好吃,0.8974078265733283
第-次购买，~刷到不少，介绍很好。不要不要的。不是因为好吃，只因很多人没有吃过，尝尝新鲜。感觉还是较好。是不错的体验。,0.9865995953845006
这个苹果孩子比较喜欢吃，以前不喜欢吃苹果的但是这个奶油苹果孩子喜欢吃，这是第二次购买这种苹果,0.9999780337596896
包装好，物流快，价格实惠，比超市便宜多了，水分充足哦，值得购买,0.9991226878175694
苹果收到了，很好吃，甜水份挺多了，价格便宜实惠，值得购买哦，,0.99581418685732
个不太大，味道还可以。,0.18924263389648
水分充足，好吃，物流也很快哦，价格便宜实惠，可以购买哦！！！,0.9854490287340534
包装好物流快，果子个头均匀，大小也合适，口感酸甜，脆脆的，水分也足，酸度小，甜度偏大，老少皆宜，价格实惠，好评哦，有需要再来！,0.9997936769296442
苹果收到了，没有损伤。这个价格还是挺不错的，关键是味道很好，脆甜多汁。苹果很新鲜，闻着很香。全家人都爱吃，每天吃一个，还会回购的。,0.9999834242086175
苹果很好吃，爽脆、清甜，还有点酸酸的味道，口感很好，买了两次，很值得品尝。，发货也很快，都是在春节前及时收到的，很值得购买。,0.9999993310859372
苹果很好吃，脆甜可口，全国的苹果，山东富士，洛川的果，阿克苏的果，还是非常到位和有特色的，这几个一直在购买，喜欢，物流有点慢，！你！,0.9956053023383292
苹果已收到没有烂果，京东品质保证。,0.5581338016746549
京东品质保证，一直信赖的购物平台。,0.9966814248279832
苹果还是挺好吃的，买过3次一次比一次小，份量缺100克，包装完整，没有破损。33元买过，7元多一斤，还是比较贵的。快递很快就收到了,0.08220702196325114
口感脆甜，新鲜多汁，个头也挺大的，就是吃起来有种不喜欢的味道，应该是品种的问题,0.9954530189920048
质量没得说，跟专卖店一样，特别特别喜欢，而且价格优惠材质结实，手感好，很得劲，物流也快，性价比很高，值得购买宝贝收到了，太惊喜了，质量非常好，性价比很高，真是出乎我的意料！,0.9999999948493912
物流快 包装精致 无坏果 酸甜可口 性价比可,0.9988361624516148
商家发货速度很快，下单后很快就收到了。外包装很好，收到时一个坏果也没有。苹果个头不是很大，口感相对还不错，脆度，汁水也还可以，甜度稍差一点，这个价格总体来说还不错,0.993601909204744
物流速度很给力，过年没有回去，没有办法给老人家买米面粮油，用京东很安心。送到家门口，给老人家省心省事了很开心的购物。值得信赖。,0.9978238435735441
好大个的苹果，这种苹果好吃，价格合适，而且还可以用京豆换，吃完再回购的。,0.9751703139319462
回购的，快递速度可以，苹果个大质量优，不过没有那么多的水分感觉，总之还不错，脆甜可口，好评吧！快递速度可以，苹果个大质量优，不过没有那么多的水分感觉，总之还不错，脆甜可口,0.9999998179891672
很好吃，味道很不错，发货速度也很快，价格很优惠，拿回来以后就吃了一个，很香很脆，有点酥，个人感觉比红苹果好吃，下次买点大果回来尝尝。,0.9998297457349837
价格合理 口感不错  水分足  甜   这已经是第二次买了  还会回购,0.9428376677196086
同一家买苹果已经第四次了，然后有瑕疵联系了客服，然后就没有然后了&hellip;&hellip;,0.06436752785933597
苹果很好吃，以后还是会回购的。,0.9057318288101526
首先说包装，泡沫箱包装的，寄过来一个都没有坏，外表完好。再说味道，有点果酸味，吃起来酸酸甜甜的，口感很不错。最后说价钱，对比重量和质量，算得上物美价廉,0.9212705218358642
口感好可惜，不知道运输问题还是原本质量问题有坏果,0.4548530551115383
苹果收到了  又大又圆  洗洗吃了一个脆甜可口，都好久没吃过这么好吃的苹果了  再以后就不会再买那种酸溜溜的苹果了，感谢商家发货速度，感谢物流的认真负责  一点没有破损，吃完接着回购！,0.23022040054688997
个头挺大的，物流也很快没有坏果的！,0.8961072111814203
奶油苹果收到了，真的很好，脆脆甜甜的，无愧这个名字，黄金苹果。,0.9999583275781424
个头大，水分足，口感很满意。,0.943415164018022
苹果味道还不错，就是有个别味道不咋滴,0.8411984526205397
快递速度也是比较快的，从山东寄过来两天多就到了，然后这个味道确实是不错，我还第一次买这个颜色的苹果。酸酸甜甜脆脆，给朋友吃了，朋友说再来两个。,0.9670017753024706
好吃。基本上每次都会买20斤放着吃。大人小孩都喜欢,0.604365301482013
太棒了，哈哈，太好吃了，哈哈，哈哈,0.8767996509141375
苹果味道还不错，就是个别不咋滴,0.8864581739681516
苹果有些卖相不好，但很好吃，很甜，水份也足,0.8695308717319891
黄苹果到了，疫情期间的物流算是很给力了。也算是一种囤货吧。感觉应该是一箱12个，不过有一箱只有11个。不知道是什么原因。味道不错。,0.09654708547175939
京东商城购物的体验非常好，京东物流也很快，基本都是第二天到达，商品质量有保障，我和我的家人都喜欢在京东商城上购物。希望京东一直保持下去，可以给我们带来更好更专业的购物体验。,0.999835623594707
自己买了一次，脆甜又略带酸味，很喜欢的味道，同事们都说好吃，他们自己又买了，他们的家人吃了也说好吃，又不是很贵，大家都很开心。,0.9683857862949595
这个苹果好吃 很香 又脆甜 脆脆的口感 真的好好吃 我觉得比红苹果好吃一点 吃完再回购啦 推荐给我的朋友同事们 让她们也尝尝,0.999676700773835
口感特别好，水还特别多！超棒！,0.9781751941696853
脆甜脆甜，长的也均匀。。。。。。。。。。。,0.9671214524977236
过年前的，果大个，口感也可以，一下买了两箱。,0.7670138572524602
疫情下发货算快，一箱9个，没有坏果，果有大有小，爽脆甜带一丝果酸，不错。比其他店价格便宜，而且包装很好，没有损坏。己再回购。,0.9229241318226656
买了四箱，特别好吃，水分足，脆甜，好吃,0.9582453833314082
口感不错，汁水丰富甜度高！品相也可以果子大,0.9916179668901118
包装完好，苹果汁多味香，适合老人，孩子吃非常棒。,0.9995715265080319
汁水充足好甜好脆幸福的味道,0.9900931353229065
苹果比较大，看着很不错。开箱削皮吃了一个，有奇怪的味道，不知道是不是包装久了，隔一天又削皮吃了一个，有坏果，削皮时看着都正常，其他还没吃,0.8003732289366745
最爱的苹果，果汁丰富，苹果果味浓郁,0.9941484303248371
第一次体验奶油苹果，味道还不错,0.9975917532289168
发了8个苹果包装较好，泡沫装的，苹果也甜,0.8115301620432451
个头挺大，份量还比较足称，颜色有的比较黄，有的如图比较浅，吃起来都是比较甜的，水分也足，比一般红富士更好吃，还是挺不错的。,0.9982634637394255
黄金奶油富士苹果非常好，香蕉味的，吃起来棉香可口，吃一口还想吃一口，实在让人回味无穷。包装好，而且没有坏的，是一次非常满意的网购。,0.9852541777097502
非常喜欢的苹果，气味芬芳，又脆又甜，非常好吃的黄金奶油苹果。这时候买的非常新鲜。五斤买少了。过几天吃没会再接着买。非常满意。,0.903742157771256
味道还是可以的，比较甜，也很脆，水分也多，这个值得表扬，小面开始说问题了，第一个头不均匀，有大有小，第二小的还是比较多。,0.9278214484458016
苹果很脆，挺甜的，还会回购的。,0.962826257550707
总的来说还行吧，划到两块钱一个苹果，看着还是可以的，包装没有损坏，都挺好的，就是个头不一样，有大的有小的，而且小的占有7成。,0.09383169335211927
烂果今天收到扔了老公没舍得,0.038068237966564
酸甜可口，有点淡淡的青香，第二次购买了,0.9934944126363988
一箱11个，个儿虽不大，但苹果脆甜可口，水分充足，口感细腻香甜，好吃。特别感谢售后服务，因为运输原因，收到时有两个被压坏了，及时给于补偿了，好评哈！,0.8668489679620067
苹果收到了，真的出乎意料的好。用泡沫箱装的很仔细，个头很大，黄澄澄的，一口咬下去汁水丰富，非常甜。以后就买这家了,0.913879599879176
不错孩子喜欢就好了。。。。不错孩子喜欢就好了。。。。不错孩子喜欢就好了。。。。不错孩子喜欢就好了。。。。,0.9999992540221125
又大又甜的奶油富士苹果，特别新鲜，放了几天面甜有香味，特别好,0.9989617520992613
灵灵灵！甜又脆好好吃！水份足！,0.28564344323583424
好吃，没有烂果，继续购了一箱，希望跟这箱一样,0.080724004766204
卖相不错的苹果，还没有尝呢不知道口感和味道如何,0.9841674052291952
送货快，包装结实专业，很新鲜的果子，个头均匀脆甜，汁水足成熟度高，带有黄苹果的特有香气，小时候的味道很喜欢，全家都能共享的水果。,0.9999826784142315
苹果太小了，35元，共4.5斤，7.7元每斤，太小了，不值，好贵呀，慎拍,0.000754538108770797
很好，个头均匀，新鲜，保装严。甜脆。会回购。,0.6250576874120892
这黄苹果不错，挺好吃的。和之前的品质虽然不一样，还是很赞的，个头不大，味道还不错的，没啥坏的，这点也是很满意的，现在都京东买东西。,0.9982221039912204
已经用过一段时间了，效果不错，客服服务有耐心，解答详细，赞一个真的很喜欢，完全超出期望值，发货速度非常快，包装非常仔细、严实，运送速度很快，很满意的一次购物真的很喜欢，完全超出期望值，发货速度非常快，包装非常仔细、严实，运送速度很快，很满意的一次购物,0.9999999991253548
买过很多次的店 苹果水分多汁 也很脆 分量足 物流速度也很快 和卖家描述相符 很满意 包装仔细严实 没有坏果 满意的一次购物,0.9994916840571301
东西很喜欢，质量也很好的，这个价格能买到是真的很划算,0.9751327065311286
苹果果子大小还不错，口感也相当不错，很喜欢吃,0.9993696887515636
山东烟台栖霞奶油苹果好吃,0.9969652347373273
真的是黄金苹果哦，颜色黄灿灿的，水分也很足，甜度比普通的红苹果甜很多，家里人都爱吃,0.9998454277482001
去年特别爱买这个奶油富士，那是今年买了感觉并没有很惊喜，水分没有那么足了，味道倒是还差不多。什么苹果都吃，换着来吧，随便买。,0.9852907202235617
质量不错，一共八个，都是好的。尝了尝，挺好吃，脆甜。,0.9934427389282575
一箱总共十一个，大小均匀。因为疫情在市集散地待了一个多星期，收到货居然还很新鲜呢，吃起来口感脆甜，水份很足，很不错吃完接着买！,0.9920128984698346
苹果不错，个头比较大，口感甜脆，这才是山东苹果的感觉。一箱共有12个，个头还算匀称，给好评。希望一直保证品质，我也会持续关注。,0.9989807016998146
还没吃！物流还可以，看着果儿的样子还可以吧！不过比我朋友发过来的品相差很多，不知道吃起来口感会差多少，但愿还可以吧！价格还算公道,0.4996756777872339
苹果很好吃，水多不硬，在外面很少能买到这样的苹果，大人和小孩子非常爱吃，经常购买，,0.9809680597117086
个头均匀，口感脆甜，店家细心做了防冻包装，值得购买,0.9997569435804378
烟台黄富士个头均匀香甜可口还会回购的,0.9853005279087288
奶油苹果很好吃，希望以后有优惠活动,0.9972116358099851
这么远运过来质量还是很好，8个大果，物美价廉。,0.9267544786726744
收到货有碰伤，客服处理很及时.口感非常好，脆甜水分足，孩子很喜欢，已回购,0.587488551602452
脆甜，，，，，，，好吃,0.9074006479026067
个头大，汁水饱满，酸甜刚好,0.797243581523779
不是很甜，很脆，新鲜，就是有些小贵，不到5斤，还是不错的,0.5761132577619303
质量非常好，与卖家描述的完全一致，非常满意，真的很喜欢，棱全超出期望值，发货速度非常快，包装非常仔细、严实，物流公司服务态度很好，运送速度很快，很满意的一次购物店家很讲信誉，而且很不错哦，在这家店买东东，我很满意。,0.9999940814826456
真的很好 8个，大小均匀。,0.9607849576289388
苹果很甜，多汁可口。分量很足，包装精美。物流很快。强烈推荐大家购买。,0.9999860486015136
收到货比较新鲜，水分很足，个头很大，酸甜适中，个人觉得还行,0.9943391564207379
果甜多汁，又不太硬，超级喜欢，又买了一箱寄给孩子。,0.2878504502743209
苹果吃完了才来评价，是哪种脆甜口感的，收到货都是好的，大人孩子都喜欢吃，会回购,0.9822710745760108
g个头大 很新鲜 脆甜可口 发货速度很快,0.9992666379014735
酸酸甜甜，脆口汁爽。,0.9940167366102863
果大，水分很足，酸酸甜甜，是我喜欢的苹果,0.9980555800309584
个头大小均匀，口感清脆甘甜，包装用心，没有磕碰，还会回购,0.986046999028578
太棒了，很喜欢哈，好东西，太棒了，哈哈哈哈,0.9996617874410173
很感谢快递小哥一路辛苦护送到达燎原医院，今天天气又冷，真心说声谢谢,0.5776771726410204
超级好吃，连挑剔的家人也点赞，已回购,0.8725758454088368
宝贝收到了，给同事买的，她收到就尝了一个说好吃，又想下单多买些，想要买的亲们可以下单了。,0.34515445547459955
很好吃，大小适中，商家有优惠，我觉得比富士苹果好吃。吃完了，没拍照,0.8998999406745845
苹果比较脆，酸甜的，包装很好，只有一个撞伤的，大小也比较均匀。忘记拍照了，已经吃完了,0.9998868414519863
苹果很好，非常满意，谢谢店长，实实再再苹果很大很好吃,0.9903374767399619
苹果很香很新鲜，没有破损，口感很好,0.972825266542244
太好吃了！刚刚又买相,0.7582629461522804
物美价廉服务态度好，水果味道好，果断的又下了一单,0.7229973791180654
黄元帅苹果特别好吃，足斤足两，很大个，很新鲜，物流很快。,0.9384925139512449
新鲜 蛮甜的 担心网购的不好  很惊喜,0.9771984038643037
物流快，很甜，没有坏果，值得购买，会再次购买,0.9866522133439958
非常好的一次购物体验。个头够大，还会再没沟买。,0.754228629310696
苹果好吃，味道好，个头大，就是价格小贵,0.8022578475827258
苹果的香味浓郁，口感脆甜，个头均匀，包装完好，成功的一次购物,0.9999294102385751
宝贝收到了，给朋友吃了一个，朋友说脆甜好吃，她也要去买，想要的亲们可以下单了。,0.825776464819045
个头比较大，水分充足，有几个撞伤的客服也补偿了。第二次买了,0.5182396941818882
苹果很好吃 很大 也甜,0.9819449327653345
苹果很好吃，入口微酸甘甜，有黄元帅苹果特有的香气。买了还想买。,0.9945174186590414
快递给力挺快到了。包装完好无损！打开真棒奶油苹果新鲜个大！物美价廉，吃完再买。,0.9889311112416627
模样不太好看，味道真不错，是在网购水果中最实在的，回购,0.3316407696185226
苹果质量很好，很甜，水份足，分量也足，特意像亲朋好友推荐。快递快达。,0.9951354962684957
5斤8个，还是挺大的，包装防护也很到位，味道有股淡淡的奶香，挺好吃的，不脆，，(刚收到时候有点冰&hellip;预期中&hellip;),0.9999346507126926
分量足  皮毛也不错  泡沫箱包装  防磕碰   还没吃口感不清楚,0.23370875862542073
味道还是挺好的，大小不一，一共八个，三个六两左右的，五个四两左右的，水分挺足，酸甜口感，孩子爱吃，感觉稍微贵了点，应该是不太够称，五斤34块又买了自营的，一份便宜四块钱吧,0.01098303760356456
很不错，熟悉的味道，个大又甜,0.9847979534782041
商家发货速度太慢象蜗牛，经过17天终于收到货了，以后不会考虑购买。,0.010334362118450735
包装很好，没有味道！很棒，颜色很鲜艳，好吃的很，大小也刚好，到货就迫不及待用上了，都很赞，生动形象，卖家发货快，客服态度赞，包装很好，快递很快，总体来说很满意。,0.9999994620521778
部分苹果很大，但不管均匀，口味尚佳,0.9942192092949127
苹果很香甜清脆可口！,0.9949275427201253
非常好，个头很大，黄皮，口感很脆，汁多。,0.913726550556536
苹果脆甜还有果香味，个头中等，没有坏果，好评,0.99638900013206
个头好大，好苹果，继续回购&hellip;&hellip;,0.646196565961299
苹果不错，运送速度快，很不错的一次购物体验,0.9997391441230251
苹果确实不错错，没有坏果。牛奶西霞苹果也是第一次买。包装完好,0.9916403158740489
去年开始买此款苹果，每批货的质量基本一致，脆、甜、水分均不错。,0.9483503173707701
回购的，喜欢这个味道&hellip;&hellip;,0.5613832886591237
苹果新鲜，个大，脆甜，就是快递小哥直接把快递放快递柜了，这北京的天气，幸好我在家取了快递,0.018609999022705215
春节期间物流还是一如既往的给力,0.719990700911469
苹果很新鲜。味道也不错。,0.9584413930198198
口感不错，商品基本匀称,0.9767972783950309
物流很快，苹果很甜，性价比很高，会回购,0.9991777553063003
苹果很好吃，个头也还可以，非常好。,0.9389346805482732
很好，个很大，一共七个，会回购，水汽大，酸酸甜甜,0.9383023015486994
回购的，口感非常好&hellip;&hellip;,0.806658272140208
苹果很大，酸甜酸甜的口味，喜欢吃的可以入,0.9431676206236683
品质非常好，下次还会再次购买的。,0.9965820605314812
收到苹果，包装非常棒，送货很快，最重要的是苹果太好吃了！,0.9978501607705355
非常好的购物体验，一大箱子，隔天到，真正的次日达！,0.7647783372850382
第一次订购，开箱后有很浓很苹果香味道。发货快！,0.7276711707793995
爽甜可口，水份充足，果实大品相好。,0.9969851572430639
挺好的！比较喜欢比较好吃？香甜脆！,0.9951405154782077
多次复购，果大，甜脆多汁，非常满意，还会复购。,0.8141149794730457
这个非常好吃，又大又甜又爽口，商家犮货快，给个赞,0.9870038581215018
苹果个头不大，但口感好！酸甜的，给好评！,0.7954515764907013
苹果好吃，就是份量不足,0.6743007558412017
这苹果秋天买过一次，吃着有点酸甜，口感不错，这次又买了。,0.9779488058591438
苹果绵软香甜、大人孩子都适合吃,0.9950422342123443
非常好，下次还会再次购买的。,0.9886867147793241
非常满意这边的购物，很好吃,0.9386756402304215
怎么说呢，有点酸，以为会很甜,0.8777076395485964
质量很好，苹果挺甜的东西,0.9854159683700706
发货速度很快，东西包装的很好，价格优惠，我很满意，还会回购,0.982929965972072
苹果新鲜，包装好，物流快。,0.9095747009117219
非常好吃味道好极了赶紧的买买买值得推荐一下,0.6917995858762273
一次不错的购物体验 苹果汁水很多 很甜,0.9987020361090009
口感有点酸，其它都很好,0.9500328328515023
又甜又脆，太好吃了，准备在购一箱,0.38910751930907095
这款苹果已买了好几次，黄焦苹果就认此款。,0.8111078067507806
收到了，很好吃，真心不错。,0.938331463582806
很不错，个大又新鲜,0.9259200045549154
又快又好！很满意，下次再购！,0.8677015605348861
很快就收到了，包装很好没有坏果，很新鲜的苹果，喜欢放置发黄了再吃。,0.8476698265242838
苹果味十足，个头匀称，送货快，满意满意,0.9907036598118799
商品基本符合要求，就是有点酸，我不喜欢,0.6852841118493929
非常好吃，甜脆多汁,0.6852255254213155
物流速度很快，苹果酸酸甜甜很好吃。,0.9975151144719325
不错哎！！！,0.5923005827195782
个头大，无坏果。不错。,0.950221697552803
第一次购买  水分挺足  味道一般,0.47619438383119617
有点小，口感一般，不甜，还没红苹果好吃，没上次买的那家好,0.8639084776399885
苹果新鲜，包装很好，味道不错，就是疫情影响发货了,0.946282577891687
个头不小，口感很好。值得拥有,0.985369253228211
甜脆可口，有股淡淡的青香，好吃,0.9845349300054502
特殊原因:北京12月10下单23日收到货，没报什么希望只想着是一箱烂苹果，第二天才打开，结果惊到女儿了，苹果的清香味扑鼻，再一看整整齐齐的12个金苹果开心，正好平安夜，女儿说不是硬的是清脆汁水的没有果肉，说我这次给买的是最好吃的苹果,0.617753721321956
还行吧哦，没有太惊艳，找不到记忆中中儿时的味道，只能有其貌，,0.9881306717304781
多次购买，口感很好,0.9280446695810595
超级好吃，回购多次,0.21578542133008227
非常感谢中通快递小哥，一路辛苦护送到达燎原医院，真心说声谢谢，为你的付出点赞,0.9951527259389968
很好吃，酸甜酸甜的，每年都会买点来自己吃，很新鲜，快递速度也很快,0.9511832251226042
苹果不错，香甜可口，物统迅速。,0.9949466143150794
包装很好：货质量可以不知重量足吗？,0.6463347735401156
非常满意的卖家，第一次送货地址是农村，不能送货上门，爸爸年纪大了也不能到很远的指定地点取货。起初很生气，但卖家态度很好，一再重新送货。由于疫情，快递人力严重不足。只好改地址送到自己家 昨天改行，今天就收到了。为买家和顺风点赞,0.9081476655961087
苹果收到了，质量确实没得说很好，但也接近4块一个,0.9599503387658596
物美价廉，好吃，值得购买,0.9531658015884984
赞很新鲜，口感也好。,0.9834494749904807
山东烟台栖霞黄金奶油苹果包装很好，质量也不错,0.9998232291615288
挺好吃的，水分很足，就是甜度不足。只能用完美来形容！强烈推荐！,0.9815695213799426
苹果不错，蛮脆甜的,0.9790154054933179
很好吃，脆的，孩子喜欢吃！,0.9761129450023309
包装完整，送货及时，口感不错！,0.9839177941576263
价格合适苹果很新鲜好,0.973531599932348
第一次购买满意度很高喔,0.1256356796779471
非常好。非常大个 也很新鲜,0.771559273087926
喜欢小时候的味道，酸甜。第二次购买了,0.883377899344224
快递耽误了一段时间，拿出来的还是挺好的,0.549705983353237
收到苹果个头很大，水份足，很脆甜,0.5856091347479404
苹果终于到了。个头不大，汁水很多，挺甜，有一股清香的味道。不错不错挺好吃的。,0.9997844491086729
脆甜脆甜脆甜又脆又甜,0.8679333011749675
苹果很好吃，和描述的一样，汁多香甜，特别爱吃，还会回购的,0.9988453775249325
山东烟台栖霞奶油苹果又甜又脆，好吃,0.9966314115528216
常常购买的，价格适中，方便美味！感谢京东感谢京东快递员！,0.9784891100985569
苹果脆甜、奶油味，挺好吃的,0.9994261155441806
相当不错不错不错不错,0.99907660633197
烟台的红富士转转了，几次终于到了等见面的时候，他觉得十分还比较足可能是上七天摘得吧，比较年轻一点，能不能放几天以后呢？味道呢，会比刚刚到的时候会好一点。,0.7776954518393796
物流很快，东西大而新鲜，京东买东西放心。,0.9585029798949588
苹果缺斤短两，带皮5斤有图片，,0.32469228024600694
多次购买，苹果吃着是正味，有点小时候吃的味道，,0.9362999593202014
京东的服务很好 物流也很快 一定得选京东自营的,0.7722053436421286
京东购物多年，家里大小事物几户都是京东上购买的，不仅质量好，性价比高，送货快，而且快递小哥态度还好，虽然不能送货上楼，依然感谢这些快递小哥们！,0.9978052443084152
很好吃挺不错的下次还买,0.9793886670562274
没有拍图，之前买过两次，我买的中果，老板给的都是大果，很好吃，吃完又来了，很不错的购物体验，下次还会继续买，我买东西很少评价，这次很意外，就想给个好评,0.9986687639693601
每个都很好，个头很大，刚开始是酸甜口，放了一段时间后变纯甜了。，唯一不好的地方就是快递到了驿站，自己去取的，这小箱带个娃很不方便,0.10626608045588126
口感特好，不错，不错，值得购买快递辛苦,0.9991744618353501
质量不错，带了2个到单位，再买2箱放单位吃(*^&omega;^*),0.12007529076395196
没有坏果，个头大脆甜吃着有很浓的果香，好评,0.46396720636064925
到货及时，完好，赞美一下,0.774531737287476
非常新鲜，跟树上摘的一样,0.7173528756409595
苹果非常好吃，很新鲜，包装的很好！,0.9473925834250041
宝贝已经收到了，吃过了，一般吧,0.6825287568860388
一点都不好吃 一点点水份 哪里来的奶香苹果，还带酸,0.9942015106325944
酸甜，小时候的味道,0.8059654586592437
货已收到，买了两箱，包装很好 没有任何破损。一箱大的 一箱小的 果子很漂亮，待会儿吃个 尝尝味道 呵呵。,0.5002126893374562
此商品和图片上不一样，质量不好，希望以后对客户负责，推荐好的商品！,0.1300577581196506
还可以，有一股清香的味道,0.7123758343605846
奶油苹果味道不错，脆甜可口。,0.9998115530287872
非常好吃，下场还来。赞一个！,0.8716152848374945
苹果已经是第二次购买了，质量依然很好，很喜欢。,0.9763734332601679
妈哟！太棒了！我这被疫情影响的到北京一个多月的苹果完好的到了，也不知道东西好还是顺丰牛还是我运气好，应该是都有！非常感谢！,0.9903956397556885
多次购买孩子爱吃不错,0.984853355757285
苹果一共有9个。是黄元帅苹果。,0.22175166201862417
口感不错，清脆爽口，果香浓郁!,0.9935747347457938
苹果新鲜没有坏果，吃起来口感脆甜好评,0.9784575195177191
挺好吃的，甜甜酸酸的。,0.9018816655229488
总共9个苹果，7个都有伤，不知道怎么回事，我是在异地的山东人，本来想品尝家乡的味道，结果落差很大,0.9967570627177547
服务态度，苹果也不错。,0.9152747418510802
放到黄了很好吃的。,0.5026818416261195
非常棒，放好多天都没事,0.9203826646385508
物流速度很快，东西真的很好，价格便宜，很满意的一次购物，谢谢卖家，下次还会光顾，很满意的一次购物，,0.9999579592036543
苹果很大，黄金色很漂亮，味道一定不错。,0.995148616126981
随便拿了四个，和宣传的图片不一致,0.0760532445579889
份量不足，净重相差半斤多点。,0.005882029594342142
苹果很甜也很脆，就是个头偏小。,0.9057645932514701
帮朋友买的，朋友说好吃。,0.6639725530774658
很大一个，还没开吃，看着很不错,0.8852108675684104
一次很好的购物体验，服务周到，物流快速，配送也很周到，态度也很好，好评！,0.9999264672074405
非常好，很甜很脆很新鲜,0.9495046638277501
货收到了和图片描述的完全不一样，十多块钱一斤，个头太小，而且口感有二分之一的味道不行，有点上当受骗的感觉，一次失败的购物。,3.031870261627212e-05
以后都不会来京东买东西了,0.38017057558489187
太好吃了，纯甜，点都不酸。还脆脆的，多汁！一口气可以啃一个还意犹未尽。喜欢！,0.999860397298492
金黄果实，口感脆甜多汁,0.9943959429221989
脆甜，味道不错,0.9715306032041485
虽然也脆甜多汁，这次收到的大果8个装，没有上次小一点的12个装味道好。,0.18405373776115752
苹果味道不错的，脆脆的,0.9884347786613217
很新鲜，口感很好，好好吃,0.9749956261231185
发货快、物流快。每个果子都有网套，一共十二个，没有磕碰。脆甜带点酸，水分足好吃,0.9853189139015698
苹果到手时候少了一个，客服立马补了，态度好，苹果也好吃,0.2810098159832999
包装很好，苹果很香。我喜欢,0.9800280323980398
非常好吃的苹果，已经回购很多次，有问题客服很快就处理，棒,0.9348544830740368
苹果很新鲜，水分特别足，味道也特别正，好久没有吃到这么好吃的苹果了，已经多次下单,0.9302506401180108
缺斤少两，五斤果只有四斤二两，歪瓜裂枣与宣传完全不符，虚假宣传坑害百姓，不良商家应该处罚！,4.794960776821622e-05
很甜，很脆，孩子很喜欢吃，有活动下单还是很划算的,0.9970798958355077
蛮不错的苹果，不好看但是蛮好吃，送人就算了，自己吃还是不错的,0.999321639738106
蛮好吃的，也给小朋友科普了一下苹果有红色的，还有黄色的,0.9883988818205893
年龄大了，越来越喜欢软软的，适合牙齿不好的人，口感非常好,0.9144534819687917
不好吃，又老又不甜，和之前吃的差好多！颠覆了我对这品种的认知,0.975318370224933
脆甜多汁，好吃！这次是回购了；而且两三天就到货，表扬！,0.9713033219253483
个头没有想象的这么大。吃的还可以。但感觉和正宗的还是有差距。毕竟价钱便宜。,0.9220917089208321
好吃，很脆甜！,0.783929985086096
物流很快，产品很快就收到了，口感还不错，不错不错！,0.9999349596869429
发货快，质量好，5斤一箱共11个苹果，黄皮脆甜，味道不错，物有所值，五星好评！,0.8709716281909652
包装很好，果子还不错,0.9433015006297821
口感：脆脆的，甜甜的。本来我以为是粉粉的，还是比较满意，很新鲜,0.9993122346042299
到货比预报的提前一天，给物流点赞。平果大小个均匀，很新鲜，很好。,0.990343120547962
货物收到了但是份量不足才2斤半要求补偿,0.0004905296907213863
京东老用户了，物流有保障，品质也有保障,0.9549834551785414
甜中带酸，水分足，口感不错，之前也买过，适合这个季节吃,0.996462274835766
苹果优点是甜、水分足，缺点是个头小，带箱不到四斤半，嫌麻烦也没找客服。,0.005957300540066823
这个苹果酸甜可口 还很脆 很喜欢吃 今年第一次尝试,0.9802189170291448
黄富士苹果收到了，挺好吃的，苹果清香，酸甜可口。,0.9965859962715764
真的很好就2天到货，东西也不错物流更加给力希望生意兴隆越做越好。,0.9788979979184368
苹果不错 一次满足的购物，吃完还会购买。,0.9997479936129918
出乎意料的，好吃的奶油富士，非常值得回购。,0.9092286405043009
岽鲜山东烟台栖霞黄金奶油富士苹果新鲜水果奶油苹果白苹果带箱5斤,0.9986943136139016
个头适中，确实是新品种，味道不错，品尝起来别有一番风味。,0.9994460829402951
山东烟台栖息金黄奶油富士苹果已收到。非常新鲜，分量十足。水分充足，个大圆润，饱满多汁。脆甜爽口，美味可口，非常好吃。非常喜欢，非常满意，下次还会再光顾的，物流也很快。,0.9999991409927071
苹果很好吃包装很好没有一点碰伤,0.7885597541552415
疫情担心没有水果吃，商家信誉好！几经周折，最终到货了！非常感谢。,0.25343518352344563
太好吃了，吃完忘记拍照，准备再下单一箱,0.23307407182880602
这货是不是太真实了，真实得不要不要的，看着都没食欲，11个苹果个头都还不大，有5斤吗？？？哎,0.001033371644858061
收到7个苹果，个大量足，非常好吃，很满意！马上再来一单。,0.7418079819233611
超好吃的一款苹果！脆甜味道独特！家人都说好吃！还会再次购买！,0.999924227873145
比想象中的好吃，也比想象中的要大些，包装很好，没有坏果。,0.7325880199506416
这个平果太好吃了，皮薄汁水多，香甜可口，真是不错，谢谢小哥,0.9672927971580068
物品与推广的相符 很新鲜 口感很好 物流也很快 值得购买,0.9874372174515417
个个都是完好，好吃。,0.7711649930253072
不错长得完全是我喜欢的样子味道淡一点,0.8969821898630926
味道不错，还会继续支持。,0.8964090522433004
苹果的口感很好，甜度也刚好，酸酸甜甜的，挺好吃,0.9990616906957269
比平时要便宜，囤了不少，特别特别满意，超级好看，客服很有礼貌，很客气，良心商家，支持！,0.7919283493039755
苹果口感很好！下次还要再买。,0.8719453465816557
就是黄色的苹果，不怎么的，呵呵呵呵,0.3703275847601418
味道不错，冷藏后口味更佳,0.9540315349995471
第一次在京东买苹果，打开发现少了一个,0.3839315394252689
虽然速度慢了点。果子买的小了点。但微甜,0.7900093280218872
第二次回购了，还是一如既往的好,0.8346708013804055
这次买的苹果没有上次的香甜。其他的还可以。,0.9481195384432866
苹果收到了，疫情期间送货还是挺快的。个头有大有小，口感一般不太甜，不如我去年买的好吃。,0.7968350082291941
公司同事推荐的一款奶香苹果，口感还不错。,0.990776523398003
苹果好吃，脆脆淡钳。内包装很好外包装完好无损，继续回购,0.6234464817391816
苹果口感还算可以吧，样子挺干净好看。,0.9953632016136511
诚信老板，值得信赖，大小统一就好了，口感可以！,0.9797561065658088
还可以，买过两次了，比红富士好吃点,0.36414094333948854
这个产品和它价位相比来说，还是很合适的，还不错,0.9983528062594902
口感一般，不酸也不甜。,0.9676602093324428
苹果收到了、脆甜可口值得购买、包装是泡沫箱蛮好的没有坏的,0.9902287032324362
(*^__^*)非常满意的一次购物，物有所值，比实体店里实惠多了！太好吃了，酸酸甜甜的,0.9990294546255031
特别垃圾，京东最差购物体验，小苹果跟猕猴桃一样大,0.33299721743783905
味道和口感都很不错哦！,0.9588934541629481
还是不错，毕竟价格还可以,0.9585503797001766
老公说这个苹果很好吃,0.9029456808110623
物超所值，一直信赖京东品质,0.9992151082394982
发货速度快，味道很好，没有坏果,0.9269887695203078
苹果包装扎实，口感甜脆。,0.9833285903429517
很好吃，多次购买了,0.7708890138094511
好吃，连买三回，后来本地没货了,0.08771975288729494
黄元帅苹果收到了，包装完好无损，果子非常新鲜，甜甜脆脆的，非常好吃，真是物有所值,0.984000013257357
非常好吃，而且都是新鲜的，下次还会来买,0.7035753683980489
个头很大，水果也新鲜，都是完好品相。,0.9766638972997559
价格实惠，送货速度快，性价比高！,0.9992027875882931
还行吧，没小果甜。,0.7735671718444533
从没想过这么实惠的价格，能买到这么好的宝贝，性价比非常高，我很喜欢哦,0.9994898286436005
购买两次了，很好吃。,0.7134855771017371
物流快包装好，口感好值得购买。,0.9863910949711193
不错很新鲜！！！！！！,0.2894188936127672
很甜，老人吃和小孩吃都更适合。,0.9470259097902127
蛮甜的，就是有点硬，老人没法吃,0.26894183113401837
东西很好很喜欢，下次还会再来买,0.9296863166268726
很好 一个坏的都没有,0.6185356424290276
很漂亮的果子，会回购的。,0.937781428295419
好吃好看，春节买的发货略微有点慢,0.4942008635067586
苹果收到包装完好无损，小孩很喜欢吃。,0.8085853228153762
轻断食用，吃完再来！,0.5785457626207186
很新鲜，味道酸甜，冷藏之后更好吃！,0.7027678033658591
非常认可京东的品质，服务，和速度。,0.968986022948443
包装好，物流快，价格实惠，比超市便宜多了,0.9915758545962106
苹果收到了，包装完好，没有坏果，挺好吃的。,0.899182331400862
还不错很好很新鲜，就是个头不算大,0.9602294578449072
苹果不好吃，吃到嘴里有股药味,0.5204526695920999
千万别买，质量，服务极差。,0.00808409438702462
还可以吧价格不贵，吃着还行,0.6136560240290743
难以置信得太好吃了。水份大甜脆,0.08515180920200349
脆脆甜甜的，虽然品相一般，但味道还不错。已经买了两次。,0.9986524897362336
太奶了，有点小，是不是都这么小？,0.3730806108823682
苹果个大，口感甜脆爽口，好好吃！,0.9853451060581868
苹果不好吃，好象不新鲜似的。,0.3704054143903216
味道不错，果子有点偏小,0.7217369495683296
味道不错，很脆，很甜,0.9547569729668589
二次回购，和前次买时一样，满意。,0.7279012818727983
口感不错，很实惠的哦,0.9952834793689311
很好吃，汁水很足，超爱黄苹果，物流很给力！,0.9971829325424135
有点硬，估计得放几天,0.07833168065715712
第二次购买了，非常满意，吃完再购,0.5330561607048272
有烂芯，客服态度恶劣。,0.0003264050454629963
苹果味道可以物流也很快。,0.9004178475495691
喜欢这品种苹果，已经二次购买了,0.9080219836315335
好吃，甜，比超市的便宜，一直在回购,0.8312063059563263
放了很长时间，苹果浓缩变小，甜度提高了。,0.8032957023471247
很喜欢这苹果，酸甜粉粉的,0.9669042881230867
好吃，酸甜爽口，汁水足口感好,0.9096650536701026
包装很好，个头均匀，看起来不错,0.985255744116412
非常好吃，不知道是不是原来的黄帅,0.25162901105083146
非常不错，很甜，会回购，挺大个的,0.9613453617170499
味道还可以，已经多次购买了,0.553196441534751
不错味道符合预期，感觉很好，物有所值,0.9956832564214031
这苹果不错，爽甜，家人喜欢,0.998548847141986
苹果酸甜，包装很好！物流很快，会回购！,0.9346161368088766
苹果脆甜！没有坏果，很好吃！！,0.9528955941657418
该用户觉得商品不错,0.6138938017860552
包装很好，苹果大,0.885625636356218
很好吃，很甜很脆，果汁很多,0.9896673955015257
苹果很不错，包装很好。,0.9874100294249574
好吃又便宜，还是山东老乡实在,0.5010794225680443
口感很好。物流也很快。谢谢！,0.9820830059899519
很脆，水分多，好吃,0.5211734321514672
非常好吃，已经回购了好几次啦，非常喜欢,0.6203394618865564
还行吧，不如以前买的个头大,0.6536851463988664
不是很大，5斤有12个苹果，还行吧。,0.23805423553383342
很好吃，小孩很爱吃，,0.9208734528662372
苹果非常不错 香香的 而且品质绝对好 个也大,0.9928746389483785
好吃，大小合适，一人正好吃完,0.965487244727985
好吃，很甜，三天就到，很满意,0.9211514938752581
果子很好吃,0.6916297244041727
这个奶油苹果口感还挺好，价位实惠。,0.9999561554969144
苹果挺甜的，就是物流太慢了,0.8482591558566662
奶油苹果味道很好，老人很喜欢,0.9985202383379382
白苹果真的好吃已经是二次购买了,0.9133658066450806
不错，好好吃,0.9279126586695575
不错 个头挺大 没有坏果 吃口很好吃完再来,0.9721308703518957
味道还可以，果子有点小.,0.4546633945091889
速度快口感不错值得购买了,0.9979351968224911
好吃，又脆又甜，汁水多,0.5999961620038072
东西收到，看着不错，苹果好吃，价格小贵,0.9361433957210564
苹果很好，一个也没坏，和我以前吃的一样好,0.9311871093150758
水果新鲜好吃味道很好,0.8711873948168266
发货快，苹果脆甜，汁水多。,0.9851121358623227
这个苹果和图片上的不一样。,0.65738663352392
一如既往的好，送人了，不知道如何鉴定,0.586938569886974
第二次购买，苹果很好，很甜，邮到东北完好无损，很愉快,0.9667242052657775
大家吃了都说好，货真价实的好水果。,0.8554589841791509
甜甜脆脆的下次也要再购买,0.910732127590971
好吃好吃 下次还买,0.6863078571485177
好吃，酸甜口，孩子爱吃 一天一个，,0.8268009418188283
苹果新鲜的，回购的。感谢每一位风雨兼程的小哥，辛苦了。,0.9893779945546939
厂家发货速度慢，快递服务态度好！,0.09957884364237168
少重，不应该。,0.17450147725728082
非常好吃的苹果！比预想的还强,0.9631681308250045
酸甜口，口感不错,0.9378454184159681
可以，价格不贵也好吃,0.7398666503482888
买了好几份，自己吃着好吃给老妈和恩师都寄了，反馈都不错。，后来下架了 买不上了  还挺难过,0.08044051096855598
不怎么样，与描述不符，很酸！,0.148066116001345
九个大苹果，挺好吃的。,0.9379545166431914
不是那种想象的脆甜，水分不多，不够脆！有点硬！,0.8268861447408736
非常好吃的，酸甜甜的。脆脆的,0.9635922533536602
很好吃啊，已经是回购的。,0.6916297244041719
奶白色的平菓，看到都想吃,0.9617492961151431
个头很小 很不满意,0.7720563460846827
酸甜可口好吃还会再来买,0.7317474080184121
苹果还是不错的，比较嫩，甜,0.9826839698061052
苹果收到了，很好，,0.8415225257387527
好曲折，快递到了被封了一个多星期，联系一直要等,0.19136197737159988
包装得很好一个都没有损坏    到家就迫不及待的吃两个   水果口感很脆很甜,0.9798644616489909
都烂了，不能吃。,0.10239867708735373
这个果又脆又甜物有所值,0.9393170372951571
特别满意，之前没用过，无意间看到就买了，后来就一直用这个产品，。,0.9690718809278597
非常好听，特别甜,0.6754511013467772
非常好的苹果，又脆又甜，是一次很好的购物体验。会继续关注这家店的。,0.982969007710282
又香又脆的，特别好吃！,0.48252033015842466
苹果香味扑鼻，个头不小合适，脆爽，值得复购,0.9932010186907738
服务非常好速度非常快,0.9184491460022429
非常好，比较满意,0.804203288518066
脆脆的，很甜，个头不小，还有一种味道不知道怎么说,0.9038684260714397
苹果非常好吃，已经是回购了。会再次回购的。,0.6924571608300383
特别好吃，从来没有吃过这样好吃的苹果,0.7992395233403504
家乡的质量真好，真甜,0.9744581410797359
非常非常好吃，特别甜,0.8482436022792578
个头不大，不过味道一样好，水分足，甜脆,0.4207378207048166
谢谢你，让我放心,0.7936425883614774
不错不错，全家都很喜欢吃，特别甜。,0.9981577577378675
收到的苹果大小均匀，洗一个吃了味道很好水分很足，果断回购了，好评,0.9650860667576446
不好吃，感觉像没长大的苹果宝,0.872241611232817
很新鲜，太好吃了,0.6320304699930843
果很均匀，不大，不小，快递很负责任，下次还回购。,0.012898439905281167
没有失望，确实很好，个头均匀，还会回购,0.3900940378691903
很不错的一次购买，下次还会买的。,0.8708935336780325
非常棒，赞赞赞,0.9999488787803223
还不错，果皮稍微厚点，但是挺甜的，也新鲜。,0.9550290892209427
很好吃的黄金苹果，吃完再买，包装好运达快，谢谢！,0.9085370295456024
好吃，脆甜，大小不一，净重4.24斤，离4.5差点,0.3163978437327394
包装完好运达快，无坏果质量尚可，满意。谢谢！,0.9370156921689057
价格实惠   快递也给力,0.6895892218575623
脆甜脆甜的，很好吃，物流很快,0.9917932644797355
非常好，很满意！,0.8839882869597379
淡淡的清香味，己是再回购，甜脆可口。,0.991205374011909
酸酸甜甜，新鲜，好吃,0.8739244185057332
很好吃，还是那个口味，很好很好,0.9867180640605661
酸甜口感，挺好的。,0.9215112959081408
苹果比较甜，下次还来。,0.9306031159648749
非常好吃的苹果，一定要再购,0.5432740585936635
真的很好吃，第一次吃这个品种!,0.800269179985056
挺好不错棒棒哒棒棒哒支持棒棒哒,0.9559686968085885
汁多甜脆，满意 。三天后又回购。,0.3365879922433881
这个好吃，甜，脆，没有的坏果,0.9074006479026067
京东最好的就是能给送货到门口,0.7516104009157926
假货！又枣又不好！骗人的！,0.021401054209900017
我还没有收到货，点收到了货，点错了。,0.04983535514936033
奶油苹果味道好，值得购买。,0.9969610415628396
苹果又大又好。,0.8443996268503947
黑龙江的还是别买了容易冻,0.5731557616221166
量不足，质差！,0.12368799506536043
苹果非常好吃！谢谢！,0.8326308885962798
苹果不错，味道很好。,0.9738857286642105
第二次买，比第一次面了，吃的比较快，可能是同一批吧，喜欢吃面的,0.5928853371098279
苹果好吃脆脆的甜甜的,0.9959432056874792
很好吃，脆甜多汁,0.9732322936681187
我买的奶油苹果脆甜，还有淡淡清香,0.9998758272392645
挺不错的，开始是脆的，放一段时间就面了，个人喜欢吃面的。,0.9806059490989923
味道挺好的，会回购,0.5083465425204452
甜甜甜，一次比一次好，好评,0.9604492478103704
棒棒哒支持棒棒哒支持,0.6250733774682118
还行。就是有点漆的味道,0.584021785166507
苹果好吃，回购买的，好评,0.7176704244582958
味道不错，包装完整，个头均匀，没有坏的，价格实惠,0.9935212826557605
已经买了好几份了  喜欢的入手,0.9369221597079292
苹果很好吃，个头挺大，还是有保证的,0.9503493273193553
苹果的香味不大，而且皮好厚，水分一般，口感一般，有些小贵。,0.970255251179024
还可以的，不过有的苹果已经有点面了。,0.7719462860098175
很好吃的苹果，物美价廉,0.9581322569147648
老婆吃了，说非常好吃，以后苹果就买这个品牌了,0.8896757867385022
大小适中，脆甜可口,0.995895458681141
味道很不错，又粉又甜。就是物流时间太长！,0.9285478830009759
还可以挺香的,0.8509741737547178
不怎么好吃，每个苹果上面像长了斑一样的,0.22286425375959729
家里人喜欢，非常好吃！信赖京东！,0.9937738219334704
好吃？我也。在一起了,0.573170731707317
口味极佳，物有所值，，个大皮薄，。,0.9647390759284344
果大，新鲜，脆甜，顺丰快递服务到家，贴心，满意的一次购物！,0.9965470624127819
一般般吧，不是很甜还有点酸。然后最让人受不了的是他箱子里有个空。。逼死强迫症啊。。2箱都是这样，虽然够5斤,0.0468147310594178
个头很大。满意！,0.7781083450835997
挺好吃的，个头不小，很甜,0.8861926027318908
因包装问题而退货，至今仍未收到换来的苹果,0.029227703161058827
以前买过特别甜，这次不好吃，什么味都没有，又交智商税了,0.07177020136407408
苹果好吃 不错 值得回购,0.9417465142696514
个头大，水分足。就是甜度差点。,0.3568123140450391
苹果和上次一样味道不错，外观稍差，比上次购买的,0.9468490712063252
很喜欢的味道，大小正合适，非常满意。,0.9767544844466396
产品质量一般，下次继续惠顾。,0.9652115609533347
满意 特别好吃 脆甜多汁,0.9832169353513742
可能快过季了，感觉没那么新鲜了,0.565394669739818
就是非常不错的，很好用的。,0.9518123289584978
苹果味道还不错，很好吃。,0.9696634663592738
好吃 多汁脆甜，值得购买,0.9890083768851173
一如既往地好吃,0.8837109841174359
好吃，物有所值，多汁口感好，是我喜欢的味道,0.9950441721357025
苹果甜脆酸甜适中口感很好，下次还会买。,0.9952825624513266
个头挺大，味道一般,0.6012165649231749
苹果个个新鲜，又大又香甜，顺丰物流很快。,0.9878639167960216
个个苹果都大个，而且新鲜，值得信赖,0.9954286384184097
个头一般，味道换行吧,0.18083028667644663
名不符实！普通苹果！不会再买了！,0.17172749945025656
非常好吃，味道很美,0.9018444162230758
连续下单两次！多汁，还很甜，吃起来很爽口！,0.9885446641870148
苹果不错，但有坏果,0.9767380220120755
不错的苹果，连续买了两次！家里人很爱吃！,0.9953211439250313
口感不错，物美价廉，值得购买！,0.9960785468261109
苹果特别甜，客服也非常棒,0.947266827132282
苹果很新鲜，好吃，不贵。下次还会购买。,0.9956003829676999
挺好的，很甜，水分多,0.960319201931994
又甜又脆，好吃不贵，买了五箱了,0.31167766294130717
脆甜脆甜的,0.8901750077275126
稍微有点酸，东西还可以,0.6565382852427328
味道不是很好,0.5585158700087071
苹果口感很好脆甜，还会回购,0.9413991325945569
苹果不错，开箱闻到香味。,0.9805459225727702
又粉又甜，没有坏果。,0.7298610412885121
一般吧，太小了,0.34616836610518675
苹果少了两个，无语,0.4801955896435005
苹果新鲜，酸甜口，不错,0.9428425225488587
很好的一次购买。。。。,0.725133309485216
商品好也好吃,0.6607138087122324
完好运到。，味道就是一般的富士苹果味。不如红色的富士苹果脆。还是觉得红色的好吃一些。,0.6723182306581615
11个苹果,0.5129747929631865
非常准时，送货及时。需要再来。,0.12164814307233929
很甜很脆，不错，好吃,0.9740949435176504
口味还好，就是有碰烂了的,0.0943346438426449
小孩挺喜欢吃的,0.8472598666429544
本来要买粉的给宝宝吃，但是没想到是脆的，只好自己吃了,0.21696740154675187
好吃!准备再买,0.44196378805996384
物流还可以，挺快的，,0.8898259438886322
不错，还好吃,0.9012393401467171
物流块，东西貭量不错，值得购买。,0.944256086607252
口感一般，酸味比较重吧。,0.4244593111322633
苹果小了点，但味道还行,0.7733177540752607
苹果很大，吃着很脆，可以放心购买,0.9571095965912176
质量不错价格实惠 发货速度快 满意,0.9982228010309067
还可以吧。看着挺不错的，吃着也还行,0.9821220109862399
吃了再评,0.23304732728770772
吃着，口感一般，我是被名字吸引的。,0.8617765601682127
甜一度，水分都足，没有烂，可以，漂亮,0.8769749476885869
非常好吃，就是发货包装不太好到家都冻了，可惜了！,0.08675655808798821
奶油富士，看着就好吃，诱人。,0.8926490111183202
脆甜，很好吃,0.9528133045622841
爽口好吃，果香十足，甜美汁多,0.9974206464427657
苹果放几天在吃！特别甜！,0.8369674574179785
多快好省！,0.5
口感香甜可口，苹果很脆,0.98960354451677
苹果味道不错,0.9213585810512087
好吃实惠以后还会光顾。,0.9348321076946079
还挺好吃的,0.8053834829135444
苹果很好吃,0.9051840140325784
好吃甜 ,0.8011894028857035
多次购买,0.6000295879085973
照片与实际有少少出入差别还可以吧,0.1489579035771863
只有九个，性价比不太高,0.9761945645385229
苹果一半不是很甜，口感差,0.7178858334835967
甜甜的，包装严实，12个果，好评好评好评好评！,0.2312228679773226
苹果品相不太好，大小不一，味道还可以,0.6052949844104262
物流速度太慢了，都快一个礼拜才收到货,0.11646010099333148
第一次吃这个品种 还不错 有苹果味 不过不是新鲜摘的,0.5625482731051334
苹果还可以，不错，很大很新鲜,0.9874195822298276
前前后后也买了好几次了，重在便宜,0.8157962460558361
与图片不符,0.21395456414362946
东西不错物美价廉,0.9538656707957469
味道不错,0.8080692443231526
我喜欢梨，好甜！！！,0.558100923093528
非常满意,0.7053469852104663
味道巴适,0.6340861115323085
太好吃了,0.46597379315185306
很不错的,0.9200760629671317
好评好评,0.36807720063260896
非常好吃,0.573170731707317
打了不少蜡,0.16075920082406148
很不错,0.9200760629671317
很好吃,0.7135680953960506
特别好吃,0.6506610141374451
口感一般,0.7499999999999999
不错满意,0.9304270153185353
很好！,0.7795229979671993
物有所值,0.9333333333333333
快递很好,0.4959354381595561
挺甜挺脆的,0.883760882167781
挺好的,0.8284246220999102
还行吧,0.7194444444444446
好吃,0.573170731707317
行吧！,0.5495207667731629
口感好,0.837330186885676
好吃～,0.5996919776005541
好吃！,0.573170731707317
还可以,0.5746682977321914
还行！,0.7194444444444446
值得买,0.739574751261637
脆，甜,0.9000299615145507
非常好,0.6558628208940429
好吃,0.573170731707317
真甜,0.7722633688071403
不错,0.8612132352941176
行吧,0.5495207667731629
收到,0.3747954173486089
一般,0.5262327818078083
还行,0.7194444444444446
好,0.6558628208940429
嗯&hellip;个子不大.但是一个吃起来没负担.,0.5776176623480016
这,0.5262327818078083
来讲讲我为什么要给差评，首先是快递员没按照我上面的地址送货，他把货送到了别处，我没收到通知任何通知，结果我打了投诉电话。其次就是苹果不新鲜干巴巴的，没什么水分，一共8个有三个大一点的，5个小的,3.966509055652878e-07
