id,time,content
20150331228,2023-11-17 12:52:50,买的试吃装，品质较好，无坏果也很新鲜，比实体店便宜好多，值得购买，物美价廉
20170762131,2023-11-22 16:12:46,不知道你们好评是不是托，反正我买的不好，又酸又硬，第一次买到这种水果
20276798373,2023-12-21 19:40:46,到了 感觉挺新鲜的，没有烂果 吃起来味道也好，不错不错好评
20138851430,2023-11-14 21:24:51,到手还比较硬，放一放熟了尝尝口感来追评
20198876793,2023-11-30 18:38:32,真的太好了，买猕猴桃有惊喜。
20101112258,2023-11-07 20:09:37,好小，不知道一个有没有50-70克
20156611456,2023-11-18 22:06:46,啥玩意了么又小又酸的要命，和鸡蛋差不多大
20057394471,2023-10-29 16:26:19,不错不错，物美价廉，性价比高，好评！
20244160224,2023-12-13 17:41:21,此用户未填写评价内容
20390334060,2024-01-22 16:13:32,外观十分漂亮，结构牢固，一看就能学会。性价比高，全家人都可以用，大人小孩都一样用非常满意的一次购物，。包装严实，发货快，一点也没磕碰到~到底是大品牌，值得信赖！客服态度都比较好，还会关注的~~已推荐给身边的朋友
20609258244,2024-03-22 18:07:43,特！产品质量不错啊！超便宜啊！值得推荐哦！
20327967116,2024-01-04 20:29:55,六颗，但有一颗打开盒子就这样。其他五颗还是不错的。还是给好评吧
20168409068,2023-11-21 22:16:21,不知道商家的小果是什么样，反正我拿到的大果就这么大，比我家鸡蛋大一点点，具体看图吧。
20012591922,2023-10-27 21:53:22,泡沫包装非常好，没有大的磕碰挤压！果子大小均匀，品质算很不错了！到时候偏硬，放了两三天，软了，尝了尝，红心的就是比绿心的要好吃甜！！价格也实惠
20304584355,2023-12-29 13:22:20,质量非常好，与卖家描述的完全一致，非常满意，真 的很喜欢，完全超出期望值，发货速度非常快，包 装非常仔细、严实，物流公司服务态度很好，运送 速度很快，很满意的一次购质量很好，希望更多的 朋友信赖．店主态度特好，我会再次光顾的，可不 可以再便宜点，我带朋友来你家
20331177353,2024-01-05 19:36:30,这样的东西有必要拿出来卖吗
20101368045,2023-11-07 20:57:23,实打实的6粒，不过还比较硬暂时吃不了，看样子虽然小了点，应该还行，希望甜甜的
20124047389,2023-11-12 12:12:51,和豆差不多大小，感觉还不如小摊上卖的，但是便宜，我也无话可说
20329929087,2024-01-05 13:35:28,还没熟，有点期待
20147750616,2023-11-16 19:33:44,还不错，我这个是六个小果，放熟一点就味道还不错，果味足
20138582762,2023-11-14 20:39:51,跟鸡蛋差不多大，尝了一个不怎么酸，这几个放软再吃
20146251391,2023-11-16 14:01:50,好吃，还甜，值得购买
20134315248,2023-11-14 00:22:23,此用户未填写评价内容
20115929874,2023-11-10 23:21:02,"非常好，与卖家描述的完全一致，非常满意,真的很喜欢，完全超出期望值，发货速度非常快，包装非常仔细、严实，物流公司服务态度很好，运送速度很快，很满意的一次购物"
20199845628,2023-11-30 23:28:30,茉莉花和栀子花都是比较容易栽培的花卉，但两者在养护方面还是有一些区别的。 茉莉花： 茉莉花的养护相对来说比较简单，非常适合花卉爱好者或初学者。
20327562339,2024-01-04 18:55:04,物流很快，包装也不错，快递员服务到位，试了一下感觉还不错。
20624665073,2024-03-26 19:59:30,才拆开吃的第一个，发现果皮很厚，口感不太新鲜，不是很甜，虽说是三十个是中大果，但个头太小跟鸡蛋差不多大
20620207207,2024-03-25 17:12:20,比鸽子蛋大，比柠檬甜，好奇心重的可以买
20329027042,2024-01-05 09:11:44,有一说一，真的挺好吃，除了有点小，这个价格还要啥自行车嘞
19854212822,2023-09-28 14:55:30,坏了一个果商家说要赔偿，国产猕猴桃买了大小多品种助农，过节啦尝尝鲜，支持好国货！支持国货！支持国货！中秋节快乐！国庆节快乐！中秋节快乐！国庆节快乐！
20337014570,2024-01-07 14:07:04,好酸好酸，个头和小香蕉一样，是黄心的
20325769737,2024-01-04 11:02:58,不好吃，很小很小，又硬根本不能吃
20120104628,2023-11-11 18:33:58,大小很匀称的六了，有点硬，需要养一养才能吃
20137767387,2023-11-14 18:22:39,高颜值，高品质，非常好，一分钱一分货，材质外观和质量一看就很上档次，非常喜欢
20212393968,2023-12-04 19:11:54,价格很实惠，口感也不错，非常满意的一次购物体验
20152088838,2023-11-17 20:01:28,好评！就是有点酸，哇哈哈，放一段时间在吃吧！
20171095017,2023-11-22 17:39:52,好吃，这个价格买到这么好的东西，真的很划算
20197060942,2023-11-30 10:00:16,质量不好，很小，很酸，非常失望
20260743692,2023-12-17 22:29:35,师傅上门很快，服务周到，能解决各种壁挂炉问题
20135304784,2023-11-14 10:26:21,小小的，包装用心，很好，没有坏果，
20189285479,2023-11-27 21:25:33,物流很快，物品完好无损，吃起来味道不错，喜欢💕
20491689552,2024-02-20 11:32:52,不熟，也没放熟
20272292977,2023-12-20 16:50:36,包装简单！拿回来就冻熟了！一个也不能吃！
20110411886,2023-11-09 20:46:24,第一次买，很好。会考虑回购
20285036388,2023-12-23 21:55:38,包装很好，物流很快，完好，新鲜
20268800958,2023-12-19 19:46:33,**快递，不打电话，不发短信，
20091692676,2023-11-05 20:53:45,差。不是黄心的，硬，口感酸涩.
20535153529,2024-03-03 12:12:52,酸，需要放几天
20330551689,2024-01-05 16:38:58,有些比鸡蛋小，味道不知道怎么样，不过一分钱买的，要求不能太高
20259381555,2023-12-17 17:05:54,果子很小个，果酸味偏重点
19857971911,2023-09-28 21:51:38,个头均匀，没有烂果，好评
20150062243,2023-11-17 11:45:02,很好吃的，下次还会再来购买
20141290261,2023-11-15 13:13:21,还可以，一分钱，一分货吧
20128225441,2023-11-12 23:00:51,价格合适，东西好诚信经营
20149895432,2023-11-17 11:07:16,感觉一般般，不太甜。
20104066453,2023-11-08 14:36:13,猕猴桃己收到，质量很好
20126598750,2023-11-12 18:58:32,很好吃都特别好甜甜的
20121875420,2023-11-11 22:56:19,还有点生，需要放几天
20174231862,2023-11-23 15:29:19,口味不错，甜甜香香
20172704558,2023-11-23 08:02:40,不好吃，酸的不行。
20272414043,2023-12-20 17:19:59,骗人的东西不一好
19615356828,2023-09-03 22:28:05,个头一般大小，味道还不错。
20347843418,2024-01-10 11:18:45,此用户未填写评价内容
20285262972,2023-12-23 23:01:18,太小了。。。。
20536143469,2024-03-03 16:20:21,有一个坏的，其它都非常非常好
20328156712,2024-01-04 21:16:48,非常不错👍
20148070234,2023-11-16 20:37:59,这尺寸够袖珍🉐，
20320422232,2024-01-02 21:13:02,这款商品的设计独特、使用体验出乎预料的完美。它无论是整体构造、还是性能上都没什么可以挑剔。我给这款商品五星好评！，我对这款商品的使用体验非常满意，真的物超所值。
20267492633,2023-12-19 14:36:20,个头匀称，有上下两层，放个一两天就能吃了，挺不赖，比市场买的优惠多了
20280355773,2023-12-22 18:28:09,挺好的，不错
20269913663,2023-12-20 02:48:00,很新鲜很好吃
20241937228,2023-12-13 08:49:23,成熟度不大好
20276973915,2023-12-21 20:20:02,已经收到，果子完好，包装不错，还没有熟
20338175202,2024-01-07 19:17:42,果子有点生，味道不熟，不甚好吃
20115398877,2023-11-10 21:42:55,客服态度很好
20105164185,2023-11-08 18:45:35,就六个有点少
20134183574,2023-11-13 23:27:20,小小酸酸的
20243711267,2023-12-13 15:52:18,硬的很，还得放几天才能吃！
20083473807,2023-11-04 10:23:41,挺小的，和鸡蛋差不多，甜度还可以，个人感觉没黄心的甜
20730977133,2024-04-24 22:09:43,猕猴桃味道很好，大小也挺好的，下次继续购买
18409409332,2022-11-18 15:21:43,猕猴桃个个都好，沒坏果，赞！
20535181959,2024-03-03 12:19:06,好满意👍
20200445877,2023-12-01 09:51:06,放了一个礼拜还是有点硬
17830549654,2022-07-26 17:56:14,很新鲜，个头均匀，包装很完整，会回购的
20557284714,2024-03-08 19:30:46,就是有点硬，现在吃不了
17861314841,2022-08-02 08:32:11,果子收到了，没有坏果，很甜。
20090008056,2023-11-05 15:29:53,有总的来说可以，不是成熟的，需要几天时间才能吃两个坏果
20264949782,2023-12-18 21:53:50,还要放一放，现在马上吃有点酸。
20088437029,2023-11-05 10:25:37,太大了比图片还大，特别甜，比永辉超市买的还大
17856753664,2022-08-01 10:16:23,果是硬的，要吹熟。没有坏果。包装好。大小正好，一次一个。
20553947382,2024-03-07 21:44:56,好吃不贵
17865492384,2022-08-03 08:20:26,不错，包装完整，没有坏果。
20409698894,2024-01-25 09:10:29,挺不错的
17852084689,2022-07-31 10:30:59,硬棒棒的。有只软的尝了一下。  有一说一   一点不酸。甜的 只是水分欠足 略干    但是这个价格要求不能太多。 己不错了
17824810414,2022-07-25 17:59:20,酸酸甜甜的
20366607438,2024-01-15 22:50:18,小 不熟
20357235447,2024-01-13 08:14:27,很酸很酸
20345178814,2024-01-09 17:18:00,酸酸甜甜
20239518986,2023-12-12 16:26:50,很好不错
17896018009,2022-08-10 18:58:31,果子有点丑比较小，口感还是可以
18133537406,2022-09-28 18:08:18,价格便宜，个头小！
20137917979,2023-11-14 18:50:13,奈斯👍
18053960287,2022-09-12 21:57:58,商家服务态度挺好的
20074316070,2023-11-02 13:03:57,不错不错
17882743504,2022-08-07 15:10:48,香甜可口，绿瓤红色的心，
18007927883,2022-09-03 13:23:03,购买了几次，味道真心不错，值得购买
17971148813,2022-08-27 08:43:33,好生，要放放才能吃
17849685798,2022-07-30 17:18:57,不错，好评！
20136324638,2023-11-14 13:40:07,小小个
20124111866,2023-11-12 12:24:05,可以。
20323602128,2024-01-03 18:18:02,好评！~
20395475463,2024-01-23 11:11:52,很不错
20346124977,2024-01-09 20:38:11,太酸了
17862815622,2022-08-02 14:17:16,这个猕猴桃从成都起运的 个不大。
20334430087,2024-01-06 18:10:22,绿心的
20143050876,2023-11-15 19:21:17,有点酸
20140825600,2023-11-15 11:33:46,太小了
20091516392,2023-11-05 20:14:46,太熟囖
20521213491,2024-02-28 19:39:12,挺好的
20331813841,2024-01-05 22:24:17,好评
20329030066,2024-01-05 09:12:09,好评
20193997847,2023-11-29 11:31:33,很小
20177869199,2023-11-24 16:23:57,半熟
20152709697,2023-11-17 22:31:38,可以
20273529993,2023-12-20 21:41:13,好评
20268818914,2023-12-19 19:50:34,挺好
20220156571,2023-12-07 07:35:21,满意
20220158113,2023-12-07 07:35:08,满意
20220155627,2023-12-07 07:34:56,满意
20120654234,2023-11-11 19:54:58,美味
20103848393,2023-11-08 13:45:02,还行
20101884231,2023-11-07 22:52:14,好！
20101882585,2023-11-07 22:52:05,好！
20099751108,2023-11-07 15:14:36,好吃
20199207888,2023-11-30 20:09:23,差
20223992842,2023-12-08 11:24:40,好
20142945962,2023-11-15 19:01:02,酸
18196943008,2022-10-11 17:07:02,不错
18196951454,2022-10-11 17:03:13,不错
20141756063,2023-11-15 14:57:37,行
17857611098,2022-08-01 13:04:30,好吃
17862225259,2022-08-02 12:01:05,可以
17877688403,2022-08-06 09:51:32,好
