id,time,content
16489431936,2021-10-20 11:56:41,就是个大，但是一点吃不出来榛子的香味，算了，不退了，但是不会再买了。
17087742998,2022-02-03 21:14:59,难吃 而且很多坏的 最差的一次网购
16880375212,2021-12-26 16:53:51,明显时间太长，味道都变了。再也不会来买了，一次性**
16995570822,2022-01-16 00:24:31,差评，又苦又涩，有一半没开口，不是新果
14632895740,2020-09-12 09:05:44,差评，误导消费者，图片是一斤收到半斤，29块多半斤，@，其他地方1斤是20多，以后不会再来了
14979898743,2020-11-30 07:53:32,最失败的一次网购坚果，一股陈品、发霉的味道，吃起来辣喉咙，直接扔了。
16774911221,2021-12-06 10:20:02,味道没有平榛的好，4.5个坏的吃到恶心死，空籽率得有10之23，不相信现在的技术，这些检查不出来
20135339130,2023-11-14 10:32:11,味道不正，绝对不是当年的榛子。以后不会回购
20082349027,2023-11-03 23:01:08,陈货，不建议购买。这是京东最差的一次购买。一星都不想给，垃圾。
19047374209,2023-04-23 11:31:45,超级难吃，难吃到拍照片的兴趣都没有
14667490515,2020-09-21 15:21:02,进口便宜货！不是什么东北野生大榛子！不要打着扶贫的旗号欺骗消费者！！！
17084930929,2022-02-02 11:35:55,一股怪味，味道很不好。最差的一次购物体验。不好吃，非常不推荐购买
16635112842,2021-11-13 16:21:07,京东我很少给差评，这个必须给！太小了，太小了，太小了！还在这家买了瓜子，也是太小了，跟超市五块钱的差不多，一把有五六个坏的！差评！
20417444465,2024-01-26 09:18:06,榛子太难吃了，感觉像是哈拉了一样！希望看到此评价的客户别在买他们家的货了！
18660917642,2023-01-06 19:40:24,说是大榛子，结果小的很，关键的关键是90%都没有开口，包装里也没有开口器，请大家谨慎购买。
20138033939,2023-11-14 19:10:52,才抓了一把就两个坏果，还都不好开口；找客服客服说果子都是机器筛完人工筛，筛出来是这个效果，那还不如不要人工和机器；以前在这家店买的都很好，这次买完不会再买了；有注意到贴牌上可能是生产商和委托商已经分离，所以可能不是之前吃的那家；原本袋上和贴牌上营养成分都有了很大差别，同等重量蛋白质和脂肪差别很大
16929620675,2022-01-02 15:49:04,榛子里面都是**的，真好
18701654436,2023-01-16 18:15:02,今年的质量比去年差太多了
16790799369,2021-12-09 20:50:13,不好，坏果比较多。
15207800085,2021-01-16 09:45:00,味道不太好，有坏的
14995194372,2020-12-03 15:42:45,带壳的榛子变味了。
16966088458,2022-01-09 19:08:30,大多数都是坏的
14740522903,2020-10-11 13:32:34,不好吃
15089098665,2020-12-24 10:48:24,不是新货
16806764060,2021-12-13 10:43:59,口感：不怎么样
18636962874,2023-01-01 19:43:38,不好吃，有点苦
18698156252,2023-01-15 19:18:43,：坏的多！！！
18771612658,2023-02-10 22:13:20,没有香味
18857895685,2023-03-05 14:59:41,很多没有开口
16746061541,2021-11-30 12:47:52,榛子好多空的！还有虫子！！
15341344552,2021-02-22 20:46:57,一包里就有这么多没开口的，还有长毛的，变质的，大家自己看吧！
15207800085,2021-01-16 09:45:00,味道不太好，有坏的
15089098665,2020-12-24 10:48:24,不是新货
14995194372,2020-12-03 15:42:45,带壳的榛子变味了。
14979898743,2020-11-30 07:53:32,最失败的一次网购坚果，一股陈品、发霉的味道，吃起来辣喉咙，直接扔了。
14740522903,2020-10-11 13:32:34,不好吃
14667490515,2020-09-21 15:21:02,进口便宜货！不是什么东北野生大榛子！不要打着扶贫的旗号欺骗消费者！！！
14632895740,2020-09-12 09:05:44,差评，误导消费者，图片是一斤收到半斤，29块多半斤，@，其他地方1斤是20多，以后不会再来了
