id,time,content
14698827045,2020-09-29 17:39:46,不太喜欢吃这个，第一次吃
14532826257,2020-08-15 13:31:55,商品一般，产品不是很新鲜
15093234652,2020-12-25 10:47:51,味道不怎么样 商家售后不错退掉了
17031441976,2022-01-22 19:15:53,坏的有点多，跟描述不符
14985271976,2020-12-01 11:15:52,口感一般，生产日期不详、矛盾
16720736257,2021-11-25 16:05:55,火大了很多味苦，不知道是不是坏的
16581677988,2021-11-05 17:54:42,有不少坏的，吃着口感不是特别好
17058287620,2022-01-27 09:07:34,这味道，说实话一般，吃不来这个
14832859848,2020-11-02 22:30:00,一般般 很多没有开口也不香 可能没炒熟吧
16969042896,2022-01-10 10:32:01,几乎没开口，难剥开，质量一般。
15367566464,2021-03-01 19:34:46,一分钱一分货，质量比以前我买的要差一些，里面还有一些坏的，后悔了。
15311642776,2021-02-10 06:18:03,买2袋，送了夹子，整体一般，不是很香，皮薄。
15240088666,2021-01-23 22:02:58,有味了，具本上吃不下。
17831165722,2022-07-26 19:16:42,外包装不干净，不如瓶装的好
15689358046,2021-05-18 20:55:27,份量很足，就是味道不对，吃了几颗就不想吃了
15312095554,2021-02-10 10:29:01,这应该是美国大榛子，感觉还是点陈。没有香味。
17117904305,2022-02-12 19:28:43,榛子还可以，果实挺爆满，就是不太香
16716483636,2021-11-24 18:42:26,口感一般，不大新鲜。
15092414812,2020-12-25 05:33:50,小颗粒的有一半。没有开口的有三分之一。总体来说产品质量一般：
20495514257,2024-02-21 13:41:00,这次买的坚果坏果不少。
16941016262,2022-01-04 19:30:37,一般，估计下次不会选择了，里面有榛子自带的那种灰估计是装袋的时候没处理好。
16739448279,2021-11-29 09:04:05,个真大，不好吃，别买
16693468932,2021-11-20 19:35:40,东西还可以吧，就是个头有点小，味道一般吧
19704388485,2023-09-15 19:44:46,全是这样的，吃起来苦的
20405918124,2024-01-24 19:26:03,尽量不要买，应该是陈年旧货，不好
18795908251,2023-02-17 17:00:19,几年品质不太好，黑得不少，和松子一样
14933008184,2020-11-19 19:32:38,口感：一般，有点发苦发酸，剥开果仁颜色有点黄黄的，不像是今年的新品，不够新鲜，，产品包装：还行，中规中矩
16456997846,2021-10-13 18:47:03,一打开榛子的包装第一颗就是坏的，第一次吃觉得味道一般般，没有什么特别的。
19052530019,2023-04-24 17:17:03,包装不好，袋子都破了
20069511512,2023-11-01 14:31:45,这次的品质不太好，感觉有1半再过一段时间就要坏了，吃到苦的赶紧吐出来。
14852554178,2020-11-06 15:38:50,不太好吃 不是很香 和家里市场买的都差一点 有点时间长了
19868606108,2023-09-29 21:48:34,物流速度很快，但干果时间有些久，潮潮的一股味道
17089016785,2022-02-04 15:19:37,口感不怎么样，我吃不惯，没有夏威夷果好吃，价格还差不多。
19108513044,2023-05-13 19:28:56,是不是有优惠活动，性价比较高。有个别的空壳。
14793439174,2020-10-24 22:00:48,口感：口感一般，打开试吃就好像有点潮了。是不是纸袋包装会影响品质？，产品包装：纸袋包装，分量：500克，总体上感觉还是要改进包装，不然口味难以保存
16246036488,2021-09-03 20:14:27,个小，肉是原味的，打开有一股时间放长的味道。口感非常一般。
15182467280,2021-01-10 22:27:21,吃起来挺好的，缺点是太脏了，壳上有泥巴，另外没有夹子的话很多壳弄不开。。。
15313060472,2021-02-10 16:56:10,真是不咋地太一般了啊！口感也不好
16599675448,2021-11-08 15:12:25,不是真正的东北手拍榛子，是大榛子，而且很多空的，不值
16758329930,2021-12-02 17:21:05,很多坏的，太差了，。
17088769425,2022-02-04 13:16:58,是大，很大很大的榛子味道野味少了点
16635034977,2021-11-13 16:11:01,坏果率很高，20%是有的。味道不如夏威夷果，买来试试，下次不买了
15262071488,2021-01-28 18:55:16,收到榛子后无论是外观还是口感都不像东北野生榛子，跟美国大榛子一样。问了客服才告知是嫁接的，连详情里都没说是嫁接的。
14693584745,2020-09-28 11:35:51,物流的速度太慢了，一个星期才到。里面的榛子味道一般，有些还是发霉的，总体来说评价不高。
16996612282,2022-01-16 08:12:07,榛子个头很大，味道一般，还有很多不开口。分不清是美国进口还是东北原产。
18515243211,2022-12-12 11:08:32,不好吃，没什么味道，皮确实剥不开，之前看有的评论写了，想可以试试，吃了十几二十个有一个特别好吃的。有的里面完全黑了直接扔了。不准备吃了。不好意思。
14405681415,2020-07-11 17:23:39,一般，有的已经潮了
15445087770,2021-03-21 12:49:28,东西一般，买毁了
18442549431,2022-11-26 08:04:22,换了一次发现质量更差了
17062742560,2022-01-27 20:45:44,味道有点苦，不好吃
16769006704,2021-12-04 19:36:30,冲着助农买的，个还行，但感觉不全是新果
20373298026,2024-01-17 23:04:29,应该不是新货，偶尔会吃到变质的，以后不会再买
14677932867,2020-09-24 10:10:59,一般
14844309750,2020-11-04 23:17:11,不怎么好吃
14939846313,2020-11-21 09:49:06,一般
15414339829,2021-03-13 08:25:10,还行
16592380458,2021-11-07 14:13:32,不是很新鲜
16888371702,2021-12-27 21:06:18,口感一般
14486258154,2020-08-02 14:33:28,壳很厚，有坏的
18796970886,2023-02-17 22:12:11,不怎么好吃
20008442372,2023-10-26 20:24:30,有油哈味
20448944196,2024-02-02 17:06:16,很多都不开口，
20460302538,2024-02-05 21:02:29,真的无语，以后真是不能在京东买东西了，#儿啊，要么是没开口，要么就是一股糊味，尝了几个全是，真是服了，也就是懒得退货了
16945984886,2022-01-05 16:47:08,今年的果子太失望了，大小比去年小了很多！而且不像他图片一样是自然开口，而是像夏威夷果一样是机器开口，也没有开果器，非常极其难扒开，我一个榛子爱好者竟然把榛子放闲置了。 客服依旧嘴硬除了炒熟没有其他加工？？？我真的服啦！
