id,time,content
14721927970,2020-10-06 14:28:12,白色的好吃一点，其他口味的煎不软
13693309836,2020-01-07 11:05:30,糍粑一般，没有以前在老家的时候的那个味道
16690974055,2021-11-20 11:56:47,等了几天，发错货，虽然是可以换货，但是太麻烦了，等来等去
14889195981,2020-11-12 19:43:49,口感不好，没有之前在恩施带回来的好吃。
14203880440,2020-05-27 20:43:42,口感一般，感觉有点硬，不是很糯的口感。
16973139039,2022-01-11 06:28:48,糍粑质量没问题。只是快递太慢了。都快到保质期了。
14388969302,2020-07-07 10:22:13,快递暴力扔货。里面的红糖都破了。差点都没认出来，这是我买的东西。
14098931145,2020-05-01 10:28:56,吃的没有扔的多，外面一圈始终不熟，硬硬的
18367055677,2022-11-11 12:11:18,一条条的没有，都是圆的
16462170382,2021-10-14 21:32:19,几年红糖 黄豆粉太少  炸出来跟外面买的味道不一样
16619540834,2021-11-11 14:48:17,购买多次了，包装有点忽悠，吃的东西不应该这么差的包装
17510821150,2022-05-19 12:29:03,白味时发现有点酸味，只弄了一次，余下的全部扔了
18728991671,2023-01-28 21:45:51,滋粑发霉了，里面也有杂质。
16101581753,2021-08-07 10:01:43,不好吃，没有什么味道，也没有糯米那种口感
18343092623,2022-11-06 22:33:01,有点硬，熟了后不是很软
19380356556,2023-07-28 21:45:46,与宣传不符，糯米少，不粘软。
18315126595,2022-11-01 22:09:37,一锅不能煎太多，否则边边角角不容易熟
20464439032,2024-02-07 10:46:20,感觉不像是糍粑，吃过糍粑的人应该能吃出来。
15319674760,2021-02-14 19:15:11,没办法炸，煮也不行，只能蒸着吃？？？反正根本不是糍粑的样子
16211150506,2021-08-28 09:19:27,真的是糍粑么，煮不软，煎了像石头，一点不糯
12424263456,2019-01-29 21:51:09,东西不怎么样，很一般，小的可怜，价格不划算，口味也一般
19093653668,2023-05-08 18:08:11,口感一般，没有介绍的那么好吃
16205110860,2021-08-27 09:41:01,一点都不糯，感觉就像是面粉做的，没有糍粑那种糯糍的味道
20347673685,2024-01-10 10:33:15,纯粹就是糯米饭年糕，不太好吃。
19805087807,2023-09-23 13:26:53,八个高梁的有些味道，只好扔了。
15343300078,2021-02-23 13:05:37,口感一般般吧，还不是小时候的味道，买多了放冰箱还没过保质期居然有点发霉
18721053977,2023-01-25 07:45:14,收到的糍粑都发霉了，不晓得是咋个回事，下次买换一家吧。
15710525301,2021-05-23 22:55:09,年前也在这里买过几次，现在味道大不如前了，以前是纯糯米的，口感好，这次买的不好吃
19277190928,2023-06-26 20:45:39,不算好吃，没玉米香味
14814487242,2020-10-30 00:28:43,这个饼饼没有完整的做法，这个形状也不适合下锅，还要自己切小，有点难受，买了那么多斤，液体红糖就给了几小包，但是扶贫的项目我多给一颗星。
19204589995,2023-06-09 13:39:19,吃着听糯的，就是四个一起装很难分升，能不能一个一个包装
19548373594,2023-08-18 00:59:32,玉米的有点硬，然后大块的吃着这容易不消化，口感一般
19035259772,2023-04-19 11:02:42,不是单独包装，用了好大会儿功夫才整开，味道也不是很软糯，一般般吧
18678599063,2023-01-10 21:04:06,比较中规中矩的糍粑，三种配比感觉差别不大，可能还是糯米含量最多的原因。唯一不方便之处是粘锅粘碗清洗比较麻烦，只要用其他菜包着一起才能避免。可惜黄豆粉只有一份，液体红糖没吃，含有山梨酸钾，据说这个不太好。
13741040939,2020-01-19 15:38:39,估计以后不会买了吧，感觉自己不会弄
16973149339,2022-01-11 06:30:33,产品质量没问题。快递太慢了，都快到保质期了。
16523127811,2021-10-26 19:44:59,要求是每个单独真空包装，收到的确实四个一个包装，很难分开。
13622240545,2019-12-19 17:04:46,只有旺旺雪饼那么大，口味还给我发错了，很硬
16110163194,2021-08-09 12:53:50,太难吃了，硬的很，那么多好评不知道怎么来的
18216436831,2022-10-15 20:20:02,不好吃 很硬  也没有什么红糖送
16767076965,2021-12-04 12:09:01,太差了，说的3斤没有3斤，产品不是独立包装，打开后一次吃不完非常麻烦浪费，太差了。
17933374402,2022-08-19 16:51:09,没有老家的好吃，煎完非常硬，一般
16593685696,2021-11-07 17:24:29,我要的是混合装，全给糯米的，失望。怕麻烦，算了。
15720050643,2021-05-26 11:25:31,快递较慢，发过来后，都长霉了，看到扶贫馆才买的，很失望。不知道保质期时间太短了，还是怎么滴，一个都没吃上
17773421829,2022-07-13 14:39:12,黄豆粉送了跟没送一样 整个快递箱子都是黄豆粉 无语死😓
18491961960,2022-12-07 19:08:59,粘在一起刀都切不开，怎么吃？品控太差
16459327027,2021-10-14 10:34:26,全部沾一起没法搞开，拆了一小包，直接用刀切 差点切到手，真无语！其余三小包全扔了
20360432431,2024-01-14 08:32:35,煎好后硬硬的，一点都不好吃，再也不买了
14035984311,2020-04-15 10:02:12,本来是想助力湖北。结果包装确实无语。取到快递觉得粘粘的，打开一看红糖包漏了。食品类如果这样简陋包装和粗暴快递，确实不咋样。连吃的兴趣都没有。
14919370918,2020-11-17 12:32:48,这就是扶贫商品，湖北那边因疫情原因来尽自己一份心，结果收到的东西这么小，简直大跌眼镜！有点失望！
16297396798,2021-09-13 15:47:29,太硬了，四个包装在一起，不用菜刀使劲切，根本分不开。口感只能说是中等。
15664348224,2021-05-12 17:21:06,很奇怪，本次发货的和上次的不一样。并且只有煎了及时吃，还是可以的。但是如果放一下，就变硬了，而且硬得根本没有办法吃
19960612460,2023-10-12 10:41:45,口感味道一般般，其他都还好不是十分满意，最不好的是，包装太简陋。最讨厌的是评价不好就无法提交！！！
15459914603,2021-03-25 11:55:16,什么独立包装！一袋4个，粘在一起非常紧，用手掰不开，最后用刀一点点劈开的。在别家买过可不是这样！口味的话还是原味糯米好吃
19058016364,2023-04-26 14:42:20,你们只卖货，可是没有考虑天气热了，发快递送到我们手里，糍粑已经发霉了，因为买了几次都没问题，所以最后一次收到也没在意，直接放冰箱，等想吃拿出来才发现发霉，就难得退货了，心情太不好了
19736140533,2023-09-17 22:01:34,这个糍粑粘性好好强，扒在碗上好不容易放在嘴里，我吃了这个高粱粑后胃疼的厉害，拉肚子三天，吃药才止泻，心里犯嘀咕，我从来没有吃过这么糍的糍粑，是不是放了什么胶。
18202297761,2022-10-12 20:46:05,个人感觉，味道真的很一般，也就煎着吃还能好一点，煮出来的实在是吃不下去
18931953626,2023-03-23 07:25:41,没得玉米的味道，包装一点都不好，4个连在一起了，还要用刀砌开，反正下次不会购买了
18731496044,2023-01-29 20:15:47,今天才到，还没吃，暂不评价，，但是要说的是邮政，这个物流太慢&hellip;&hellip;，1月13日下单，29日才到，配送太慢！这个食品是需要冷藏的，这么长时间，都不知坏没坏
14696059791,2020-09-28 22:21:45,有问题联系客服，客服也没回信息.
14867683370,2020-11-09 13:45:31,我的第二包怎么感觉像是死猪肉做的😭
15461658913,2021-03-25 20:00:09,跟往日自己家里做的糍粑差距还是挺大的
14860680424,2020-11-08 08:33:06,以前买过类似的产品，这次的如图所示，泡一晚上也分不开产品，没办法下手
12427881965,2019-01-31 10:09:14,保存时间也太短了
14080423644,2020-04-26 12:57:40,没有玉米的味道
16042261105,2021-07-26 14:10:56,煎后太硬，吃不了
16183530245,2021-08-23 17:58:52,不好吃，不是糯米。
12544110699,2019-03-15 02:17:15,用了优惠券比~上的价格还要贵，不会再回购了
12560079685,2019-03-19 22:24:02,不太好漏气啦
12564838317,2019-03-21 12:47:24,好硬
12656518921,2019-04-16 17:56:13,不怎么样
14412112853,2020-07-13 12:34:41,差劲
14815860417,2020-10-30 12:47:37,价格偏贵了
15306345251,2021-02-08 13:31:29,糯米太少
15674557951,2021-05-15 11:01:20,一般
16110166700,2021-08-09 12:54:23,难吃到级点
16186093882,2021-08-24 11:33:55,一般般
16474383476,2021-10-17 11:31:39,太多胶了！
16890727021,2021-12-28 08:10:54,太硬了
17187963675,2022-02-28 09:36:33,不好吃没味道
17474163330,2022-05-10 20:50:27,还行吧
14310849891,2020-06-19 19:55:33,一般不知道是不是因为玉米糍粑的原因不糍没有在~另一家买的可以拉很长下次再试试白的就知道了
17915676676,2022-08-15 14:14:57,太硬，不好吃
17993539353,2022-08-31 18:03:06,一般般。
17993539001,2022-08-31 18:03:19,一般般。
18278907440,2022-10-25 18:13:27,不足称
18602861305,2022-12-25 09:40:19,难吃
18956659597,2023-03-29 11:20:11,太一般了
18978691557,2023-04-02 19:31:19,不是很好吃
19050882906,2023-04-24 07:53:18,不好，
19227165988,2023-06-15 09:16:20,没有玉米味
19648219177,2023-09-10 22:58:30,太硬了
19805605733,2023-09-23 14:16:37,不怎么样，一般
20064048769,2023-10-31 11:05:18,一般般
20359101622,2024-01-13 18:07:05,恩施这糍粑虽然黏，但感觉不是糯米的，后来买了云南糍粑，货真价实看得到。
19648219179,2023-09-10 22:58:30,太硬了
12564838317,2019-03-21 12:47:24,好硬
12560079685,2019-03-19 22:24:02,不太好漏气啦
