id,time,content
19040921811,2023-04-21 09:45:23,不好吃，再也不买了。上当了。
16167653362,2021-08-20 15:00:44,买两次，没有一次是够称的，搞笑死。三斤的直接二斤发的。差一斤称
16177636215,2021-08-22 14:55:09,里面都烂了。还发毛了
18402720842,2022-11-17 09:35:20,不是很糯，而且几块都粘在一起，不建议购买。
19415048706,2023-08-08 20:16:45,上次买时很好。这次收到货，己经发霉了。
12801506525,2019-05-25 08:59:51,实物与介绍相差甚远，打开塑料袋糍粑都粘在一起，要用刀才能分开，完全没介绍中是用粉来包裹，感觉是用胶粘在一起的，口感也没有儿时味道。
19039977339,2023-04-20 20:52:51,没有其他意思，实话实说，早上煎了三个当早餐，到现在肚子都胀胀的，不太舒服。
15372499058,2021-03-03 04:50:44,第一次买的不错。这是第二次。是真空包装。腊月二十八收到货的时候没有仔细检查，正月初十发现有一小袋漏气发霉了。正月十五发现其他小袋虽然没有漏气，但是打开一看，也发霉了。产品说明是常温下保存30天。买的时候一定要打开看看，检查检查。
16432062694,2021-10-08 13:20:01,不糯   用各种方法做出来都不糯  用普通大米做出来的一样   好评怎么来的？
16048294997,2021-07-27 19:10:50,物流慢送货也慢，关键不好吃，蒸炸各种方法都试了，没吃过这么硬的糯米食品，口感也不好，
14408810334,2020-07-12 14:49:43,建议大家不要买，我已经上当！这个糍粑没有我在其他地方买的正宗，拿油煎周围一层硬的嚼不动，而且一点都不糯，不是纯糯米做的！
19184943197,2023-06-04 19:23:58,饼子全部黏在一起，掰都掰不开，一掰都碎，怎么烹饪，隔开有那么困难吗？
14175655363,2020-05-20 17:35:45,非常差红糖坏了，还就给一袋
15170537108,2021-01-08 20:45:23,千万别买，太小个了，跟饼干一样大！
15170532130,2021-01-08 20:44:40,千万别买，太小个了，跟饼干一样大！
16367478537,2021-09-26 20:24:41,硬硬的不是正宗的糍粑，客户态度超级差
16164708098,2021-08-19 22:14:51,太硬，不是百分之百的糯米做的，慎买～～～
14228935716,2020-06-02 21:42:54,非常差劲的购物体验，缺斤少两，大家不要上当了。给客服发信息也没人解释。
17686285485,2022-06-23 19:08:37,第二次体验太差了！就不能吃。
16694242961,2021-11-20 22:07:53,东西很难吃，不会再买
14907554182,2020-11-15 16:05:07,用糯米餅骗人说是高梁，联系客户直接拒接，没见过这样卖东西的
16302185172,2021-09-14 13:56:50,总共买了两袋，其中有一袋漏气了，联系卖家之后说是给退，再说话不搭理人了。差评！！！
19638875644,2023-09-09 06:44:02,太慢了。下单一星期才收到到货。
15448038467,2021-03-22 09:27:56,绝对的差评，超级差评！打开箱子里面有2包被老鼠咬过的，在等退货申请，放桌上不记得收拾出去上班了，家里老人就给扔了。但是太生气了，绝对给差评！！！
14572158934,2020-08-26 11:37:44,第一次买也是最后一次买，送来的年糕少了一袋，包装破损，早知道卖家选的是邮政快递肯定就不会买。
13165212187,2019-08-28 20:20:27,垃圾东西 这玩意能吃？
19635483064,2023-09-08 13:17:22,这种高梁糍巴太硬了，一点也不好吃
16791283407,2021-12-09 22:40:39,什么鬼东西，是人吃的吗？化一天了原封不动的，塑料做的吗？
15295639541,2021-02-05 16:29:59,打开里面黏着头发～还拿不下来～超级差～客服没有回复这个问题～这包就扔了～太差
19639669988,2023-09-09 10:30:16,假的，差评，蒸，煮都是软踏踏的，假货，
15532731675,2021-04-12 09:49:00,真的不推荐买啊，这个还是真空包装的，我买回来吃了一袋，然后其他的没吃，我奶奶拆开吃告诉我已经发霉了。我还不信跟我说真空的怎么会发霉而且也没多久，然后昨天我自己看了全发霉了，扶贫产业麻烦也保证质量好吧
16164708229,2021-08-19 22:12:21,太硬，一点也不糯，怀疑不是糯米或者糯米很少。慎买～～～～
12385658496,2019-01-18 16:04:03,没想到这么小！还没有小女孩的手掌大，袖珍小饼，谨慎购买！
16710599328,2021-11-23 17:53:46,网上购物第一次差评，作为一个从小吃糍粑长大的人，你物流慢我就忍了，这玩意拿水一泡竟然都碎成渣了，直接扔垃圾桶了！
18885922929,2023-03-11 17:22:27,一分钱不要你补给我，刚开始买的有头发，补发给我一包以后又长毛了，真好
17770476317,2022-07-12 19:34:52,特别硬，煮了好久都还硬，味道也不太好
13133607355,2019-08-19 14:54:03,物流慢，假，用米粉加水做的感觉。第一次上锅就失败了，不能蒸，一蒸就化了像水一样，跟街上买的完全不一样，不会再买了。
20008686265,2023-10-26 21:19:47,非常差的糍粑，建议大家不要买了，很难吃，而且保质期不新鲜
16115236015,2021-08-10 16:43:07,难吃，老公家恩施的，每年回去都特别喜欢吃，特意买当地的，结果完全不一样，多久煎不发泡，煎好后吃起来硬，完全不是家乡的味道
15120551742,2021-01-01 10:09:54,煮熟后变成浆糊一样了，完全没不是农家自制的粑，打开包装放冰箱才几天就发霉了，全扔了，下次不会再买了！
19222133206,2023-06-13 20:34:25,很不开心的一次购物，收到货，第一次煎，一口咬下去，咬到石子了，牙齿都缺角了，痛苦，配的红糖包豆粉包也不足，那么多片，才配了一包
16164699162,2021-08-19 22:09:46,无论是煎，榨，还是蒸，都感觉太硬，一点也不糯，尤其是玉米味那种，高粱味的也一样。基本可以确定不是糯米或者只有少量糯米做的。有一种上当受骗的感觉，以后不会买了，劝其他人也慎买。
17724282295,2022-07-01 18:43:08,明明说下单有赠品的，然后收到货却发现没有赠品，跟商家反馈，商家却一点儿都不信任我，以为我在骗它们那几块破年糕，我让他们去查询物流期间的商品重量，他们也不查，还让我这个消费者自己去查，我查到后啪啪打它们的脸了，就你们这态度和心态真的不适合开网店
17708362928,2022-06-28 10:34:47,真心不好吃，蒸了吃或煮了吃，边边都硬梆梆的，没吃过这么差的。
19634937841,2023-09-08 11:14:09,东西味道难闻，买后看不到物流信息，而且买了很久才到货，对此商家很无语
19548160031,2023-08-17 23:00:18,这东西都不知怎么搞的，四个合在一起都拿不开的，太差劲了吧！这是什么东东？太差了！别买了！
18189550275,2022-10-09 21:04:47,超级难吃，一点都不纯，不知道加了多少米，那么硬，还卖的那么贵
19639476750,2023-09-09 09:50:21,真的不怎么样，买回来就漏气两包，开始第一包漏气的时候去联系商家，商家说补偿就是用我下单的价格除以4 那就应该是4.1元，但是我只收到了4元，也不是我为了这一毛钱斤斤计较，而是第二包漏气的时候因为是和第一包一样的口味，商家还说了一句是之前那包吗亲，我无语住了，我买东西是买来吃的，要不是坏了，谁会浪费时间联系你
19050926531,2023-04-24 08:19:55,怎么说呢？太硬了，硬梆梆，费牙齿，快要咬不动。怎么一点弹性和嚼劲都没有呢？
18909274889,2023-03-17 19:28:54,一点玉米的味道都没有，玉米糍粑我以为是黄糯玉米做的，结果是糯米加点玉米粉，可能是我对玉米这两个字有什么误会，想退，嫌太麻烦，以后不会再买
18046141595,2022-09-11 09:01:51,很难煮软，即使煮得比较软后很容易变硬，不是正宗的高粱糍粑软糯的感觉，应该是为了降低成本本，放多了普通米粉，我特意同时买了两家的，结果一样，这个行业看来普遍不值得信赖，永远不会网购这种玩意了，想吃还得自己买粉动手做
15206411681,2021-01-15 20:08:31,收到货包装都是烂的不满意
15147819069,2021-01-06 15:25:16,太差了，收到货的时候包装是烂的，红糖全部洒出来了，
14939542875,2020-11-21 08:29:34,快递慢得要死，网购以来收货时最久的一种，
15170298711,2021-01-08 19:43:49,我没有搞懂，为啥恩施的土豆从云南发货的，这让我有被欺骗的感觉
15250330135,2021-01-26 09:14:21,货比其他平台贵很多，以为是京东送货到家才下单，结果贵还得自己上街去取货，真的是吃亏上当。
16766181109,2021-12-04 08:09:45,绝对差评，全部黏在一起，要一个个切开，还不好切。什么垃圾东西。谁买谁后悔。
12574175608,2019-03-24 10:08:13,求给好评人的心理阴影？这个要拿到市场去卖，会卖的是傻子
14473985671,2020-07-30 08:24:44,过期日期怎么算啊
15097140090,2020-12-26 10:38:28,这个没有收到呀
15196467405,2021-01-13 09:32:37,掰都掰不开怎么吃？
18592511078,2022-12-23 00:36:40,破的跟屎一样，大家千万别上当
19052826178,2023-04-24 18:52:00,不好，不带糖也没有提示
12481768788,2019-02-23 22:41:45,绝不是手工做的
18662366001,2023-01-07 08:47:34,简直了。8个最后变成一个了。这就是糍粑么，商家你告诉我得怎么吃不变成一个
14912960421,2020-11-16 12:55:45,硬
15471442596,2021-03-28 14:50:40,发霉了
17776886985,2022-07-14 13:10:47,未经允许放~
18148256891,2022-10-01 20:37:22,辣鸡，一点都不好吃
15237227511,2021-01-23 10:54:46,太差劲了，商家玩文字陷阱，说是买两斤送糖浆给人的感觉就是够用了，结果收到的是一小包。打着扶贫馆的名义骗人，就不想着好好做生意好好服务！！！
16717794254,2021-11-24 22:57:23,这个没收到
12694942326,2019-04-26 15:47:01,差，差，差
14743228845,2020-10-12 08:37:56,很难吃
14743225352,2020-10-12 08:37:42,很难吃
14743217350,2020-10-12 08:37:18,很难吃
19040093318,2023-04-20 21:33:33,早上吃了三个到现在不舒服，腹胀有点#🤢
15604781634,2021-04-26 17:41:46,首先看是扶贫项目所以选择购买了，但是感觉里面套路有点大，收到货没有液体红糖送，卖家说要买两斤以上，本来就是想着就那么点钱没什么大问题，但是卖家的态度有点不太友好，要我放白糖，所谓的扶贫我算是好心当做驴肝肺了，以后扶贫项目再也不相信了。
15910544795,2021-07-02 17:28:49,以前感觉还可以现在不知道是不是换了老板？？服务态度太差了，店员生硬，不会变通，再不会来你们家买了。
16282207319,2021-09-10 17:36:41,说实话心情很不好，两斤糍粑一小包液体红糖有点少，所以买之前咨询了客服，答应了可以多送一包液体红糖才买的。收到货后，只有一包，问客服，客服又让我在买一次，才送，感觉被坑了，以后也不会再买了
12511795804,2019-03-05 11:34:33,和此产品无关&hellip;&hellip;&hellip;和京东有关&hellip;&hellip;提个醒，谨防上当，京东红都旗舰店的产品图与商场对比图如下，大家看看细节，到底是不是假货？！！！！京东到底值不值信任？？？
19033798032,2023-04-18 19:30:02,一个字差
20387718536,2024-01-22 00:57:21,不好吃，没味道
17800862761,2022-07-19 22:29:16,买给妈妈吃的 我妈妈说很难吃 已经丢掉了 而且商家无诚信 说拍了第二天发 结果第二天问说没发 第三天发
19343739914,2023-07-17 15:46:16,垃圾食品，包装袋显示的生产日期是2023年6月16日，我6月21日下的单，产品参数显示的保质期40天，今天发现里面全是霉点，问客服，首先是不承认保质期有40天，再就是说已经过了售后期
20309041423,2023-12-30 19:06:57,玉米和高梁的，隔层纸轻轻一揭就下来了。白色的隔层纸和糍粑完全粘在一起，根本揭不下来，我只能用刀切掉一层下来。
18793176563,2023-02-16 21:25:59,生产日期2023.1.29，保质期30天，一直按他们后面写的储藏方式冰箱冷藏，今天2.16号第一次拿出来煎，有白色、蓝色的霉点，然后联系客服就是截图的态度。让我申请售后实际售后那儿根本申请不了，他们质量问题全程没有道歉，态度敷衍，还说我没有冷藏。首先我冰箱空的很收到放冷藏是事实，其次现在我这儿现在温度在10度左右，还在穿羽绒服，温度就不是它变质的原因，商家还在推诿。最后已投诉到12315，东西只有16块钱，但你们这种态度真的不想放过！
19368415874,2023-07-25 09:22:06,一直挺喜欢这个品牌的糍粑，这次又买了，很明显这次的糍粑不是纯糯米做的，有掺杂别的米，这次做熟的糍粑很硬，没有以前吃起来软糯，我还买了三斤，真是郁闷。
14743225352,2020-10-12 08:37:42,很难吃
14743217350,2020-10-12 08:37:18,很难吃
14572158934,2020-08-26 11:37:44,第一次买也是最后一次买，送来的年糕少了一袋，包装破损，早知道卖家选的是邮政快递肯定就不会买。
13165212187,2019-08-28 20:20:27,垃圾东西 这玩意能吃？
13133607355,2019-08-19 14:54:03,物流慢，假，用米粉加水做的感觉。第一次上锅就失败了，不能蒸，一蒸就化了像水一样，跟街上买的完全不一样，不会再买了。
13068327709,2019-07-30 21:11:43,难吃 就不解释了 解释多了就亏大了
12809145920,2019-05-27 09:54:09,此用户未填写评价内容
12801506525,2019-05-25 08:59:51,实物与介绍相差甚远，打开塑料袋糍粑都粘在一起，要用刀才能分开，完全没介绍中是用粉来包裹，感觉是用胶粘在一起的，口感也没有儿时味道。
12694942326,2019-04-26 15:47:01,差，差，差
12574175608,2019-03-24 10:08:13,求给好评人的心理阴影？这个要拿到市场去卖，会卖的是傻子
12547373083,2019-03-16 06:58:20,挂羊头卖狗肉。就是汤圆面做的。
12511795804,2019-03-05 11:34:33,和此产品无关&hellip;&hellip;&hellip;和京东有关&hellip;&hellip;提个醒，谨防上当，京东红都旗舰店的产品图与商场对比图如下，大家看看细节，到底是不是假货？！！！！京东到底值不值信任？？？
12481768788,2019-02-23 22:41:45,绝不是手工做的
12385658496,2019-01-18 16:04:03,没想到这么小！还没有小女孩的手掌大，袖珍小饼，谨慎购买！
