id,time,content
20188749189,2023-11-27 19:02:09,奶枣还可以的，，奶香滋味还行，甜而不腻，大小适中，就是里面基本没有果仁，怎么和介绍的不一样的，吃了好几个都基本没果仁，有也是一丁点，空欢喜一场，这样宣传和实际不一样不好
15489783488,2021-04-02 11:01:07,一般吧，不是我想象的那种
15615484909,2021-04-29 14:33:41,一般，不是很好吃。但是很便宜
15420003722,2021-03-14 18:10:42,不好吃。个人觉得不好吃
15347305814,2021-02-24 13:59:44,不如第一次买的好吃，包装也换了
15147238521,2021-01-06 12:53:55,只能说一般般，没之前另一家的奶味浓
15894431410,2021-06-30 09:28:32,不好吃，享受不来这个味道
15462451795,2021-03-26 00:18:16,实物图片不符，包装还漏气，差不多有一半是漏气的
15309703967,2021-02-09 13:42:10,没有吃出惊艳的感觉，不太好吃！
16634403617,2021-11-13 14:33:56,一般情况，一分价钱一分货，不会回购
15301607599,2021-02-07 09:36:20,里面的巴旦木全是受潮的吃着不脆都皮了
15341684909,2021-02-22 22:30:38,不好，以前买别的是裹一层奶粉，这个是一层奶糖
16073009898,2021-08-02 11:28:40,和之前吃过的其它品牌比较这个不好吃
15234318849,2021-01-22 16:08:12,没有在店里买的那么好吃，奶已经干了。
17247532880,2022-03-13 19:26:56,吃到最后发现有两个没有包装。，还挺脏的
15405899982,2021-03-10 21:50:29,生产日期有点早了，应该是存货，基本上离保质期没多久了
18623512731,2022-12-29 19:40:26,比较腻人，不习惯这种做法
18880857096,2023-03-10 17:41:19,这是什么？居然大部分都融合掉了
17114079778,2022-02-11 21:21:41,这个奶枣真的不咋好吃，齁甜，不建议购买
17157089629,2022-02-21 10:16:04,偏硬，中间的巴旦木压根没有，味道一般，不咋滴
20210948796,2023-12-04 12:18:14,有的就想吃榴莲糖一样，自己体会
18339554710,2022-11-06 12:26:52,形状丑的可怜，影响食欲
17150936096,2022-02-19 20:47:59,不怎么好吃，吃起来像奶糖一样。特别腻。
19105601896,2023-05-12 19:00:30,太黏牙了，枣还行，奶不行！
18808201558,2023-02-20 12:00:16,不好吃，中间没有巴旦木，有点腻
15274653674,2021-01-31 18:14:36,外面的奶粉裹得不均匀，口感一般，没有啥想吃的欲望
19844657839,2023-09-27 07:32:45,味道不喜欢 和之前买的店里那种不一样
18589386204,2022-12-22 14:54:58,不好吃 这是我吃过最难吃的奶枣
19257989146,2023-06-21 16:50:59,不好吃，有点腻和发苦，不建议购买
15829636002,2021-06-18 21:03:19,怎么看也像被人咬过然后塑封的，顿时就不想吃剩下的了。总体来说一般吧，没有上次从别处买的口感好，希望能够引起商家重视。
20149811971,2023-11-17 10:47:48,奶油跟不要钱似的，一个能抵你几天的热量
18662783534,2023-01-07 10:46:13,唯一的特点就是不怎么甜，比起正八经的奶枣差很多
18219821921,2022-10-16 13:00:03,说实话不是很好吃，个人不是很喜欢，一分钱，一分货吧
17881623862,2022-08-07 10:15:21,味道一般，质量也一般
15335597657,2021-02-21 07:28:11,不好吃，外面的一层感觉没做好，有点浆，感觉不新鲜，奶枣裹的这层是淡黄色
15241464552,2021-01-24 10:58:30,还好吧，不是很好吃，跟我之前在别人那吃的不一样，这个奶粉像是遇水了一样稠在一起
20687271430,2024-04-12 21:36:50,大部分质量优良，但是个别的有变酸现象，让我感觉不好。
18609214987,2022-12-26 14:38:46,里面有的没夹着巴旦木，有的巴旦木变味变质了
20376380995,2024-01-18 20:56:46,图片上的奶粉在哪里？
17074124664,2022-01-29 19:20:51,外皮感觉像糯米粑 又油又甜 没有奶味外层更没有奶粉 不回回购
15427645589,2021-03-16 17:47:13,实物与图片不符 奶还特别容易化 在屋里正常放置 没有晒 奶会粘包装袋 里面个别奶枣还有枣核儿
20070212098,2023-11-01 16:55:03,给之前买的都不一样，之前有多好吃，现在难吃死了
16888275185,2021-12-27 20:48:06,吃了几个不怎么好吃，不是每个奶枣都夹巴坦木坚果，有的里面有也是很迷你小粒😂
19079440670,2023-05-03 20:42:17,这**什么东西啊都融化了，盒子上还把我名字写错了，找了半天没找到
16399012646,2021-10-02 11:33:16,不推荐，外层包裹的是糖，不是纯奶粉，枣也不是比较好的，里面的干果质量也一般。，买过比这个好得多的奶枣
15577383356,2021-04-19 14:11:08,至今还未吃完 可以说难以下咽 不是说 不支持扶贫 是真的不好吃 融化掉的不少 然后颜色也是黄色的
20248177857,2023-12-14 18:38:39,才吃了半袋，坚果只有一点点大，真的是只有一点点，还有好几个都没吃到坚果
20417984247,2024-01-26 10:39:24,口感一般，外面的一层太黏了，以前买的不这样，一分价钱一分货
18077805250,2022-09-18 07:24:21,吃第一个还行，再吃就很腻了，有种20年前奶糖的那种味道，添加剂很多，不会再买了
20251373971,2023-12-15 15:25:19,产品和宣传不太符合，吃起来有些腻歪，奶枣上是没有裹奶粉的但是宣传上是有的
18189911684,2022-10-09 22:21:25,和图片也不一样呀 外边包的是奶糖那样的 和之前吃的奶枣是两个东西
18220112199,2022-10-16 13:55:41,口感还可以吧 ，就是坚果小的可怜！偶尔还会有几个不一样的有点怪的味道！
19824095281,2023-09-25 05:55:55,没有前两次的好吃，这是买的第三次，里面的巴达木换成了杏仁！19.9和24.9的质量就是不一样。
19111891415,2023-05-14 22:02:42,口味一般，之前买过的，外面裹的是一层干奶粉，里面是枣和坚果，口感和某铺的奶枣没差，这次买的这个枣外面应该是奶粉混合的奶油之类的混合物，湿的，粘的，没以前的好吃
15228602314,2021-01-21 10:44:35,本人不喜欢吃。个人觉得太甜。
15172623140,2021-01-09 13:20:10,有点失望，和在别处买的完全不一样
15266966872,2021-01-29 21:12:49,吃着太甜了，小孩都没法吃。
15778376525,2021-06-08 11:58:24,浓浓奶粉的味道。太甜了。小失望
16167248934,2021-08-20 13:41:22,我能说巴旦木实在是太小了吗，都快看不到了，不值
15636931429,2021-05-05 17:39:24,一点不好吃，巴旦木特别特别小，枣也不好吃
17777232076,2022-07-14 14:47:31,太甜太甜太甜不是奶粉，来到都化了
18387400780,2022-11-14 15:07:46,太一般了 外壳很软 特别甜
18431469511,2022-11-23 11:11:30,不好吃，跟我在实体店买的奶枣差很多。
18913411594,2023-03-19 10:06:52,口感太差，和抖音上买的没法比
16486859441,2021-10-19 19:29:30,回购，收到货明显比第一次购买的品质差很多，整体湿度很大，不会再回购了
15458729360,2021-03-24 23:52:43,不咋地，枣子裸露在外很多，有的甚至没有奶，等于在吃枣子。买了两包扔了一包。
17694100451,2022-06-25 11:03:28,3颗就腻，很失败的购物，太甜了，也很油
17193294707,2022-03-01 13:42:26,很是失望的一次购买，枣外面就感觉跟裹了糖的一样，并不是我之前买的别家那种奶粉那种，买了两包，吃了一颗全丢了。
19964952048,2023-10-13 17:29:57,这糖太硬了，和其他的奶枣口感完全不能比。
20178650203,2023-11-24 20:08:25,不好吃，以后不会再买
19959861286,2023-10-11 23:40:12,打开吃了一颗，巴坦木很小，甚至吃不出来，还是一分钱一分货啊
16875426447,2021-12-25 20:17:36,不为了得豆，为了下一位顾客负责，这个牌子的奶枣不是很满意，只是个头大，可是口感欠佳，跟我之前买的差了很多，而且里面的坚果小到吃不出来，请大家谨慎购买
15404284869,2021-03-10 15:12:02,真的真的不好吃。。。本来看评价觉得还行，一下买了两大包，后悔了啊，为什么那么多好评呢，比之前买的枣粮先生差远了，而且为什么是黄色的呢？奶枣不应该是白色的么？口感偏软，味道不对，两大包浪费了。。。家里人也不知，怎么办呢。。。
15183646659,2021-01-11 10:51:28,口感太甜了，吃两个就感觉腻的不行，外面一层裹着黄黄厚厚的，粘粘的特别腻人，里面的坚果个头太小且不脆，没吃到香味，总的来说有点失望
16612347430,2021-11-10 15:34:18,不好吃，和以前吃过差别好大，外皮应该软糯，巴旦木应该很脆，可惜外皮硬，巴旦木软了，吃的时候枣子和巴旦木一样软的，口感没有了，太失败了
18611058134,2022-12-26 19:48:43,奶枣口感偏硬 ，味道比较甜，最让人不满意的是有些枣子里面没有巴旦木，有些小的可怜，或者只有小半个，比葡萄干大不了多少
17932336928,2022-08-19 12:47:02,这是我第二次买 第一次买的很好吃 这次的巴旦木有坏的 味道很难吃 枣核没有去掉 没有第一次吃的好吃了 不知道为什么 这次让我很无语😓
18382065099,2022-11-13 17:47:55,最外层包裹甜味过重奶味偏淡，掩盖了中间枣肉本身的香味。外层包裹较硬也掩盖了中间枣肉的的口感。最内层的巴旦木偏小或缺失，少了味道和先软后脆的口感。一分钱一分货吧。
20597667081,2024-03-19 15:21:43,这个奶枣太难吃了，没想到这么难吃，外面裹得一层奶是又厚又硬又难吃，不知道是啥味道，我怀疑根本不是奶，里面的枣太小，夹的巴旦木也是小的可怜啊，反正一句话难吃死了，再也不买了！
15341722219,2021-02-22 22:41:45,感觉和我买的不一样 还可以
15313681779,2021-02-10 21:17:37,一般般，感受不到什么
15350668399,2021-02-25 10:56:33,和我买的那个不一样
15392528489,2021-03-07 17:39:13,我不喜欢吃软奶的。
16472013912,2021-10-16 18:46:06,其实真的不是很好吃
16776253540,2021-12-06 15:20:21,不好吃，外面想奶糖
17388489256,2022-04-20 08:56:26,真心不好吃，很硬
16411380085,2021-10-04 22:20:27,吃着很好，味道也很好，价格也不贵
15292965809,2021-02-04 22:24:17,味道还行，就是感觉放的时间比较长了，不太新鲜
17209875249,2022-03-05 11:42:22,有点硬，味道也没有吃过的好
15085600726,2020-12-23 14:10:16,没有买的其他家的好吃 很腻
15242577998,2021-01-24 15:17:02,太甜了
15267022603,2021-01-29 21:25:44,不好
15305617090,2021-02-08 10:03:27,太软了
15380000584,2021-03-04 15:16:58,真的不好吃
15787084974,2021-06-10 09:00:29,味道有点不好
15806976097,2021-06-14 20:24:44,一般吧。
18668352755,2023-01-08 15:58:06,好腻，粘牙，一般般
18913420977,2023-03-19 10:07:14,和抖音上的没法比
15918550209,2021-07-03 18:08:49,不好吃
15991872949,2021-07-16 09:49:51,不好吃！
19164647779,2023-05-31 07:20:39,太甜了，甜得发腻
16842309879,2021-12-20 09:08:45,还行，偏甜
20052248653,2023-10-28 11:23:31,里面的果仁有坏的
20455783118,2024-02-04 15:37:01,不大好吃便宜没好货
20498915424,2024-02-22 13:34:56,全都化了吃着不得劲
15115687080,2020-12-30 20:30:23,还行吧
17076512924,2022-01-30 08:44:58,不好吃
17100189994,2022-02-08 09:45:01,太甜了，齁
17182412084,2022-02-26 20:19:05,货一般般的很
16913324356,2021-12-31 05:09:14,这家的零食的真是太好用了，用了第一次就还想再用一次。真是一次难忘的购物，这辈子没见过这么好用的东西！！大大的好评!以后买零食再来你们店！(￣▽￣)
18024696042,2022-09-06 16:18:05,可以
18120250044,2022-09-26 09:44:29,还可以
18264403366,2022-10-23 10:34:39,包装都烂了
20254769911,2023-12-16 12:29:35,奶皮很硬，坚果很小。和以前吃的不一样
18374284317,2022-11-12 14:08:30,有点腻
18432891977,2022-11-23 16:51:29,未收到货
18588990765,2022-12-22 13:44:49,太甜了
18692649773,2023-01-14 12:23:40,一般般吧！！！！！！！！！！
19307496414,2023-07-06 10:10:18,硬
20125225952,2023-11-12 15:25:15,难吃
20158372020,2023-11-19 13:17:00,太腻
20326730298,2024-01-04 15:19:51,不好吃！
20611922846,2024-03-23 14:11:51,一般
20748145990,2024-04-29 15:22:26,不好吃，不喜欢
18439650265,2022-11-25 12:10:14,这个真的很一般，我觉得不太好，没有那么多的巴旦木，口感真的一般
15228602314,2021-01-21 10:44:35,本人不喜欢吃。个人觉得太甜。
