id,time,content
18515756778,2022-12-12 12:17:36,实物与图片不符，没有奶粉
15099617163,2020-12-26 20:43:59,偏黄像变质过期，不是白色的，心小枣大奶少，
18241741791,2022-10-20 11:04:01,根本没有巴旦木，里边是空的
20140937696,2023-11-15 11:57:04,以为巴旦木奶枣的，差远了！
18679972184,2023-01-11 09:59:14,同时买的，一样有牛奶化了的问题
17279886934,2022-03-22 07:58:20,口味还可以，重量不足。
20468358155,2024-02-08 20:08:08,化了好几个，有一个都开口了，不好吃
18829190972,2023-02-26 14:23:57,买了，到了，尝了，说实话，不好吃
18290582908,2022-10-27 21:02:52,家人说不好吃  和实体店买到的奶枣差别太大了
19026348433,2023-04-16 10:39:00,买的是奶包巴达木，里面是枣，有点受骗的感觉
15285839649,2021-02-03 10:13:46,怎么说那这个东西不怎么样，做工粗糙口感不是太好老铁们别买，上当了
16216636515,2021-08-29 09:02:58,一分价钱一分货，这和我吃的奶枣不一样，外面那一次没有奶粉
19782190751,2023-09-21 03:48:47,这次一样的钱，却只发了一半的量，这样做生意比抢银行快
15375036364,2021-03-03 11:57:03,没有奶香味，黄不拉几的，我看叫黄枣，实物与图片不符
18735284405,2023-01-31 09:00:32,没买过那么难吃的，全部粘在一起的
17198045776,2022-03-02 15:40:19,巴木旦发苦跟坏啦一样 表面应该不是奶粉 不是很好吃
19790302072,2023-09-22 00:08:06,枣我吃到了，巴旦木谁吃了。能不骗不
20360204190,2024-01-14 00:54:37,烂，到手都这样了，不知道是物流的问题还是东西的问题
17717765106,2022-06-30 10:48:48,这包装也是简陋的没谁了，包装上连个品牌名字都没有！口感偏软
18138307188,2022-09-29 17:37:18,图片与实物不符，感觉一点奶粉都没有根本不好吃，真的不介意买
20257064444,2023-12-16 23:15:01,不好吃，味道不正宗，跟以前吃的味道不一样
18742464827,2023-02-02 12:55:42,化了变形了，吃着沾牙，外表不像介绍的那样。
20644800931,2024-04-01 09:54:50,买了两包，退货一包，另外一包拆封了，丢就没有退了。确实和实体买的东西是两回事。
19017294419,2023-04-13 05:03:38,咋说呢，我朋友说跟吃麻糖一样，别人的是一颗一颗的，你这一坨一坨的，看照片吧
18750311636,2023-02-04 17:27:17,现在是冬天有些都化了！而且有些还没有巴旦木！
20156127743,2023-11-18 20:12:53,1斤5袋，每袋才5个，重量不足拿保鲜剂来凑数，每包保鲜剂比5个还要重
17149809252,2022-02-19 17:20:26,收到产品，外包装是破的，然后里面奶枣，本来产品说明是有巴旦果的，但是有些没有，有些有的还很小，不新鲜，客服服务态度不好，如果产品不改进，不建议大家购买。
20361798439,2024-01-14 15:34:28,难吃 ，吃几个就腻了。里面巴旦木也没有什么味道
17103530071,2022-02-09 08:53:31,谨慎购买 外面裹的奶粉 黏糊的 里面的杏仁 吃10个 8个没有
15292260274,2021-02-04 19:36:09,不好吃，里面的果仁都不香了，棉花糖也过得不均匀，奶粉少得可怜，没有奶香味
16196764074,2021-08-26 08:40:35,外面奶粉梆硬 ，里面大枣梆硬，从中间咬开，根本看不见巴旦木，就不应该看着便宜就下单。
20422395337,2024-01-26 22:15:36,没有比这个更难吃的了，送到外面白白的都融化了，一吃一股味道
20273088254,2023-12-20 20:00:03,味道还不错  袋有个口子  然后里面还有开封的 谁知道会不会出事 出事谁负责？
18679962769,2023-01-11 09:57:33,表面的那层奶看起来像融化了一样，同事都觉得是不是过期了，毕竟现在是冬天，温度这么低
19086716506,2023-05-06 11:21:10,巴旦木和花生一样小我忍了，拿到的时候里面独立包装接近10个包装坏了，大部分奶枣也融化了，先不说产品吃起来怎么样，就这个包装我是服的，而且不应该叫巴旦木奶枣，就应该叫奶枣，巴旦木你放不放有什么区别，反正都吃不出来，好评都是刷的吗？
15358943286,2021-02-27 14:38:58,太难吃了，都化了粘乎乎
15085610656,2020-12-23 14:12:38,最难吃的奶枣，必须差评
16805217468,2021-12-12 21:59:19,一点不好吃，太硬了硌牙
15925787103,2021-07-04 23:05:35,太难吃了，难吃的超出想象
15205312138,2021-01-15 15:06:11,不是真的奶枣，很不好吃
15763447407,2021-06-05 10:47:20,超难吃 就吃了一口 还吐出去了
16838770632,2021-12-19 13:16:37,超难吃。和实体店，天差地别。家里没人吃
15249047848,2021-01-25 22:10:05,说句实话 差评  外面裹的奶 看一样子 我吃到都不放心
16871117799,2021-12-25 08:54:09,不好，巴旦木不但不脆，还有很多枣里面没有差评
17401060101,2022-04-23 09:03:52,一般我都是默认好评的，这个实在难吃，顶不住了
15564448685,2021-04-16 22:23:32,绝对是假货啊，表皮特别硬，味也不对
18710432728,2023-01-19 12:12:31,里面全部发霉的，有垃级在里面
18844780292,2023-03-02 15:42:22,特别差，特别难吃，想买的慎重
18848463538,2023-03-03 18:34:00,非常的粘牙，不好吃，一星都多了
15283967367,2021-02-02 19:42:38,费劲死了，货都没收到，退还那么费劲，客服解决问题就是拖
20539747291,2024-03-04 14:04:02,黏糊糊的，难吃，一个都吃不下，扔了
20220138947,2023-12-07 07:19:08,一点奶味都没有，红枣也次品，极差
16837984529,2021-12-19 10:41:02,太甜了，吃着不像是裹的奶粉，像面粉一样，不会再购
16896151402,2021-12-28 22:08:53,看到扶贫才买的，还有的是空包，这样做伤的是消费者的心，更是拿扶贫当噱头，未落实精准扶贫！！！
16111456123,2021-08-09 18:10:30,一星我**都不想给，什么东西啊这是，吃了一个吐了三次，怀疑是过期食品，真是什么商家都有
19879762952,2023-10-02 00:23:44,太难吃了 齁甜齁甜 并不是酸奶
15239952962,2021-01-23 21:31:58,有的都酸了！！！口感也很差，没有之前吃过的好，快递很慢
18290837233,2022-10-27 21:56:12,差评，内独立包装漏气
15347678194,2021-02-24 15:36:35,我平时不喜欢给差评的，快递慢，而且东西也难吃，说好的外面有一层奶粉，奶粉呢？
15271860468,2021-01-31 00:44:17,超级无敌难吃！ 绝了 ！感觉棉花糖和奶粉都是假的 太难吃了！这还是扶贫产品&hellip;&hellip;坑！
18745286498,2023-02-03 10:35:13,不好吃，很硬，香蕉皮一股劣质油的味道
17101382643,2022-02-08 15:29:57,难吃得要命，巴旦木也没有，骗人的，而且快递还慢，十天才到货，吃了粘牙，千万别买！！
20450030668,2024-02-02 21:59:05,建议别买，吃了好几天发现拉肚子，这么冷的天，有大概一半是化的，包装也很简陋
20053320069,2023-10-28 15:58:37,严重缺斤少两，写每袋净重250g 实际两袋加一起也不到200g
18754345440,2023-02-05 21:41:05,一整袋都是粘着包装袋的，甚至有个别是袋子已开裂，真心觉得不怎么好，一颗星都不想给
18763629854,2023-02-08 17:44:21,这是我吃过最难吃的奶枣！！！外面的奶酪贼硬！！！
17733532459,2022-07-03 20:35:50,垃圾骗人的，哪有干果？全都是胶皮一样的面皮，不值
18650113498,2023-01-04 13:14:46,太难吃 粘牙齿 第一次吃到这么难吃的奶枣
17361870901,2022-04-13 14:25:49,快递太慢，实物口感不好，好多里面没有干果，太腻，考虑到吃了，也不好退货，反正不会再买，建议大家考虑！
18218783760,2022-10-16 09:47:23,这个属实是有点@，里边的坚果都有味儿啦，太难吃了
20690916631,2024-04-13 23:02:36,里面坚果太小，而且好多都是快融化了，全都是软成稀了
17055831252,2022-01-26 16:21:34,没有里面留言说的那么好，刚收到货，巴木旦小的可怜，有些奶枣里面还放花生米代替巴木旦。我之前在买过其他家的，都没有没有这次买这么假的奶枣
15328265959,2021-02-18 16:05:00,味道不是很好，外面的奶都软了，大过年的算了吧，真就当是扶贫了，希望商家能认真的提高产品质量，这样才能早脱贫，真脱贫
15422288865,2021-03-15 11:18:32,一、与图不符，枣太难吃了，坚果小还受潮的口感，没吃到坚果的香味，太甜，齁嗓子。强烈建议不要购买。不健康，尤其小孩一定不要吃这个。，二、包装简陋，三无产品，质量是否合格不知道。
15408547352,2021-03-11 16:15:55,差评！和蜜芽上面买的差太远了！！！！可惜那包吃完了 人家上面裹的奶很厚 没有这个那么粘！视频为证你们自己看吧！我去年还买了两斤回去给爷爷奶奶！知道是这样的就不买了！太失望了
15123557086,2021-01-02 01:48:22,这是我吃过全网最难吃的牛奶枣。，第一：表面颜色偏黄，看别的买家照片白白的，我这黄不拉叽。，第二：口感毫无奶香味儿，满嘴的香精味。，不知道那么多好评哪来的？
20426803562,2024-01-27 16:09:32,奶枣真难吃，吃两个就腻了，和宣传图片一点也不一样呀，外面的那层白的齁甜
16976553578,2022-01-11 20:34:32,很难吃，买过来伊份和枣粮先生的，跟这个完全不一样，这家外面包的那层很难吃，要是有试吃肯定退了，现在弃之可惜，食之难受&hellip;&hellip;之前买没几天就吃完了，这次这么多天了，完全是完成任务在吃&hellip;&hellip;
20063671964,2023-10-31 09:33:21,一点都不好吃，枣上面裹了一层厚厚的东西，吃起来也不好吃，不建议大家购买
18625676942,2022-12-30 11:16:39,这是我吃过最难吃的奶枣！外面那层就像很硬的奶糖 特别甜 根本不是常规吃到的软的奶粉那种！吃了一个就吃不下去了！
19996831350,2023-10-23 21:28:09,奶酪是假的，估计是人工合成的，跟第一次别人买的新疆那边的口味完全不一样，这个硬邦邦的，奶酪是假的，吃了肚子不太舒服！不好吃，不好吃！怕吃坏肚子都不吃了，浪费钱
18834626742,2023-02-27 19:44:36,吃过好多家奶枣了，但是他家的最不好吃。 他家外面一层奶皮巨厚，带着一股劣质的味道。而且巴旦木也不是巴旦木，只是普通的。杏仁。大无语
15305896969,2021-02-08 11:17:56,没收到货就被签收了，快递说查不到
16216775566,2021-08-29 09:46:43,实物包装和展示样品完全不一样。
16239432698,2021-09-02 14:05:48,我买的夹的巴旦木的，给我发的核桃的
17485113958,2022-05-13 11:19:36,此用户未及时填写评价内容
15235555798,2021-01-22 21:06:37,吃出了头发，我就服了，直接把人吃潮了
16070669012,2021-08-01 21:22:16,差评，吃了拉肚子！！！
18664588073,2023-01-07 17:44:18,特别不好，很失败的一次购买
19066890512,2023-04-29 12:03:51,怎么好几个死老胶粘的
15256675656,2021-01-27 15:20:08,图文不符 不好吃
20363190436,2024-01-14 22:09:07,这到货就这个包装，差评。
20093419293,2023-11-06 10:15:29,不好，差评与描述的商品不一至
17301346493,2022-03-27 18:40:12,最难吃的一次。别买
18589143888,2022-12-22 14:09:58,买的时候改了地址还是给我发原地址去了，东西没送到又给我签收收货了。
17993164482,2022-08-31 16:43:20,真的不好吃  希望大家不要买
15450919254,2021-03-22 22:06:28,漏气变质的
15588380274,2021-04-22 11:23:43,不好吃，太油
15677303902,2021-05-15 22:56:12,时间长了，太硬
16191527550,2021-08-25 15:24:27,#死了！我服了
20363184216,2024-01-14 22:09:34,这快递到货的包装，差评。
18453510815,2022-11-29 08:04:27,果仁真次，有坏的
19162268295,2023-05-30 12:34:33,到手都分离了全融了
20363189397,2024-01-14 22:10:01,这到货包装，差评。
20385597788,2024-01-21 14:32:16,怎么能这么难吃
17166883265,2022-02-23 11:09:37,真**难吃
17289921138,2022-03-24 18:15:07,难吃
15351505981,2021-02-25 14:23:10,平台可以拒收，商家因为拒收运费高，还打电话侮辱，反复派送，打扰
18759116762,2023-02-07 12:00:59,漏气+牛奶化掉+包装巨差。         建议不要在这家买 去实体店买
15321152252,2021-02-15 15:53:16,很甜，很腻，棉花糖不好吃，杏仁小，算了算了，我还是去~吧
18464766936,2022-12-02 02:30:36,难吃
18681788175,2023-01-11 17:22:07,太难吃了
18763073421,2023-02-08 15:02:38,垃圾东西
18808790432,2023-02-20 14:27:21,没收到快递
18921444074,2023-03-20 16:21:12,不好吃
18988820252,2023-04-04 19:58:53,不好吃
19113210137,2023-05-15 12:13:33,全部都融化了
19580919676,2023-08-27 01:37:29,甜过马去
20244403048,2023-12-13 18:40:23,味口一般
20371162661,2024-01-17 12:50:43,一点也不好
20385600177,2024-01-21 14:32:33,难吃
20427504874,2024-01-27 19:16:17,有些腻
16356439492,2021-09-24 21:18:51,这是第二次购买了，孩子喜欢吃，就又买了两包，可惜了，这次买的和上次买的同款，口味一样，可是孩子说里面的枣没有上次的好，大小不一的。我有些失望😞
15108276477,2020-12-28 22:35:19,这个只吃了一颗，整袋全扔了，真难吃，外层化了的面粉裹着一个没有味道的枣，里面还有一个吃到嘴里不知道什么东西的皮皮塌塌的一个果仁，真是太难吃了，同时买了两个品牌的奶枣，另外那个品牌的一大包很快就被吃完了，这个吃了一颗就犯#，全都扔了，再不买了，太浪费了
20375649206,2024-01-18 17:44:45,在资格直播间抢购到的，一块钱一件，总共拍了五件，发来的就是一件，说什么数量有限，个人账户只能限你一次，你搞活动时候怎么没有说明，这不是明显的霸王条款真是差呀，搞不起活动就不要搞，装什么大尾巴狼？
18366233007,2022-11-11 09:53:59,难吃的要死，齁甜，全是奶粉化的外层，巴旦木十个有八个没有，#儿，别买，千万别买，真的一星都不想给，怎么能这么难吃没想到害
16837984529,2021-12-19 10:41:02,太甜了，吃着不像是裹的奶粉，像面粉一样，不会再购
16805217468,2021-12-12 21:59:19,一点不好吃，太硬了硌牙
16519932042,2021-10-26 09:48:33,表里不一，大家谨慎购买！
16239432698,2021-09-02 14:05:48,我买的夹的巴旦木的，给我发的核桃的
16070669012,2021-08-01 21:22:16,差评，吃了拉肚子！！！
15925787103,2021-07-04 23:05:35,太难吃了，难吃的超出想象
15800256903,2021-06-13 09:56:10,外面包的真难吃，跟一层面包捏外面一样。，家
15763447407,2021-06-05 10:47:20,超难吃 就吃了一口 还吐出去了
15677303902,2021-05-15 22:56:12,时间长了，太硬
15671766376,2021-05-14 15:56:30,此用户未填写评价内容
15588380274,2021-04-22 11:23:43,不好吃，太油
15564448685,2021-04-16 22:23:32,绝对是假货啊，表皮特别硬，味也不对
15450919254,2021-03-22 22:06:28,漏气变质的
15425538645,2021-03-16 08:35:47,此用户未填写评价内容
15422288865,2021-03-15 11:18:32,一、与图不符，枣太难吃了，坚果小还受潮的口感，没吃到坚果的香味，太甜，齁嗓子。强烈建议不要购买。不健康，尤其小孩一定不要吃这个。，二、包装简陋，三无产品，质量是否合格不知道。
15408547352,2021-03-11 16:15:55,差评！和蜜芽上面买的差太远了！！！！可惜那包吃完了 人家上面裹的奶很厚 没有这个那么粘！视频为证你们自己看吧！我去年还买了两斤回去给爷爷奶奶！知道是这样的就不买了！太失望了
15387573622,2021-03-06 13:23:52,还没用多久，现在就坏了
15375036364,2021-03-03 11:57:03,没有奶香味，黄不拉几的，我看叫黄枣，实物与图片不符
15371645259,2021-03-02 20:30:19,此用户未填写评价内容
15358943286,2021-02-27 14:38:58,太难吃了，都化了粘乎乎
15352317012,2021-02-25 17:34:55,不是说是脆枣嘛，怎么能是软的呢！哎
15351505981,2021-02-25 14:23:10,平台可以拒收，商家因为拒收运费高，还打电话侮辱，反复派送，打扰
15347678194,2021-02-24 15:36:35,我平时不喜欢给差评的，快递慢，而且东西也难吃，说好的外面有一层奶粉，奶粉呢？
15328265959,2021-02-18 16:05:00,味道不是很好，外面的奶都软了，大过年的算了吧，真就当是扶贫了，希望商家能认真的提高产品质量，这样才能早脱贫，真脱贫
15321152252,2021-02-15 15:53:16,很甜，很腻，棉花糖不好吃，杏仁小，算了算了，我还是去~吧
15305896969,2021-02-08 11:17:56,没收到货就被签收了，快递说查不到
15292260274,2021-02-04 19:36:09,不好吃，里面的果仁都不香了，棉花糖也过得不均匀，奶粉少得可怜，没有奶香味
15285839649,2021-02-03 10:13:46,怎么说那这个东西不怎么样，做工粗糙口感不是太好老铁们别买，上当了
15283967367,2021-02-02 19:42:38,费劲死了，货都没收到，退还那么费劲，客服解决问题就是拖
15277850802,2021-02-01 13:24:44,此用户未填写评价内容
15271860468,2021-01-31 00:44:17,超级无敌难吃！ 绝了 ！感觉棉花糖和奶粉都是假的 太难吃了！这还是扶贫产品&hellip;&hellip;坑！
15256675656,2021-01-27 15:20:08,图文不符 不好吃
15249047848,2021-01-25 22:10:05,说句实话 差评  外面裹的奶 看一样子 我吃到都不放心
15239952962,2021-01-23 21:31:58,有的都酸了！！！口感也很差，没有之前吃过的好，快递很慢
15235555798,2021-01-22 21:06:37,吃出了头发，我就服了，直接把人吃潮了
15205312138,2021-01-15 15:06:11,不是真的奶枣，很不好吃
15170187423,2021-01-08 19:17:47,里面的果仁小的不能再小了！根本吃不出！不值！
15123557086,2021-01-02 01:48:22,这是我吃过全网最难吃的牛奶枣。，第一：表面颜色偏黄，看别的买家照片白白的，我这黄不拉叽。，第二：口感毫无奶香味儿，满嘴的香精味。，不知道那么多好评哪来的？
15108276477,2020-12-28 22:35:19,这个只吃了一颗，整袋全扔了，真难吃，外层化了的面粉裹着一个没有味道的枣，里面还有一个吃到嘴里不知道什么东西的皮皮塌塌的一个果仁，真是太难吃了，同时买了两个品牌的奶枣，另外那个品牌的一大包很快就被吃完了，这个吃了一颗就犯#，全都扔了，再不买了，太浪费了
15099617163,2020-12-26 20:43:59,偏黄像变质过期，不是白色的，心小枣大奶少，
15089536728,2020-12-24 12:31:10,此用户未填写评价内容
15085610656,2020-12-23 14:12:38,最难吃的奶枣，必须差评
