id,time,content
20286311109,2023-12-24 10:46:26,产品质量非常的好。使用以后非常满意。非常感谢厂家提供这么优质的产品。也感谢京东为我们提供这么多优质的厂家。还有快递员辛苦的每一天的付出。为我们消费者带来了很多方便，谢谢
20337564150,2024-01-07 16:41:53,这款米粉，以前买过，味道还不错，价格不贵，很实惠。京东上的东西不错，家里平时的日常生活用品基本上都是从京东上买的，质量可靠，快递速度挺快，快递小哥的服务态度也很热情周到。
20359655069,2024-01-13 20:53:40,米粉的质量特别有保证，粗细均匀，干燥紧实不粘连。用水浸泡后煮熟，加上配菜，就可以吃了。米粉韧性很好，滑嫩嫩的，口感细腻。商家服务态度好 这个商品的质量真的很好！外观精美，手感舒适，使用起来非常顺手。卖家的服务态度也很好，让我购物无忧。
20368655189,2024-01-16 16:55:40,这个品牌的产品质量非常的好。各方面都是很不错的。是值得信任的厂家。也感谢京东为我们提供这么多优质的厂商。为我们消费者省去了不少麻烦，在京东上面购物是非常愉快的。我购物这么多年的感想。也感谢京东快递员辛苦的付出，谢谢！
20410313557,2024-01-25 10:50:51,终于买到满意的商品了，超出期望，非常喜欢，身边的人都问我要链接 这个商品的质量非常可靠！经过使用测试，它表现出色，没有出现任何问题。卖家的服务态度也很好，给予了及时的售后支持。
20351070054,2024-01-11 10:24:51,这家店还好吧，来买过几次了，服务老客户非常周到，以后还常来。 这个商品超出了我的期待！不仅质量上乘，而且功能齐全，性价比很高。卖家的服务态度也非常好，让我有了愉快的购物体验。
20351076052,2024-01-11 10:26:24,这个价格仍然很划算。经济、便宜、质量非常好，与卖方描述的完全一样。非常满意，完全出乎意料，超划算，划算，购物比实体店便宜多了，非常满意网上购物。我希望卖家的生意会越来越红火，物流会越来越快，包装会越来越结实。六星表扬，多一星不怕你骄傲，犹豫不决的朋友会很快下单，这是良心的推荐。它真的很好，而且价格也很高，所以你将来可以在这里买。给三个好评就满足了！满意了！满意了 卖家的服务真是一流！他们把顾客的需求放在首位，耐心解答疑问，并提供了专业的建议。物流速度也很快，让我迅速收到了商品。
20422702692,2024-01-26 23:07:20,挺好的，和想象中一样，随意搭都很好看，满意！宝贝收到后很满意，外形颜色也很喜欢，挑选好多家，果然没看错，希望把好物分享给大家☺️
20603690841,2024-03-21 09:15:15,米粉是我喜欢的种类 已经多次回购了 易泡易煮 不糊汤 炒着吃 做汤粉 都很美味 配上自己喜欢的蔬菜和鱼肉 美味不可挡 希望米粉一如既往的好 下次再回购 祝卖家生意兴隆！！！！！！！！！！！！！！！！
20371476776,2024-01-17 14:31:40,很快就到了，全新正品👑，包装很仔细，没有问题款式很大方，质量非常好，价钱也很合理货收到后就拆开用了，质量很好，东西和官网买的没区别！很好的购买平台，质量不错，特别是有品牌的，值得信赖物流很快，👍产品很快就收到了，比想象中还好，不错不错！希望能耐用
18926229106,2023-03-21 20:21:43,不错很劲道，让我记忆中的南昌及下面江西地市出差时吃早餐的悠闲，来个拌粉
19055812317,2023-04-25 18:58:49,收到，物流太快了！👍👍👍，昨天做了生菜牛筋丸米线太好吃了，劲道，味道非常好吃！价格也很实惠的噢！又够吃一阵了！👍👍👍，物美价廉好食材！放心入手哦！
19701030227,2023-09-15 13:29:03,口感很劲道！儿时的味道！适合家庭备用！价格实惠
17164628359,2022-02-22 19:37:26,一次很好的购物体验，服务周到，物流快速，配送也很周到，态度也很好，好评！已经吃过了，口感很好，做发也简单，水开下干，粉丝煮三分钟关火，盖锅盖焖五分钟。自己烧汤，烫一下就好了。
18471124127,2022-12-03 18:33:45,江西米粉真的很不错，以前都是买一包有调料的制成品这样的价格要贵，但是这次买的这么一大包价格就便宜多了嗯米粉和以前的一样的好快递速度很快下单之后很快就发货了，收到的时候包装也很好，东西真的很不错嗯，我觉得这样的商家应该大力推荐，真正绿色的农产品
18903954622,2023-03-15 23:50:29,米粉的质量特别有保证，粗细均匀，干燥紧实不粘连。用水浸泡后煮熟，加上配菜，就可以吃了。米粉韧性很好，滑嫩嫩的，口感细腻。商家服务态度好
18709149259,2023-01-18 21:34:50,江西米粉，大米制作的米粉，可以煮螺蛳粉味道很好吃，分量很足，一大包，可以吃几餐。
18420455142,2022-11-20 21:52:01,米粉很好，买过这款已经很多次了，煮之前先用水泡着比较容易煮熟。凉拌煮汤都好吃滑溜溜的。
19908540464,2023-10-04 14:36:30,多次回购这款江西米粉，囗感不错，Q弹劲道爽滑，非常好吃。不愧是江西特产。包装很不错，2斤一包，很方便。快递也很快。点赞！
18340771355,2022-11-06 16:03:58,宝贝非常棒，是自己想要的那种风格，到货也很快，谢谢老板，服务五颗星；制作方便，材质也很好！比较耐煮，还是家乡那味，给个赞！
18820104948,2023-02-23 14:21:51,已经是多次购买的商品，价格优惠，质量保障的，6.9元购买的产品，质量绝对优势，战胜困难的时候就是买这个东西，真的是很不错吧。
18682292123,2023-01-11 19:15:33,买的两斤装江西米粉包装很严实，足量的米粉整整齐齐，还没有煮，后面尝过如果好吃会回购的～
20398046084,2024-01-23 18:25:45,发货快，服务好，米粉很好吃，鲜，煮几分钟煮不烂。下次再来买。
18494770248,2022-12-08 13:23:08,口感很好，已经回购好多次了，物美廉价😍😍😍😍😍😍😍😍😍😍😍
18603807324,2022-12-25 13:07:38,一直在回购这米粉，足以说明我有多满意这米粉，正宗纯米粉，够劲道，炒一炒，太好吃了。。
19386227791,2023-07-30 19:08:59,非常好吃哦，自己在家做，放点菜和肉，太香了！！！，已经吃了一半了。
18076891582,2022-09-17 22:58:40,米粉很好吃，已经在这家买过两次，煮之前先用温水泡一下更快煮熟。
19412288096,2023-08-07 22:56:49,米线很好用冷水隔夜浸泡燒煮更方便不易𤊥糊。用高汤鲜麻菇肉絲煮味道更鲜美味。
19418711582,2023-08-09 21:38:54,米线很好。但是最好在食用前先用冷水浸泡4-5小时后再煮比较容易烧软。
18350567094,2022-11-08 11:46:44,一直在京东买这家的米粉，口感很好这是第N次买了，吃完再来买。
19348550773,2023-07-19 00:44:28,米线很好吃，口感劲道爽滑，分量很足，口感不错，煮麻辣烫很好吃，符合我的口味，不愧是凉江西特产啊，够吃一阵的了，价格也便宜，味道很香，Q弹爽滑，很满意的一次购物，一如既往的好评
20426225820,2024-01-27 13:22:38,米粉口感可以，质量好，不管是拿来做汤米粉还是炒米粉都很好吃
18821612852,2023-02-23 21:42:43,米线真的很好，劲道不易断，口感很好，先泡软再煮，大火5分钟就好了。零失败率，好掌握。五星好评。吃完定回购。
20162058275,2023-11-20 11:40:51,粉条泡发在煮就很容易煮开了，泡一晚上的话我两分钟就可以了
18948783928,2023-03-27 14:11:02,收到货了，打开看了一下，还不错，米粉吃起来很好吃，比外面买的实惠多了，外边一台一点，最主要的是煮出来味道超级好
19389166902,2023-07-31 17:33:51,冷水侵泡一宿，开水煮3分钟。过冷水，炒粉非常棒，爽滑筋道，米香十足。
20204393502,2023-12-02 13:16:33,🎉收到货了，米粉质量不错炒着吃或者做酸辣粉都很不错哦
18799081543,2023-02-18 14:27:27,在外地还可以吃上老家的米粉，这个米粉和它价位相比来说还是很巴适的，物流也快
18665972190,2023-01-07 22:55:50,米粉收到了！！发货速度很快！！快递包装完好！！质量也很好！很喜欢！！跟超市卖的一样！但是价格比超市便宜！！性价比高！简直就是价廉物美、物超所值！！很满意的一次购物！！全五星好评！！推荐购买！！下次再来！！！
18114718491,2022-09-25 08:16:10,江西米粉好看又好吃，不太细又不太粗，口感QQ弹弹的太好吃了，拌的，汤的，炒的都非常好吃。
20340678513,2024-01-08 14:18:59,江西米线，包装很好，吃了很不错，给五星。
19896262967,2023-10-03 10:49:32,这米粉很好吃，口感很棒，吃完又买，几年了
18137889856,2022-09-29 16:15:40,有韧性，最好预先温水泡半天，这样煮起来快一点，不然需要小火慢慢煮5分钟以上。汤粉拌粉都好吃。店家发货神速！
20605939430,2024-03-21 19:19:27,很不错，第二次回购，，价格实惠，可以吃好多多，，煮，炒，都很方便，，完美
18460251356,2022-11-30 21:21:42,江西米粉，可吃干拌粉，可做汤粉，还可以做炒粉，凉拌米粉，都很好吃
19008242427,2023-04-10 11:43:24,江西米粉上唐佬，价格不错。根据戴上的烹饪方法，米粉泡的很成功有筋道。下次还买。
19352803389,2023-07-20 11:47:23,粉干不错。用冷水泡一两小时，然后再煮个三分钟左右，接着再焖两三分钟，就可以捞出来或拌或提前准备好汤。，我一般都是用来拌着吃的，口感很不错。
18055150898,2022-09-13 08:48:44,米粉很好，一直买这款米粉，煮泥鳅粉干酸辣粉之类的用这款就挺好的。用水泡先软再放开水捞就很快煮熟。
20180722594,2023-11-25 14:03:23,米粉不错，泡起来的速度也非常快，上面都有说明，非常方便，下次还买
17899670080,2022-08-11 19:04:09,这个米线已经吃过好几次了，包装很简约，而且长短正好，适合家用的小盆子浸泡。主要是比较细，粗的叫做米线，细的叫做米粉，做这个一定要配合肉酱！
19024197368,2023-04-15 14:51:12,感非常好有嚼劲☁胀包问题吃了饱腹感很强包装品质包装干净卫生口感味道味道很香，不错哦炒着吃挺好吃并且不硬很好吃孩子也喜欢吃
20438003505,2024-01-30 17:01:50,非常好吃的米粉，好多次购买了。我是冷水浸泡时间长点软了直接放荤汤里吃的。
19179262457,2023-06-03 15:34:06,米线质量不错，价格合理。快递包装很好，速度快，送货到柜子里，服务态度好。
20425923578,2024-01-27 11:59:04,非常好的东西。冷水浸泡时间长点。软了就可以直接放汤里吃了。节省煮的时间。
18714521802,2023-01-20 15:56:39,包装很严实，足量的米粉整整齐齐，还没有煮，如果好吃还会回购
18376181254,2022-11-12 18:53:56,"现在才知到京东评论字多些可以翻倍积分值呢,这才 知知道好评的重要性。这个福利实在太赞了,妥妥的 每条都来评论下,赚积分,下次还能抵现金用。评论 80个字宇以上,可以得到50个积分从此我无论买什么 东西都会把这个段话复制粘贴下凑够字数,然后再填 觉的很棒,现在去超市都少了,大部分生活物品零食 都在京东买!速度快是最大优点,要继续保持哦!其 次质量有保证,平时在网上假货风险比较大的,从京 东超市买的放心,吃的安心,得跑超市,京东更便 捷,而且包装非常好,还是比较值得信赖的,不用去 实体超市买,相比优惠了很多!这次买的都挺满意 的,京东值得信赖很好满意!开通PLUS会员优惠更 多更实惠!"
18582662222,2022-12-21 12:26:06,这个价格仍然很划算。经济、便宜、质量非常好，与卖方描述的完全一样。非常满意，完全出乎意料，超划算，划算，购物比实体店便宜多了，非常满意网上购物。我希望卖家的生意会越来越红火，物流会越来越快，包装会越来越结实。六星表扬，多一星不怕你骄傲，犹豫不决的朋友会很快下单，这是良心的推荐。它真的很好，而且价格也很高，所以你将来可以在这里买。给三个好评就满足了！满意了！满意了
18737776010,2023-01-31 22:02:19,米粉不错，口感也很好，很满意。
20716904028,2024-04-21 09:42:23,很好的解决各种餐食营养问题和膳食纤维缺乏问题等方面的专家建议及时解决便秘等营养缺乏问题
18669154622,2023-01-08 18:41:21,米粉看着不错哦，给公司同事也买了很多，份量很足
17881545741,2022-08-07 09:55:48,终于买到满意的商品了，超出期望，非常喜欢，身边的人都问我要链接
20510966498,2024-02-25 23:11:48,特别好吃，煮着吃炒着吃都可以。，非常容易煮熟。
18673111396,2023-01-09 17:05:10,软糯香甜可口美味，还会继续购买这个产品，超赞
14209234180,2020-05-29 10:26:25,收到货包装很好，配料也齐全，不用自己另外去做配菜，几分钟就可做出早餐，一盒料足，够我和小孩两个人吃早餐，口味香，辣椒油不辣，挺适合我的口味，疫情期间，自己在家做饭吃得放心！活动价买的，物廉价美！还会回购的！
19060935434,2023-04-27 14:51:23,刚好做活动，价格便宜了很多，性价比超高，真的特别划算
19366770888,2023-07-24 17:05:42,价格实惠，发货超快，还没吃&hellip;米粉看上去不错👍
18407959516,2022-11-18 10:05:15,🎁宝贝收到了，颜色很好看，质感也很好，样子简单！🤩是我想要的！！下次还会再来！正品，买的放心，价钱也公道，满意！宝贝心仪很久了，趁活动时候买真的太划算了，喜欢的不要犹豫啊宝贝物超所值，很喜欢，下次还会来的(๑&bull;̀ㅂ&bull;́)و✧价格超优惠，性能也非常棒，完美的一次购物
19299569402,2023-07-03 18:14:06,包装重量1kg，实际重量1.05kg，只多不少，粉耐煮，很好吃，会回购
18500046841,2022-12-09 16:14:41,味道很正宗，好吃不贵，多买点备着。本来是疫情备货，现在都快吃完了。
20636829636,2024-03-30 01:33:14,江西米粉多次购买，非常好吃，味道纯正，口感润滑，很有嚼头而且不硬，食用方便，分量十足，物流较快，包装完好，没有破损满意！
19545511010,2023-08-17 11:19:56,口感好，炒粉拌粉都很好吃，值得推荐，江西老表支持一下哦
19110992165,2023-05-14 17:03:19,已经干掉了一小包，感觉发货速度非常快，包装很好，价格实惠，质量很好，没发现什么问题。之前买的好长，这次购买的，有剪短，一样长，这个很难满意。货真价实的，比较满意的一次购物。
20746946707,2024-04-29 10:05:40,🎁宝贝质量很好，收到货第一时间打开看了，很不错👍，很满意😃，客服也有问必答，感谢🙏
20367833713,2024-01-16 12:42:03,物流很快，东西也不错，跟店铺描述一致，服务也很好。推荐购买，好评点赞。
17709876263,2022-06-28 15:56:16,米线很好，做了很好吃，孩子也喜欢吃，非常满意的一次购物
19674185150,2023-09-13 10:58:34,这款江西米线真的超级喜欢，味道真的超级超级好吃，家人们都非常喜欢吃，店家态度真的很好，下次一定要买，大品牌就是值得信赖。
18286577238,2022-10-27 01:20:35,米粉很劲道，头天晚上泡好，第二天煮起来会很容易熟。
18116780210,2022-09-25 15:30:21,米粉很好吃，不管是拿来炒还是煮，都很不错。
18808209575,2023-02-20 12:03:54,收到货物后，我第一次打开包装。我觉得质量还是比较好的，这和卖家的描述是一致的。我非常满意。传送速度相对较快。物流公司服务态度好，交货速度快。总的来说，这是一次非常令人满意的购物。多亏了卖家。
18369834436,2022-11-11 19:50:20,总体来说，确实很不错，客服的服务态度也很棒，说话几乎马上就会回消息，物超所值，真心推荐
19334895666,2023-07-14 19:56:00,买了好几次了，晚上睡觉前泡上，早上起来煮很快，加上自己喜欢的调料和素菜，很好吃
20368721475,2024-01-16 17:15:18,不错不错，按说明煮，很方便，很好吃
19243309374,2023-06-18 18:17:59,一直买这家的米粉，好煮，好吃，口感很好
19956876381,2023-10-11 05:54:28,多次回购这款江西米粉，囗感不错，Q弹劲道爽滑，非常好吃。不愧是江西特产。包装很不错，2斤一包，很方便。快递也很快。点赞！
18402883210,2022-11-17 10:11:05,宝贝非常棒，是自己想要的那种风格，到货也很快，谢谢老板，服务五颗星；制作方便，材质也很好！比较耐煮，还是家乡那味，给个赞！
20488223922,2024-02-19 10:10:12,"质量非常好,与卖家描述的完全一致, 真的很喜欢,完全超出期望值,发货速 度非常快,包装非常仔细、严实,京东物流公司服务态度很好,运送速度很快,很满意的一次购物质量很好, 希望更多的朋友信赖京东. 客服态度特好, 我会再次光顾的,发货迅速,态度很好,很满意!"
20532504094,2024-03-02 17:40:03,收到货了，非常快，质量也很好，好评
19693389653,2023-09-14 21:40:20,"质量好,发货速度快,包装用心,物流运送速度很快,宝贝与卖家描述的一致,真的很喜欢,完全超出期望值，很满意的一次购物。"
18359242775,2022-11-09 22:44:42,很好吃的米粉，久煮不烂。口感好。。。。。。。
18703841008,2023-01-17 11:44:34,米粉每年必备，看了很多家，这个很实惠，给家里和姐姐备上！
17980580134,2022-08-29 08:22:10,一次很好的购物体验，服务周到，物流快速，配送也很周到，态度也很好，好评！已经吃过了，口感很好，做发也简单，水开下干，粉丝煮三分钟关火，盖锅盖焖五分钟。自己烧汤，烫一下就好了。
20294850969,2023-12-26 16:07:43,发货快速，包裹认真，非常满意！
20546360746,2024-03-06 01:44:14,包装完好发货速度快，配送及时商品质量非常不错，价格实惠好评，下次再来
20378376985,2024-01-19 13:54:19,米粉收到，物流很快！米粉还没有吃，先给个好评吧！
18845541569,2023-03-02 19:40:02,很满意的一次购物，商家服务好，发货神速，物流也很给力，宝贝收到后非常喜欢，买得放心，用得安心
18717398701,2023-01-22 12:23:29,这个价格仍然很划算。经济、便宜、质量非常好，与卖方描述的完全一样。非常满意，完全出乎意料，超划算，划算，购物比实体店便宜多了，非常满意网上购物。我希望卖家的生意会越来越红火，物流会越来越快，包装会越来越结实。六星表扬，多一星不怕你骄傲，犹豫不决的朋友会很快下单，这是良心的推荐。它真的很好，而且价格也很高，所以你将来可以在这里买。给三个好评就满足了！满意了！满意了
18998697013,2023-04-07 21:41:54,东西不错，物美价廉，实惠实用，好东西要分享
17684964739,2022-06-23 14:49:50,这面可以，我那来炒来吃，加个蛋很好吃
18845464308,2023-03-02 19:13:29,货已经收到了，谢谢老板谢谢快递员，包装很好，物美价廉
18829024434,2023-02-26 13:27:15,米粉纯正 无论炒米粉还是汤米粉 都很劲道！
19049078411,2023-04-23 15:52:49,物流很快，包装也可以，长短合适，不知道质量怎么样
18704437766,2023-01-17 14:44:24,老买的江西米粉，很不错，头一晚泡，第二天早上一烫就好了
18927983877,2023-03-22 06:36:43,米线不错，口感也很好，是个不错的食品。
18588435625,2022-12-22 12:21:56,我真的非常喜欢它，非常支持它，质量非常好，和卖家描述的一模一样，我非常满意。我真的很喜欢它，它完全超出了预期的价值，交货速度非常快，包装非常仔细和紧凑，物流公司有一个良好的服务态度，交货速度非常快，我非常满意购物
18680744064,2023-01-11 13:12:24,东西很不错，已收到。一年四季必备，喜欢嗦粉的人最爱
18111658140,2022-09-24 16:13:12,物流满分💯，包装快递满分💯，配送员态度满分💯，购物让人开心，吃土使我快乐~ʜᴀᴘᴘʏ̆̈◞̆
18564209355,2022-12-18 19:17:10,卖家的服务态度真好，发货很快。商品质量也相当不错。太喜欢了，谢谢。
18035115612,2022-09-08 16:48:25,米粉很正宗，买过很多次了，吃完还会回购
18516568940,2022-12-12 14:29:07,米粉真的很棒，口感很好，吃完回购
18717871129,2023-01-22 19:19:10,质量非常好，与卖家描述的完全一致，非常满意，真 的很喜欢，完全超出期望值，发货速度非常快，包 装非常仔细、严实，物流公司服务态度很好，运送 速度很快，很满意的一次购质量很好，希望更多的 朋友信赖．店主态度特好，我会再次光顾的，可不 可以再便宜点，我带朋友来你家
17843379564,2022-07-29 11:59:00,"很好的米粉 ,很有韧性 也不会碎"
17673447466,2022-06-21 14:20:17,收到就煮来吃了，很好，跟我们老家做的那米粉差不多，很好吃。
19649341137,2023-09-11 08:03:37,质量非常好，与卖家描述的完全一致，非常满意，完全超出预期值，很满意的一次购物
19019598903,2023-04-13 20:16:22,米粉很好，家里吃得差不多就会来买 ，多次购买了
18787032453,2023-02-15 10:07:48,一直在回购这米粉，足以说明我有多满意这米粉，正宗纯米粉，够劲道，炒一炒，太好吃了。。
18745649431,2023-02-03 12:15:55,米粉非常好，用来煮桂林米粉，很赞。
20721361737,2024-04-22 12:39:04,物流很快，👍产品很快就收到了，比想象中还好，不错不错！希望能耐用
18945560124,2023-03-26 21:04:44,京东上的东西质量有保证，买着放心用着舒心。客服也很好，消费者权益有保障，在京东上买的东西耐心，质量经的起考验。
18632566687,2022-12-31 20:22:24,米粉很好👌，值得拥有。
19136087533,2023-05-22 17:16:21,品质，包装杠杠的，已是第二次回购了，家乡的味道。
20543600159,2024-03-05 12:48:13,米粉很好吃，劲道，下回还买，推荐
18298578331,2022-10-29 13:13:30,米粉包装的很好，商家发货也很快。吃起来也劲道。
18687465958,2023-01-12 23:38:36,超级好吃！很方便！很实惠！性价比高！
18603590020,2022-12-25 12:24:16,东西收到，很满意！！京东平台真的是超级好的卖家，解答疑问不厌其烦，细致认真，关键是东西好，而且货物发得超快，包装仔细，值得信赖！
20593112380,2024-03-18 11:49:39,五星好评，便宜实惠实用，非常值得购买，下次还会购买
18868438675,2023-03-07 15:33:43,价格优惠，发货速度非常的快，味道非常的好。
20503800557,2024-02-23 20:54:13,物美价廉，多次购买，比实体店便宜多了
18304142745,2022-10-30 19:23:29,宝贝收到，一如既往的好，包装很到位，质量还不错，很喜欢，大品牌值得信赖宝贝收到了，很惊喜，质量非常好，很满意的一次购物。我会继续回购的，店家值得信赖宝贝收到了，太惊喜了，质量非常好，性价比很高，真是出乎我的意料！
18678040086,2023-01-10 19:15:58,宝贝真不错，做的真细心，值得拥有，快递很快
18937349381,2023-03-24 15:13:38,物美价廉，支持京东！！物美价廉，支持京东！！
20326098348,2024-01-04 12:26:30,很好，有劲道，不粘锅，大家喜欢。
20435748040,2024-01-29 23:19:35,米粉很好，家乡的味道，赞👍
20593321596,2024-03-18 12:45:42,非常好吃，味道不错，值得点赞
18825283409,2023-02-25 09:23:20,非常不错的，比昆明的干米线好吃，有筋骨。
19687476851,2023-09-14 11:59:02,产品的味道不错的，也很实惠的，给好评
18598554954,2022-12-24 12:25:28,这家店还好吧，来买过几次了，服务老客户非常周到，以后还常来。
18300100320,2022-10-29 19:21:38,很好，提前泡一夜，煮出来很软，好吃
19078513717,2023-05-03 15:37:37,口感很好，比螺蛳粉自带的米粉好，值得购入
18637104535,2023-01-01 20:12:53,质量很好很好很好，吃的很快，回购了好几次了，价格实惠，包装严实
18570776630,2022-12-19 18:32:54,质量非常好，真出乎我的意料，包装非常仔细，非常感谢，祝生意兴隆。
18704310014,2023-01-17 14:00:17,江西米粉真的很不错，以前都是买一包有调料的制成品这样的价格要贵，但是这次买的这么一大包价格就便宜多了嗯米粉和以前的一样的好快递速度很快下单之后很快就发货了，收到的时候包装也很好，东西真的很不错嗯，我觉得这样的商家应该大力推荐，真正绿色的农产品
19993443228,2023-10-22 20:33:17,产品的质量非常好，吃的口感好，给好评
18303384261,2022-10-30 16:22:39,做了三鲜米粉，这款粉真的很不错，推荐～
18683737065,2023-01-12 07:23:48,一直在京乐购物，品质有保证，快递也很快，送货上门！
18139655043,2022-09-29 22:39:33,多快好省，京东给力，下次还是要选择京东商城，没错，非常满意
18332672916,2022-11-05 06:12:32,非常不错，虽然没有买的米粉粗，也不错了
20361600889,2024-01-14 14:36:20,是理想中的产品，质量不错，物流也很快，值得点赞
19345943973,2023-07-18 10:26:06,还是一样的味道，很好吃劲道
20657860275,2024-04-04 19:17:53,物美价廉，多次购买了！！！！！！！！！
18320187266,2022-11-02 20:38:00,米粉很好，一直买这款米粉，煮泥鳅粉干酸辣粉之类的用这款就挺好的。用水泡先软再放开水捞就很快煮熟。
18452392533,2022-11-28 20:29:19,东西很喜欢，质量也很好的，这个价格能买到是真的很划算
20396958196,2024-01-23 15:22:46,米粉质量很好，q弹，口感非常的好
18666059865,2023-01-07 23:22:04,米粉收到了！！发货速度很快！！快递包装完好！！质量也很好！很喜欢！！跟超市卖的一样！但是价格比超市便宜！！性价比高！简直就是价廉物美、物超所值！！很满意的一次购物！！全五星好评！！推荐购买！！下次再来！！！
18258082390,2022-10-22 09:27:03,一大包，分量很足，很喜欢迟米粉，下次继续买。
17994069049,2022-08-31 19:55:24,炒米粉，汤粉都很可，好吃
19013818767,2023-04-11 21:02:30,味道好极了，煮起来也方便
19175612615,2023-06-02 18:59:02,价格很实惠，性价比很高，算是平价好物，会回购的
17732700741,2022-07-03 17:31:37,米粉很好，物美价廉，质量也很好
18664570465,2023-01-07 17:40:31,东西收到了，还没有看过，先五星好评。
18360611900,2022-11-10 10:39:31,物美价廉，很喜欢吃这家米粉，值得推荐
20429185215,2024-01-28 10:50:50,很方便，很不错的，好吃
20567306016,2024-03-11 12:03:30,米线很好吃，多次回购，满意
20347291687,2024-01-10 08:25:40,老人家很喜欢，和面条换着吃。
20355700135,2024-01-12 17:20:20,商品包装完好，物流很快，价格实惠。
17299278398,2022-03-27 09:54:49,"用了觉得很不错，商品质量好，发货也挺快的,总之就是很赞了"
20682571655,2024-04-11 16:08:55,东东不错，物流速度很快👍
18753926642,2023-02-05 19:30:29,很好，做工精细，口感很好
18939294979,2023-03-25 06:40:57,杠杠滴，炒着吃也不错。回购的。
19190335082,2023-06-05 22:50:27,很好吃，挺实惠的，已经是回购了。
18675617640,2023-01-10 09:55:57,米粉还没吃，看着很不错
18286726243,2022-10-27 03:37:39,米粉很好，一直买这款米粉，煮泥鳅粉干酸辣粉之类的用这款就挺好的。用水泡先软再放开水捞就很快煮熟。
18083373753,2022-09-19 09:49:06,物流超级超级快！质量也非常不错，的确物有所值
18546657907,2022-12-16 12:17:12,配料很干净，吃完再评价
19158278114,2023-05-29 10:12:28,很好，物流很快，东西很给力，性价比很高！
18391747943,2022-11-15 10:08:17,这个米线已经吃过好几次了，包装很简约，而且长短正好，适合家用的小盆子浸泡。主要是比较细，粗的叫做米线，细的叫做米粉，做这个一定要配合肉酱！
19581783963,2023-08-27 09:02:52,好吃非常好吃，下次还会买
18079983670,2022-09-18 15:50:36,江西米粉是很不错的食物，赞👍
19172525340,2023-06-02 05:50:23,多次购买，做炒米线很好吃
18850635858,2023-03-04 11:57:02,上唐米粉收到，价钱优惠，配送服务很好。
20533413722,2024-03-02 21:16:43,米粉很好。喜欢吃这个粉
18939116949,2023-03-25 00:04:00,米粉质量好，柔韧顺滑很劲道
20339483843,2024-01-08 08:51:51,包装很好，份量很足，非常满意。
18602832205,2022-12-25 09:30:22,很好吃，果然是纯米粉
18511030402,2022-12-11 17:22:25,很好的米粉，不亏是推荐品牌。
14176763523,2020-05-20 22:34:43,超好吃，米粉Q弹，调料正宗，一盒吃完很爽很饱！
20718081563,2024-04-21 15:00:10,物美价廉，会回购的，
18687367383,2023-01-12 23:06:09,感觉很好，真的很不错
18376830702,2022-11-12 20:22:30,还不错，物美价廉，推荐
18577271238,2022-12-20 15:49:50,很好吃，没有什么胶味
19341514443,2023-07-16 21:21:15,日期新鲜。，包装很好，到货快
19382219569,2023-07-29 14:45:24,发货很快，也很好吃的
17756856906,2022-07-09 12:30:45,粉丝很好，包装很好，很喜欢吃
18377112507,2022-11-12 21:04:44,米粉很不错，一直都有买。
18500388645,2022-12-09 17:22:43,不错，送货及时，五星好评。
18804621381,2023-02-19 15:23:21,宝贝收到，一如既往的好，包装很到位，质量还，不错，很喜欢，大品牌值得信赖宝贝收到了，很，惊喜，质量非常好，很满意的一次购物。我会继，续回购的，店家值得信赖宝贝收到了，太惊喜，了，质量非常好，性价比很高，，真是出乎我的意，料!
17828049104,2022-07-26 13:12:17,很好的，还会继续关注购买👍
18412206262,2022-11-19 08:33:58,"现在才知到京东评论字多些可以翻倍积分值呢，这才知知道好评的重要性。这个福利实在太赞了妥妥的每条都来评论下，赚积分，下次还能抵现金用。评论80个字宇以上,可以得到50个积分从此我无论买什么东西都会把这个段话复制粘贴下凑够字数，然后再填觉的很棒，现在去超市都少了.大部分生活物品零食都在京东买!速度快是最大优点，要继续保持哦!其次质量有保证平时在网上假货风险比较大的，从京东超市买的放心.吃的安心,得跑超市，京东更便捷，而且包装非常好，还是比较值得信赖的,不用去实体超市买，相比优惠了很多!这次买的都挺满意的，京东值得信赖很好满意!开通PLUS会员优惠更多更实惠!"
17120994596,2022-02-13 15:22:01,米线十分耐煮，吃起来很劲道。
18296175218,2022-10-28 20:18:48,很大一包，包装用心。
18134964478,2022-09-28 22:59:47,很划算，发货很快。。。
20355160515,2024-01-12 14:33:09,我真的非常喜欢它，非常支持它，质量非常好，和卖家描述的一模一样，我非常满意，我真的很喜欢它，它完全超出了我的预期，发货速度非常快，包装非常仔细和紧凑，物流公司的服务态度非常好，发货速度非常快，我对购物非常满意。
17266236546,2022-03-18 14:58:33,货已收到了，已经是多次购买，口感非常好
18677515580,2023-01-10 17:24:14,米粉很好，买过这款已经很多次了，煮之前先用水泡着比较容易煮熟。凉拌煮汤都好吃滑溜溜的。
18815258755,2023-02-22 00:21:21,东西收到，很满意！！京东平台真的是超级好的卖家，解答疑问不厌其烦，细致认真，关键是东西好，而且货物发得超快，包装仔细，值得信赖！
16966999827,2022-01-09 21:42:04,物流很快，几天就到了。还没用，之后再来评价。
16356166487,2021-09-24 20:18:31,很多，很正，物流很快，老客户了，喜欢！
18722668423,2023-01-26 03:43:00,江西米粉真的很不错，以前都是买一包有调料的制成品这样的价格要贵，但是这次买的这么一大包价格就便宜多了嗯米粉和以前的一样的好快递速度很快下单之后很快就发货了，收到的时候包装也很好，东西真的很不错嗯，我觉得这样的商家应该大力推荐，真正绿色的农产品
19095651104,2023-05-09 12:26:18,质量非常好，与卖家描述的完全一致，非常满意，真 的很喜欢，完全超出期望值，发货速度非常快，包 装非常仔细、严实，物流公司服务态度很好，运送 速度很快，很满意的一次购质量很好，希望更多的 朋友信赖．店主态度特好，我会再次光顾的，可不 可以再便宜点，我带朋友来你家
18414045708,2022-11-19 15:36:19,米粉很正宗，买过很多次了，吃完还会回购
18877380015,2023-03-09 17:53:51,我真的非常喜欢它，非常支持它，质量非常好，和卖家描述的一模一样，我非常满意。我真的很喜欢它，它完全超出了预期的价值，交货速度非常快，包装非常仔细和紧凑，物流公司有一个良好的服务态度，交货速度非常快，我非常满意购物
18564220309,2022-12-18 19:19:47,卖家的服务态度真好，发货很快。商品质量也相当不错。太喜欢了，谢谢。
19268874272,2023-06-24 15:21:07,这个价格仍然很划算。经济、便宜、质量非常好，与卖方描述的完全一样。非常满意，完全出乎意料，超划算，划算，购物比实体店便宜多了，非常满意网上购物。我希望卖家的生意会越来越红火，物流会越来越快，包装会越来越结实。六星表扬，多一星不怕你骄傲，犹豫不决的朋友会很快下单，这是良心的推荐。它真的很好，而且价格也很高，所以你将来可以在这里买。给三个好评就满足了！满意了！满意了
19115730935,2023-05-16 09:04:27,不错很劲道，让我记忆中的南昌及下面江西地市出差时吃早餐的悠闲，来个拌粉 江西米粉真的很不错，以前都是买一包有调料的制成品这样的价格要贵，但是这次买的这么一大包价格就便宜多了嗯米粉和以前的一样的好快递速度很快下单之后很快就发货了，收到的时候包装也很好，东西真的很不错嗯，我觉得这样的商家应该大力推荐，真正绿色的农产品
18608663911,2022-12-26 12:22:09,东西收到，很满意！！京东平台真的是超级好的卖家，解答疑问不厌其烦，细致认真，关键是东西好，而且货物发得超快，包装仔细，值得信赖！
18603603505,2022-12-25 12:25:09,质量非常好，真出乎我的意料，包装非常仔细，非常感谢，祝生意兴隆。
20512908317,2024-02-26 15:31:33,米粉的质量特别有保证，粗细均匀，干燥紧实不粘连。用水浸泡后煮熟，加上配菜，就可以吃了。米粉韧性很好，滑嫩嫩的，口感细腻。商家服务态度好 卖家的服务真是一级棒！他们对待顾客非常友好，给予了专业的建议。物流速度也很快，让我很快就收到了商品。
18360960019,2022-11-10 11:47:08,物流很快，几天就到了。还没用，之后再来评价。
18608664991,2022-12-26 12:23:02,这家店还好吧，来买过几次了，服务老客户非常周到，以后还常来。
18421022311,2022-11-21 01:17:32,宝贝非常棒，是自己想要的那种风格，到货也很快，谢谢老板，服务五颗星；制作方便，材质也很好！比较耐煮，还是家乡那味，给个赞！
14191014743,2020-05-24 16:09:59,特别高大上，名声在外，早就想品尝了！
19063574311,2023-04-28 13:45:05,不错很劲道，让我记忆中的南昌及下面江西地市出差时吃早餐的悠闲，来个拌粉 江西米粉真的很不错，以前都是买一包有调料的制成品这样的价格要贵，但是这次买的这么一大包价格就便宜多了嗯米粉和以前的一样的好快递速度很快下单之后很快就发货了，收到的时候包装也很好，东西真的很不错嗯，我觉得这样的商家应该大力推荐，真正绿色的农产品
15884639465,2021-06-28 18:05:25,618活动真给力，是正品，价格很实惠。
16719585141,2021-11-25 12:04:53,米线很好，值的回购。
16452279313,2021-10-12 19:30:17,商品很好 ，得回顾 。
19279298713,2023-06-27 14:26:28,这个价格仍然很划算。经济、便宜、质量非常好，与卖方描述的完全一样。非常满意，完全出乎意料，超划算，划算，购物比实体店便宜多了，非常满意网上购物。我希望卖家的生意会越来越红火，物流会越来越快，包装会越来越结实。六星表扬，多一星不怕你骄傲，犹豫不决的朋友会很快下单，这是良心的推荐。它真的很好，而且价格也很高，所以你将来可以在这里买。给三个好评就满足了！满意了！满意了
20560833148,2024-03-09 18:00:18,米粉很好，买过这款已经很多次了，煮之前先用水泡着比较容易煮熟。凉拌煮汤都好吃滑溜溜的。
18887244215,2023-03-12 00:09:49,米粉很不错，快吃完就会来买，很满意
19298423622,2023-07-03 12:21:30,卖家的服务态度真好，发货很快。商品质量也相当不错。太喜欢了，谢谢。
18773387908,2023-02-11 13:18:19,物流很快，几天就到了。还没用，之后再来评价。
18929450973,2023-03-22 12:23:06,质量非常好，真出乎我的意料，包装非常仔细，非常感谢，祝生意兴隆。
18593751755,2022-12-23 12:21:56,卖家的服务态度真好，发货很快。商品质量也相当不错。太喜欢了，谢谢。
18671889968,2023-01-09 12:25:42,这家店还好吧，来买过几次了，服务老客户非常周到，以后还常来。
18850803687,2023-03-04 12:24:18,东西收到，很满意！！京东平台真的是超级好的卖家，解答疑问不厌其烦，细致认真，关键是东西好，而且货物发得超快，包装仔细，值得信赖！
18553650714,2022-12-17 10:25:44,一次很好的购物体验，服务周到，物流快速，配送也很周到，态度也很好，好评！已经吃过了，口感很好，做发也简单，水开下干，粉丝煮三分钟关火，盖锅盖焖五分钟。自己烧汤，烫一下就好了。
18081693951,2022-09-18 21:39:17,一次很好的购物体验，服务周到，物流快速，配送也很周到，态度也很好，物有所值啊，果断好评！
18839718572,2023-03-01 00:06:18,江西米粉真的很不错，以前都是买一包有调料的制成品这样的价格要贵，但是这次买的这么一大包价格就便宜多了嗯米粉和以前的一样的好快递速度很快下单之后很快就发货了，收到的时候包装也很好，东西真的很不错嗯，我觉得这样的商家应该大力推荐，真正绿色的农产品
18837240340,2023-02-28 11:28:00,米粉很好，已经买过这个牌子很多次，煮之前先泡煮的比较快熟。想减肥的人群可以多背一点，吃米粉可以减肥，血糖高的人群也适合吃米粉。
18431088879,2022-11-23 09:45:47,宝贝非常棒，是自己想要的那种风格，到货也很快，谢谢老板，服务五颗星；制作方便，材质也很好！比较耐煮，还是家乡那味，给个赞！
18999992324,2023-04-08 12:22:42,质量非常好，真出乎我的意料，包装非常仔细，非常感谢，祝生意兴隆。
18598562063,2022-12-24 12:26:07,卖家的服务态度真好，发货很快。商品质量也相当不错。太喜欢了，谢谢。
18305631000,2022-10-31 08:10:08,一次很好的购物体验，服务周到，物流快速，配送也很周到，态度也很好，好评！已经吃过了，口感很好，做发也简单，水开下干，粉丝煮三分钟关火，盖锅盖焖五分钟。自己烧汤，烫一下就好了。
19139324212,2023-05-23 17:33:34,这家店还好吧，来买过几次了，服务老客户非常周到，以后还常来。
19346195838,2023-07-18 11:35:26,江西米粉真的很不错，以前都是买一包有调料的制成品这样的价格要贵，但是这次买的这么一大包价格就便宜多了嗯米粉和以前的一样的好快递速度很快下单之后很快就发货了，收到的时候包装也很好，东西真的很不错嗯，我觉得这样的商家应该大力推荐，真正绿色的农产品
19122797400,2023-05-18 12:23:44,卖家的服务态度真好，发货很快。商品质量也相当不错。太喜欢了，谢谢。
18457308684,2022-11-30 06:53:36,宝贝非常棒，是自己想要的那种风格，到货也很快，谢谢老板，服务五颗星；制作方便，材质也很好！比较耐煮，还是家乡那味，给个赞！
18306305970,2022-10-31 11:06:54,一次很好的购物体验，服务周到，物流快速，配送也很周到，态度也很好，好评！已经吃过了，口感很好，做发也简单，水开下干，粉丝煮三分钟关火，盖锅盖焖五分钟。自己烧汤，烫一下就好了。
18904391405,2023-03-16 09:27:21,米粉很好，已经买过这个牌子的很多次，煮之前先用温水泡更快熟，减肥人群和血糖高的人比较适合吃米粉。
18468794330,2022-12-03 08:00:33,宝贝非常棒，是自己想要的那种风格，到货也很快，谢谢老板，服务五颗星；制作方便，材质也很好！比较耐煮，还是家乡那味，给个赞！
18790382008,2023-02-16 10:05:57,宝贝非常棒，是自己想要的那种风格，到货也很快，谢谢老板，服务五颗星；制作方便，材质也很好！比较耐煮，还是家乡那味，给个赞！
18602961241,2022-12-25 10:11:22,一次很好的购物体验，服务周到，物流快速，配送也很周到，态度也很好，好评！已经吃过了，口感很好，做发也简单，水开下干，粉丝煮三分钟关火，盖锅盖焖五分钟。自己烧汤，烫一下就好了。
18807148582,2023-02-20 07:02:36,宝贝非常棒，是自己想要的那种风格，到货也很快，谢谢老板，服务五颗星；制作方便，材质也很好！比较耐煮，还是家乡那味，给个赞！
18627878208,2022-12-30 19:13:19,一次很好的购物体验，服务周到，物流快速，配送也很周到，态度也很好，好评！
18806087502,2023-02-19 20:12:12,一次很好的购物体验，服务周到，物流快速，配送也很周到，态度也很好，好评！已经吃过了，口感很好，做发也简单，水开下干，粉丝煮三分钟关火，盖锅盖焖五分钟。自己烧汤，烫一下就好了。
18864619321,2023-03-06 14:41:52,一次很好的购物体验，服务周到，物流快速，配送也很周到，态度也很好，好评！已经吃过了，口感很好，做发也简单，水开下干，粉丝煮三分钟关火，盖锅盖焖五分钟。自己烧汤，烫一下就好了。
20345487813,2024-01-09 18:26:32,发货快，服务好，米粉泡发后煮几分钟不易断，有米粉香味，味道还算可以，吃完以后两买。
17696201617,2022-06-25 18:26:18,江西米粉不错的选择哦，我经常会回购，自己调料好吃极了！
18293055885,2022-10-28 09:29:55,买过很多次，这次换了新包装，看着上档次，米粉也好吃，就是要多煮一会。
18746242079,2023-02-03 15:15:12,这现在是家里备的，配上菜快捷便利。中午早上吃起来都好方便，口感Q弹爽口，自己在家都能吃上一晚爽口的米粉了，主要是还实惠。
20518849063,2024-02-28 09:17:49,口感细腻爽滑：江西米粉选用优质的大米制作而成，经过精细加工后呈现出洁白、细嫩、久漂不烂、久炒不碎、久煮不糊的特点。米粉入口爽滑筋道，弹韧不易断，嗦起来丝毫不拖泥带水，给人带来独特的口感享受。
20687739083,2024-04-13 00:59:21,还是这家的米粉比较经济实惠，复购过很多次的了，江西米粉确实还是挺好吃的。
18494352094,2022-12-08 11:43:54,好吃，跟螺蛳粉一个面差不多，爆赞👍🏻
18723653380,2023-01-26 16:33:49,再次购买了，价格实惠实用方便。口感爽口有嚼头，在家早餐特别的方便快捷。
20566389007,2024-03-11 08:02:42,买来给螺蛳粉加面，还可以做酸汤米粉，家里做了牛肉汤、鸡汤，都可以加进去~炖鱼的时候，也可以加一点~（要提前泡好哦），这款是无限回购，强烈推荐~
19688421993,2023-09-14 13:32:03,江西米粉挺好吃，不管是用来煮或者煮还用来炒啊拌啊之类的，总体来讲还是蛮不错的，不会很软烂，比较有劲道。包装完整，不会破损，挺好的
18210696786,2022-10-14 18:03:18,干米线，已经买过很多次了，都是趁着有优惠的时候购买的，自家用不错。有点偏细，所以说比较好煮，叫米粉更为恰当。口感也还行，不是特别劲道。
18628609970,2022-12-30 22:03:40,上唐佬江西米粉米线，包装完好，干线纯净，进食便捷，柔和有劲道，价格实在，物流快捷......
18183053050,2022-10-08 15:38:22,南城助农馆 南城美农江西米粉，食用便捷，口感纯正，价格实在，物流快捷......
18779952767,2023-02-13 08:50:13,米粉挺好的，价格实惠，爽滑Q弹。已经买过这款很多次，血糖高的人群比较适合吃米粉。煮之前先用温水泡比较快熟。
20354654768,2024-01-12 11:54:19,好吃。质量好，我又下了二单。价格便宜。
18750914160,2023-02-04 20:02:23,米线很好，稍微一煮就可以吃了，不像有的略知米粉煮好久还是硬的。
14372076007,2020-07-02 19:49:22,离开南昌10年，一直想念学校门前的那碗拌粉+瓦罐汤。今天终于又吃到了那个味儿，好吃，好吃，必须好评
17930932408,2022-08-19 05:07:30,第一次购买，重量足称，还没有吃，好吃，再回购。
20365628130,2024-01-15 18:03:25,包装简单，方便卫生及时。外观看着不错，待吃后评价
20299944446,2023-12-28 00:05:03,这个款的米粉还不错，买过好几次了，久煮不易烂，用做螺蛳粉也是挺不错的
19040507277,2023-04-21 01:36:56,好吃，已经是第二次购买了，价格也比较实惠，值得推荐给大家。
14277697213,2020-06-13 12:20:11,口感不错👍，粉条顺滑。配料丰富，好吃😋，但不能早餐吃，辣且营养单一。
20751679508,2024-04-30 14:36:42,抱着试一试的心态买的，没想到意外地好吃😋，吃完还会再买～
18587333162,2022-12-22 08:15:21,这个米粉不错 我们湖南人一直吃的这个 到苏州来后也离不开啊
19024680854,2023-04-15 17:07:39,第二次买米粉了，前一次买的到时还不会怎么做，这次买的米粉学会了怎么做炒，还是停好吃，吃完再买。
20426842230,2024-01-27 16:20:51,米线包装挺好，粗细适中 ，因还没有食用，从外观看质量还不错。
20502843164,2024-02-23 16:18:04,味道不错，是纯真的米粉，偶尔来一顿挺带劲的
17787147976,2022-07-16 17:59:03,比超市买的米粉划算，不知道是不是手工的米粉，但是口感不差的，挺好
18676562496,2023-01-10 13:42:39,上唐佬江西米粉米线桂林米粉螺蛳粉干米粉江西特产南昌拌粉炒粉方便速食 2斤装，好好好上唐佬品牌值得信赖的产品，👍👍👍👏👏👏下次再购买，在这里祝老板生意兴隆财源广进！
19031987276,2023-04-18 09:25:00,昨天下午收到快递了，还不错，等吃过后再说，谢谢。
18866875746,2023-03-07 07:02:01,味道不错，煮的时间要久点。
16378767847,2021-09-28 21:47:25,江西米粉，2斤装，挺好吃的，价钱也很实惠
20436581853,2024-01-30 10:42:18,可以是可以。便宜也便宜。但总觉得欠缺了点什么。
18657540114,2023-01-05 22:39:21,不错，这种料就是配这个粉，100分
18608478584,2022-12-26 11:32:45,感觉还可以。米粉比较干，粗细均匀，暂没发现污黑的东西。
18445143543,2022-11-26 20:47:47,我觉得东西不错，不管是炒还是煮，味道都不错
19607585899,2023-09-01 15:30:04,不错，是江西米粉，挺好吃，就是包装太差了。
18123726931,2022-09-26 21:09:34,煮出来的汤汁也不是太糊了。还是要买牌子的产品，放心而且实惠。感谢快递神速。还帮我送到了楼下。
19022583371,2023-04-14 21:11:46,买过一次，吃着挺好，易煮，不碎，再次购买
18351301445,2022-11-08 14:11:51,好吃实惠，自己在家在。不输外面口味，下次有活动再来。
18743859972,2023-02-02 19:40:36,今天刚刚收到还没来得及吃先好评，等吃过再评，好吃再买
18389832203,2022-11-14 21:17:48,江西米粉就是好吃，弹行好不易碎，口感好。
20380288188,2024-01-19 22:41:16,已经是买了很多次了这次多买一点过年
20488928953,2024-02-19 13:37:41,这款比较短细，和挂面长短一样，还可以吧。活动价格相当的给力。
18943529360,2023-03-26 14:26:57,包装不错整整齐齐，是细米粉容易煮透，吃泡面加一点或者凉拌都是不错的
18222006876,2022-10-16 19:20:03,第一次尝试吃木粉。还挺好吃的，就是要泡久一点
20306821306,2023-12-30 07:37:33,多次购买，可炒可煮可凉拌，怎么做都好吃！
18997391762,2023-04-07 14:15:49,多次购，太好吃，米粉我只吃江西米粉！Good！
18658442876,2023-01-06 10:03:24,包装挺好，发货也快。方便！
19665834735,2023-09-12 17:35:34,挺好吃的，先用水泡泡 ，这样才比较好煮。
18761543808,2023-02-08 01:39:06,米粉无论煮或炒都好吃，口感Q弹劲道。
18059056512,2022-09-13 22:52:22,身在异乡，还可以吃到家乡的米粉，浓情满满
18616325437,2022-12-28 00:46:15,到手才三元多，虽然用了好几天，但现在特殊时期也可以理解，2斤很大一包呢。
18728947713,2023-01-28 21:27:26,商家发货很快，但快递耽误在路上了，经过一个假期，米粉终于到我手上了。
19656649980,2023-09-12 00:47:33,米粉和展示的一样，一共两斤，日期新鲜。
20575477248,2024-03-13 14:37:37,京东多快好省，习惯在京东购物，物流快，品质好，买东西首选京东！
18632562038,2022-12-31 20:22:26,口感不错，支持京东！
19835791838,2023-09-26 12:28:10,不错的米粉，做汤粉炒粉都可以
20388412211,2024-01-22 10:43:15,便宜又实惠，趁着活动买的，挺划算的，等尝过再来追评
18855143942,2023-03-05 09:48:21,前前后后买了四份了，自己买，也推荐给朋友买，好吃。
20656165095,2024-04-04 10:49:42,看着不错，就是没有前次整齐。
20483341135,2024-02-17 15:23:34,东西不错，搞活动价格也合适，快递服务好。
18370006339,2022-11-11 20:14:06,挺好的，干净，纯净，是这个味。
18193058309,2022-10-10 17:01:42,这款米粉不错，煮出来的粉好吃筋道
20386748829,2024-01-21 19:28:32,还没吃，不过看着不错！！！！！
20466578967,2024-02-08 00:22:01,比超市便宜多了，价格挺实惠，经常购买，下次还来
18941867602,2023-03-25 21:45:55,米粉收到了，蛮好的，包装精美，无破损，还会回购
19827582841,2023-09-25 11:20:29,口感不错，是我想要的，吃完再买
18652430648,2023-01-04 20:24:19,整体来说还是很不错的，质量也还好，没有异味
18950188683,2023-03-27 18:34:29,这米粉口感不错好像没有添加剂。第一次吃完已经是第二次买了。吃完还会继续购买。
20435197180,2024-01-29 20:46:12,粉挺好，江西米粉挺不错的
16519595190,2021-10-26 08:01:11,米粉购买多次了，包装严实，运输速度快，值得购买。
18305710046,2022-10-31 08:41:19,外观看不错。还没有品尝。后续再评价。
19036212415,2023-04-19 16:26:28,粉不错，总吃面条换换口味
20434940019,2024-01-29 19:48:01,好煮好吃😋，棒棒哒，会继续复购
20545634152,2024-03-05 20:53:46,老家米粉一直买他们家的，不贵质量也好。
18504998460,2022-12-10 16:31:46,多次购买了，做汤粉不错，劲道
20565116008,2024-03-10 19:33:23,江西米粉，国内最正宗的米粉。
18926925222,2023-03-21 22:27:18,还行，调料弄好了可以吃吃
20332742770,2024-01-06 10:25:51,要过年了，买了一堆，一直吃老牌子啦！
18800539941,2023-02-18 18:47:25,煮来吃了，感觉味道还不错！
18682512975,2023-01-11 20:00:28,好吃，有米味，可口美味
20575161594,2024-03-13 12:58:49,米粉收到了，吃起来口感不错
18291649912,2022-10-28 01:10:49,口感还行，没有碎，包装完好
19830408620,2023-09-25 15:59:24,东西还可以，希望能更便宜一点！
20562604280,2024-03-10 09:12:03,口感还可以的，价格也实惠的
18321884173,2022-11-03 08:42:09,干净，方便，泡后更易熟
18701727251,2023-01-16 18:39:42,买了好几次了。东西不错，还会去光顾
18759421172,2023-02-07 13:33:59,多次购买了 没什么好说的 一如既往的重量不足
18752998596,2023-02-05 14:38:26,味道不错👌👍👍👍👍值得推荐
18676822378,2023-01-10 14:43:25,价格实惠，质量好，已经购买多次了，屯着过年吃。
18729542071,2023-01-29 09:10:10,劲道 好吃 ，发货快 炒您好
18650649055,2023-01-04 15:01:22,不错，番茄抄米线挺好吃的
18763946229,2023-02-08 19:19:24,多次购买了一如既往地重量不够 没什么好说
20444229974,2024-02-01 11:53:36,还可以，价格合适，味道不错。
20308031922,2023-12-30 14:17:32,江西米粉还是好，吃习惯了，发贷也快。
18787256135,2023-02-15 11:10:56,多次购买了 一如既往的重量不够 没什么好说
20396931715,2024-01-23 15:18:42,不错不错不错，放心购买吧。支持支持
18324146751,2022-11-03 15:44:31,与描述的情况一样，商品质量好，还会再买的，谢谢！
20384472907,2024-01-21 09:33:43,老婆超喜欢吃这个米粉，买了几次了
18752993929,2023-02-05 14:36:16,这是第二次买了，又方便又好吃
18761485173,2023-02-08 00:24:10,米粉相当劲道，耐煮好吃，
18309935805,2022-10-31 23:34:41,跟外面买的一样的，回购多次，不错
19693830478,2023-09-14 22:25:01,好吃又便宜，还没添加剂！！！
20662872377,2024-04-06 10:46:39,买了N次，还是不错的，还会再买的。
18934599369,2023-03-23 21:15:17,东西还不错，希望能更便宜一点。
20726559747,2024-04-23 19:10:38,下雨了货己收到谢谢了快递员／
18577477998,2022-12-20 16:16:58,这个米粉，第2次买了，不错
18872066710,2023-03-08 16:55:14,不错，好吃，下次再来回购
17285381429,2022-03-23 15:22:13,还可以，很大一份，包装有点简陋
20352149122,2024-01-11 15:44:38,货真价实，味道品后再评。
18349180218,2022-11-08 02:48:11,还挺好除了粉有点细，没别的了
19303741889,2023-07-05 00:14:06,不错，挺好吃的！好评！！
18053588392,2022-09-12 20:40:28,挺好，还没吃。看着不错。
19173515188,2023-06-02 11:14:31,米粉爽滑，干捞或汤粉都不错
20466732117,2024-02-08 07:23:45,挺好的，不错，下次还买！
18839932541,2023-03-01 07:30:14,不错呐，煮着挺好吃的。
18641268977,2023-01-02 17:19:50,口感味道都不错，方便快捷。
19313722451,2023-07-08 11:02:00,比较正宗的江西米粉，Q弹
20449432856,2024-02-02 19:24:11,商品挺好的，再次购买。
19274139374,2023-06-25 22:51:00,买过很多次了，挺不错的！
19281705412,2023-06-28 10:04:55,京东发货快，服务好，值得购买。
18739649484,2023-02-01 15:25:07,做出来的炒米粉劲道好吃。
16893197919,2021-12-28 13:56:39,味道鲜美，炒粉凉拌，风味独特，价格实惠
20395779708,2024-01-23 12:01:46,还可以，两包，可以吃一阵子
18029686428,2022-09-07 16:03:26,发货很快，没破损，但像漏味了一样。
20303614908,2023-12-29 08:06:08,是细米粉，煮炒都不错
19367239905,2023-07-24 19:40:07,买了N次，不错不错，还会在买的。
19982510790,2023-10-19 11:20:35,多次回购了，确实不错！
19362576211,2023-07-23 11:58:20,好吃，细腻柔软，OK。
18227122407,2022-10-17 17:51:16,不错！性价比比较高。
20379376155,2024-01-19 18:33:27,米粉经常购买，质量不错。
19018157792,2023-04-13 12:03:20,和餐馆的米线差不多，好吃
19320419792,2023-07-10 11:50:21,第二次买，味道还可以。
19166666718,2023-05-31 18:13:13,挺好的，分量还挺足，吸水挺好
18502426229,2022-12-10 01:02:53,产品还是可以的，口感不错
19539858246,2023-08-15 23:45:12,挺好的，提前泡水会熟的快
18875714748,2023-03-09 11:47:32,味道还不错，包装还可以
20462352711,2024-02-06 15:48:17,高性价比，多次购买了
19993953390,2023-10-22 23:44:22,优惠券下单购买的，划算
18671189102,2023-01-09 09:41:00,外观看着又错还没品尝
19388391304,2023-07-31 13:37:01,米粉挺不错的，好评！
18746069598,2023-02-03 14:20:16,挺好吃的，以后还会回购
18812253951,2023-02-21 14:13:05,挺好的 就是买完降价一丢丢
19162448281,2023-05-30 13:35:43,做活动划算，囤起来慢慢吃
16004958986,2021-07-18 23:30:00,挺好吃，比较有嚼劲，炒或者汤粉都好吃
18583106007,2022-12-21 13:45:03,挺不错的，可以的哈。。
18114667316,2022-09-25 07:57:27,挺好的，客服态度好，物流快
18119978810,2022-09-26 08:42:44,东东收到了，日期新鲜。
16973210622,2022-01-11 07:25:40,米粉还可以，就是包装要改善一下
16425600855,2021-10-07 11:14:31,还可以啊，这个没用的，可以吃不错的不错的
17013879381,2022-01-19 13:22:06,已经是第二次购买了，下次还会来买
16908377278,2021-12-30 14:03:11,包装完整，口感好，下回还会回购
16709395617,2021-11-23 15:07:43,粉不容易断，不成坨。挺好的
18934628601,2023-03-23 21:19:19,东西还不错，希望能更便宜一点。
15812250526,2021-06-15 22:17:46,质量不错，好吃不贵，经济实惠，
14429462453,2020-07-18 06:45:28,买在办公室里面加餐的，味道不错。
16598256479,2021-11-08 11:30:02,好吃，还会回购的。。。。。。。。
18048347647,2022-09-11 17:53:51,米粉，米线，一公斤，抽空再吃吧，不知怎样。看着挺好，666吧
18339669342,2022-11-06 12:45:55,刚收到午饭立刻就安排了，不过得提前泡一下，如果泡久点更好，不行在煮的过程中就要煮多一会才会软。按照沙县炒粉的方法去炒粉的，美味劲道～
18957413616,2023-03-29 13:02:20,还可以，与广州的米粉粗一点，硬一点，与理想的米粉差一点点，本人是北方人，对不起。
18395165744,2022-11-15 20:11:24,还没吃，这牌子第一次买另一个牌子己经买了N次了，泡过刚煮出来好吃，但是冷了就硬了，所以试一下这个，价格差不多，但少了两斤
17904776924,2022-08-13 02:21:02,看配方就知道这是天然的米粉，还没有吃过，不好评价口感，但是从外形和硬度来看有点像你们吃的螺狮粉的粉条，应该特耐煮的！
17516751761,2022-05-20 20:16:11,第一次尝试购买这种无配料的米粉，不知道味道怎么样，看着说明上的烹饪方法应该还是简单易操作的，期待成品效果🌈🌈🌈🌈🌈
20327527165,2024-01-04 18:47:33,还没开吃，等吃完再来评价，是同事推荐的，价格合理
20627298604,2024-03-27 14:10:42,最近太爱米粉了，这次买的发黄，不知道和之前的有啥区别，还没吃，希望一样
18682034139,2023-01-11 18:20:38,上唐佬江西米粉米线桂林米粉螺蛳粉干米粉江西特产南昌拌粉炒粉方便速食 2斤装
18112686893,2022-09-24 19:30:05,吃不出来好坏，反正也不难吃吧
18048351891,2022-09-11 17:52:27,没吃呢，期待味道好！
20344923806,2024-01-09 16:22:08,还没有吃，不知道味道如何。吃过了再来评价。
18987294286,2023-04-04 15:11:16,就是米粉要煮比较久一边煮一边搅拌捞起来就可以吃了
18410015625,2022-11-18 17:28:16,第一次购买，还未吃！
18805925936,2023-02-19 19:35:47,一如既往的重量不足 没什么好说的就是普通的米粉
20386607003,2024-01-21 18:54:24,好吃 禁煮 就是自己不会做饭而已
18920560575,2023-03-20 12:18:36,上唐佬江西米粉米线桂林米粉螺蛳粉干米粉江
18567049280,2022-12-19 11:42:54,没啥可评价，就看个人泡粉手艺了，温水比较好～
19114924459,2023-05-15 21:26:07,就是普通的米粉 一如既往的重量不足没什么好说
18656303082,2023-01-05 18:23:47,一次又开始做作业吧、这些是在北京大学出版社和出版发行集团有限公司共同主办了
20495451078,2024-02-21 13:13:14,还没开始吃呢，口感后期再反馈
19572970923,2023-08-25 12:46:50,不是纯大米的，但是口感还行
20445755702,2024-02-01 18:53:08,江西米粉，有一点名气。买来尝一尝。
20368919563,2024-01-16 18:15:20,米粉收到了，还没开始吃，吃后再评。
19270662948,2023-06-24 23:50:17,就是普通的米粉一如既往的重量不足 没什么好说的
20442780422,2024-01-31 21:40:06,江西米粉的质量下降了，还添加面粉和淀粉。
18423236489,2022-11-21 15:12:12,我觉得家中不可缺少的美味之一。
20495441862,2024-02-21 13:10:03,还没有吃，吃完在追评
19068516270,2023-04-29 20:08:33,没什么好说的就是普通的米粉
20378090517,2024-01-19 12:33:47,好吃，不知道有没有添加剂。
19059360963,2023-04-26 22:20:05,就是普通的米粉 没什么好说
18936802198,2023-03-24 12:45:25,这个米粉还是菜场买的好吃
18250903471,2022-10-21 06:42:55,还没有吃，之前买过应该可以吧。
19946546087,2023-10-08 15:13:42,除了有点小污外，总的讲还行吧
17231023834,2022-03-09 20:37:38,看着还行，不知道煮了以后是什么样。
14820488848,2020-10-31 16:58:15,东西已经收到，还没吃，吃后再评论
16620521566,2021-11-11 16:49:43,还没吃，确切地说是不知道怎么吃！
16581493320,2021-11-05 17:29:46,拌粉吃，做不出江西干拌粉的味道
16597690855,2021-11-08 10:03:39,看上去米粉还可以，就是这包装太单薄了
15076711892,2020-12-21 14:09:40,还不错。就是分量少了。根本不够一个人吃。
14204991480,2020-05-28 08:42:21,一般般吧，粉不错就是没什么感觉
16846354766,2021-12-20 22:28:18,还好，只是自己不会做。
15227350756,2021-01-20 23:41:28,还没开始吃，待后续补评
18646303799,2023-01-03 17:27:04,好吃，就是小了点，感觉粗一点好吃，但难煮点，己经回买N次了
17331076726,2022-04-04 18:34:56,买了8斤快吃没了。按说明不好煮，冷水下锅才可以。但是还是有点硬，估计有胶，纯米很好煮的。
18828046929,2023-02-26 07:35:05,偏细，煮了还行，就是不明白为啥配料表中有大米小麦玉米淀粉小麦淀粉？不是应该只有大米吗？
20550621888,2024-03-07 07:44:35,米粉收到，吃了好多次了，比我之前买的，干净口感上硬一点点，不太好煮，提前泡一下水，口感稍微有点差
19143426528,2023-05-24 21:17:23,味道还可以，但口感似乎不如上次买的散包米线。不知成分是否有区别。还有，份量有点不足，四包是4千克，但每包差了不到5-10克，总共少了30克。
19092655660,2023-05-08 12:19:34,为什么找了半天在包装上找不到生产日期呢？生产日期就应该印在一眼就看见的地方。
18075857401,2022-09-17 19:02:38,请务必用水泡软再煮，第一次煮没泡，煮了十几分钟里面还是硬的
20342496877,2024-01-08 22:29:58,包装摔坏了 包着米粉的那层袋子烂了，米粉都露出来了 要好好洗一下才敢吃
18891620671,2023-03-13 10:16:03,有韧性，不易断，容易泡熟
18070797075,2022-09-16 16:34:31,这个看评论说有小料包才买的，收到货之后啥也没有，自己配料有点不会搞。
20306724759,2023-12-30 04:21:15,多次购买了，遇上价格补贴，当然要入货。唯一就是快递员未经收件人同意自作主张放到一个乱七八糟的自提点，这点需要投诉。
19047361305,2023-04-23 11:29:34,建议一次别买太多，上面写保质期12个月，我居然发现2包开始发霉了
18773808443,2023-02-11 15:12:40,就是普通的米粉没什么好说的 依然重量不够
18621745400,2022-12-29 12:42:13,感觉这家服务太太太差，我买的两份只发了一份。售后也是无语了。
17795602395,2022-07-18 18:45:06,粉煮出来和老家的米粉不一样。还贵。
19041909279,2023-04-21 15:21:49,除了感觉有点易碎外，  总体讲还行吧。
18094517080,2022-09-21 11:09:50,感觉胶纸比较多，泡一晚上才炒的米粉
18682924326,2023-01-11 21:29:07,简单方便，易煮，不烂。
20691020500,2024-04-13 23:50:47,感觉没有之前买的纯，不禁煮
18748809208,2023-02-04 11:24:25,发货时间太长，四天没出库，投诉以后才发
20459604247,2024-02-05 17:43:46,一般般吧，卫生感觉不太好
18406429599,2022-11-17 21:35:12,没有1点碎的的口感十分的好。
18450755315,2022-11-28 13:38:10,这和另外那种包装有什么区别
16119636560,2021-08-11 17:07:34,米粉还是得买江西的，顺滑有弹性！价格能不能便宜点
16263460178,2021-09-07 09:39:42,东西符合预期。就是物流太慢了。整整7天啊！！
14170807525,2020-05-19 13:57:13,配料足，适合当夜宵吃，就是米粉不太好煮
20350323251,2024-01-10 22:59:42,京东平台购物有保障，~下单多日不发货，转来京东购买的。干米线，至少要泡12小时。吃起来还不错，没有异味，一把够三个大人吃。
19126305197,2023-05-19 14:26:56,又下了一单收到，物流飞快！👍👍👍，这粉儿太好吃了！爽爽滑滑的家人都爱吃，让多买些😄😄😄，特别是这个季节，天热不想做饭，拿出来煮一些爽歪了！👍👍👍，价格很实惠的！干爽，好保存！👍👍👍，放心入手！😀😀😀
19360236106,2023-07-22 16:26:23,这种米粉味道不错，煮熟了比面条口感好，比较顺滑，里面可以放点自己爱吃的蔬菜和调料，炒了吃也很好吃，卖家发货很快，分量也很足，好评！
20070460760,2023-11-01 17:43:51,第三次购买，这个米粉很好吃，煮出来不是很黏和软的那种，汤粉，拌粉。放上自己喜欢吃的菜，配料什么的。味道很赞的，各样弄都蛮好吃的，
18045335232,2022-09-10 23:07:18,干米线，已经买过很多次了，都是趁着有优惠的时候购买的，自家用不错。有点偏细，所以说比较好煮，叫米粉更为恰当。口感也还行，不是特别劲道。
18458257846,2022-11-30 12:31:20,一次很好的购物体验，服务周到，物流快速，配送也很周到，态度也很好，好评！已经吃过了，口感很好，做发也简单，水开下干，粉丝煮三分钟关火，盖锅盖焖五分钟。自己烧汤，烫一下就好了。
18674008105,2023-01-09 20:11:48,包装的很严实，价格也实惠，性价比很高，要给店家五分好评了！
18037483243,2022-09-09 06:51:10,💚赶上做活动的时候买的，这个价格一分钱一分货❤️，从外观看很美💙，材质做工都不错💜，感觉买值了，还有物流超级快，点赞！
18643556385,2023-01-03 00:16:19,💚赶上做活动的时候买的，也回购了好多次，煮汤，拌面都好吃，点个赞👍
20750095330,2024-04-30 02:18:37,这个商品的质量非常可靠！经过使用测试，它表现出色，没有出现任何问题。卖家的服务态度也很好，给予了及时的售后支持。
18849022884,2023-03-03 21:12:13,让我们先说说商品的质量：产品总体上是好的，包装很紧。让我们来谈谈商家服务：喜欢它。最后，快递：快递非常快。毕竟，廉价商品更真实。我希望商店能提供更多的~，及时通知老客户，并促进回购。祝你生意兴隆。
20639833713,2024-03-30 21:21:55,米粉收到了，味道不错，已经多次回购。吃完再来回购
16826931311,2021-12-16 22:50:37,南城助农馆 南城美农江西米粉米线桂林米粉螺蛳粉干米粉江西特产南昌拌粉炒粉酸辣粉方便速食 4斤装，还可以。
17610399463,2022-06-10 08:54:08,米粉吃起来口感还可以，吃之前要提前泡一下才容易煮熟
18756379698,2023-02-06 15:13:42,米粉收到了  很好！满意！
19365726221,2023-07-24 11:43:29,米粉的配料比，大米，玉米粉多吗？
18437148178,2022-11-24 17:55:16,这米粉第二次买了，好吃，下次有优惠又买
18894523007,2023-03-13 16:58:30,很好吃
20402160184,2024-01-24 09:40:12,产品质量，客服服务态度特别好，很喜欢，好评
18615234043,2022-12-27 19:11:29,很有嚼劲，可以不错
20410972188,2024-01-25 12:30:39,上堂佬贵林米粉收到了。
20502652017,2024-02-23 15:23:56,不错
18074302487,2022-09-17 13:09:01,挺好的，涮锅煮一点
18071177789,2022-09-16 18:00:09,看起来不错哈
20395462061,2024-01-23 11:08:58,挺好的
18744120531,2023-02-02 20:54:32,挺好的，品质不错。
18048226683,2022-09-11 17:26:10,到货太慢了，说9号到11号才到。
19228094021,2023-06-15 13:13:11,不错🍒
14151367907,2020-05-14 15:41:29,物美价廉，推荐购买！做活动价格很给力，快递员真的很给力，服务态度好直接送货上门，哈哈，超喜欢
19335348070,2023-07-14 22:35:21,不错的。
18356380749,2022-11-09 13:24:20,很不错
19335342241,2023-07-14 22:33:10,好的。
19641848608,2023-09-09 18:13:21,可以
18924079674,2023-03-21 12:23:00,让我们先说说商品的质量：产品总体上是好的，包装很紧。让我们来谈谈商家服务：喜欢它。最后，快递：快递非常快。毕竟，廉价商品更真实。我希望商店能提供更多的~，及时通知老客户，并促进回购。祝你生意兴隆。
18685196124,2023-01-12 14:33:12,很好！
16976034017,2022-01-11 18:46:07,收到货包装很好，配料也齐全，不用自己另外去做配菜，几分钟就可做出早餐，一盒料足，够我和小孩两个人吃早餐，口味香，辣椒油不辣，挺适合我的口味，疫情期间，自己在家做饭吃得放心！活动价买的，物廉价美！还会回购的！
18088454378,2022-09-20 08:40:33,南城助农馆 南城美农江西米粉米线桂林米粉螺蛳粉干米粉江西特产南昌拌粉炒粉酸辣粉方便速食 2斤装
19367999238,2023-07-25 00:45:31,我个人是挺喜欢吃江西米粉的，所以都回购了几次了
18126738713,2022-09-27 13:11:33,👌从没想过这么实惠的价格，😴能买到这么好的宝贝，😃性价比非常高，我很喜欢哦😃
20348745584,2024-01-10 15:20:37,喜欢汤汤水水热乎的，不错的选择哦。
18637500192,2023-01-01 21:38:12,东西质量非常好，与卖家描述的完全一致，非常满意
20309567365,2023-12-30 21:39:17,，米粉很好以买了6公斤了食完再买＇
19056849486,2023-04-26 07:03:08,让我们先说说商品的质量：产品总体上是好的，包装很紧。让我们来谈谈商家服务：喜欢它。最后，快递：快递非常快。毕竟，廉价商品更真实。我希望商店能提供更多的~，及时通知老客户，并促进回购。祝你生意兴隆。
20290223770,2023-12-25 11:29:29,米粉很好己收到谢谢下次再买／
20364635888,2024-01-15 13:04:54,好东西值得和大家一起分享
20451817081,2024-02-03 13:58:31,第二次回购，米粉质量很好，
20448603557,2024-02-02 15:30:59,价格实惠 质量好 非常喜欢
18785013801,2023-02-14 16:19:11,真的很不错的一次购物，非常好的体验。
20443560619,2024-02-01 08:32:03,南昌米粉质量一直不错。
20346001367,2024-01-09 20:11:35,搞活动买的，不到3元一斤
18960074306,2023-03-29 17:54:18,米粉质量还不错，已经回购多次了
17891883956,2022-08-09 19:05:57,包装完好无损，一看就非常干净，非常放心。
19848251287,2023-09-27 17:13:41,包装太简单，卫生不达标
20523210416,2024-02-29 12:03:27,经济实惠 非常喜欢
20459743317,2024-02-05 18:25:46,到货很快，粉有点细
20427142464,2024-01-27 17:39:00,经济实惠 非常可口
19530704129,2023-08-13 12:10:12,价格实惠，商品质量很好
20293275375,2023-12-26 08:39:21,还没吃，期待好效果
20153252862,2023-11-18 07:50:20,好好好吃着很方便。
20153252183,2023-11-18 07:50:34,好好好吃着很方便。
20392570849,2024-01-22 22:59:37,好吃，家乡的味道
20378425309,2024-01-19 14:07:41,比别的平台贵点
20365370182,2024-01-15 16:48:19,好吃，多次购买了
20327864272,2024-01-04 20:04:57,很好，买了很多次
20318426326,2024-01-02 13:16:33,发货挺快，分量足
18343612862,2022-11-07 03:14:06,超级好，超级好，超级好，超级好！！！！！！！
18338151514,2022-11-06 06:47:00,这种米线质量好，价格也很好。
20536508199,2024-03-03 17:43:50,所见即所得，好
18220878772,2022-10-16 16:12:35,感觉不错的，蛮喜欢的，哈哈哈
20442137655,2024-01-31 19:00:30,还不错，很好吃。
18112682704,2022-09-24 19:29:29,再次回购了，再便宜点就好了
20379232219,2024-01-19 17:53:47,不错，味道可以
19318115897,2023-07-09 16:42:16,耐煮，提前泡泡好点
19015345904,2023-04-12 13:00:12,炒粉还得看我江西的
19243334670,2023-06-18 18:28:00,买了好多次了，不错
18740932877,2023-02-01 21:26:07,快递收到了，包装完整。
20331672042,2024-01-05 21:48:44,很好很不错。
19900710720,2023-10-03 20:08:37,米粉细，容易断
18997866323,2023-04-07 17:00:56,还没吃呢，吃好再买
20553480985,2024-03-07 19:56:50,挺大两包
20546568233,2024-03-06 07:56:34,还不错哦。
19149301607,2023-05-26 16:43:01,蛮好的，很喜欢吃
19127110528,2023-05-19 18:50:35,不错，发货也挺快。
19111339807,2023-05-14 18:56:12,挺软的米粉，可以
20075958015,2023-11-02 18:26:16,不错，待品尝
18720226418,2023-01-24 15:08:00,品质不错，炒的好吃
18683689551,2023-01-12 06:42:10,一直买面 换换口味
19309711975,2023-07-06 22:21:01,不错，还会购买
19938808098,2023-10-07 14:21:11,孩子很喜欢
18661712191,2023-01-06 22:38:17,看着还行，吃了再评
18651730064,2023-01-04 18:23:38,东西很不错，份量足
20638850478,2024-03-30 16:53:52,挺好的
19193247095,2023-06-06 17:37:07,送到哪里去了
17671737280,2022-06-21 09:42:38,非常好京东快递很给力
18777057904,2023-02-12 12:03:14,还不错，物美价廉
18750849556,2023-02-04 19:43:06,美味，爽滑，有韧性
19373209851,2023-07-26 17:12:23,挺好的东西
18255433337,2022-10-21 20:12:19,米线口感挺好吃的
19339776701,2023-07-16 12:15:30,很好，经常买。
19339714255,2023-07-16 11:55:33,很好很满意
18671403737,2023-01-09 10:34:18,快熟，小孩喜欢吃
19974140871,2023-10-16 17:07:50,东西可以。
18951500472,2023-03-28 08:52:25,这个米粉很好
20357281820,2024-01-13 08:41:26,点错了
20329781532,2024-01-05 12:50:05,还不错
18883589892,2023-03-11 06:36:45,买过一次还行
19692676910,2023-09-14 20:31:42,挺好吃的
19174253763,2023-06-02 13:58:06,感觉很好吃
18826999855,2023-02-25 18:38:04,老家的顶一下
18823766522,2023-02-24 17:08:41,挺好的，很实惠。
18409908279,2022-11-18 17:07:23,质量好，价格实惠。
18385292115,2022-11-14 09:22:54,便宜又好吃，爱了
18338319605,2022-11-06 08:07:23,收到了，还没有吃。
18743999961,2023-02-02 20:19:35,多次购买，不错
20540566731,2024-03-04 17:23:16,很好。
20536240223,2024-03-03 16:42:58,很好
18728877247,2023-01-28 21:02:27,口感很好，满意
20511349434,2024-02-26 08:22:44,不错
20105227383,2023-11-08 18:59:24,挺好的
18703139535,2023-01-17 07:15:03,包装完好，好吃
19374406488,2023-07-27 00:57:14,十分不错
18168662018,2022-10-05 18:25:03,多次购买了，喜欢
18605734366,2022-12-25 17:51:57,好吃，多种吃法
20430068894,2024-01-28 14:50:56,好评
18599330515,2022-12-24 14:20:38,一般般有点硬
19294383911,2023-07-02 08:28:35,好吃，方便
20399096733,2024-01-23 21:15:27,很好，
20385955165,2024-01-21 16:08:57,很好。
20375559285,2024-01-18 17:19:36,不错
20365110818,2024-01-15 15:33:03,很好。
18041126626,2022-09-09 21:43:25,满意的一次购物。
19226375289,2023-06-14 22:24:59,好吃，耐煮
19794849879,2023-09-22 18:20:41,刚收到
19213227515,2023-06-11 17:01:42,挺不错的
19207655945,2023-06-10 10:15:31,米粉不错，
19187856786,2023-06-05 13:22:26,未收到货
19663060782,2023-09-12 12:59:53,棒棒的！
20296301641,2023-12-26 22:35:59,不错
19548972807,2023-08-18 09:51:34,太细了
18678137352,2023-01-10 19:33:06,好，还会选购
20508045699,2024-02-25 09:55:29,好
20095412047,2023-11-06 16:55:57,不错
20091377154,2023-11-05 19:50:31,很好
20497866182,2024-02-22 08:27:17,好
19335118026,2023-07-14 21:18:24,可以的。
18931615856,2023-03-22 22:47:07,价位不错
18024446266,2022-09-06 15:28:01,好吃细腻不错
18461874899,2022-12-01 11:49:40,感觉一般吧
18460128438,2022-11-30 20:48:43,米粉很筋道
19222131719,2023-06-13 20:37:01,一般吧！
20359427838,2024-01-13 19:44:47,好
19210451560,2023-06-10 21:54:56,非常好
17918051702,2022-08-16 08:15:59,很好，物美价美
18800058372,2023-02-18 17:24:07,可以，还买
19131965413,2023-05-21 12:20:53,挺好的
18259356140,2022-10-22 13:17:18,量确实不好
18208928846,2022-10-14 11:35:45,挺喜欢，好吃
18704012451,2023-01-17 12:33:06,多快好省！
18703448515,2023-01-17 09:52:09,好评好评
18095789558,2022-09-21 15:55:52,都挺好吃的
18073312741,2022-09-17 09:26:16,没吃先好评
18571744198,2022-12-19 20:30:20,不错不错
18567031967,2022-12-19 11:39:59,炒粉不错
19296963465,2023-07-02 21:46:27,好用
19292725004,2023-07-01 16:38:32,很好
18480435506,2022-12-05 22:17:31,不错不错
17983864549,2022-08-29 19:48:52,挺好的好评
19279328119,2023-06-27 14:36:32,很好
18882087216,2023-03-10 22:10:42,还没吃
17942397104,2022-08-21 16:19:07,做酸辣粉吃
18442700640,2022-11-26 09:27:25,很好，满意！
18851989917,2023-03-04 16:26:23,还没吃
19222120676,2023-06-13 20:32:11,不错
18403207710,2022-11-17 11:06:12,包装烂的
18811080329,2023-02-21 08:08:26,还可以
19162391953,2023-05-30 13:13:57,好吃
17723738440,2022-07-01 16:34:58,还没有吃呢
17040626249,2022-01-24 05:35:34,还行还可以，挺满意的一次购物体验，物流也特别的给力，客服态度也是挺好的，挺喜欢的，还是很不错的。大家如果喜欢，有需要的话可以进行购买。他们家的质量整体来说还是可以的！
18682181848,2023-01-11 18:51:50,还行吧。
18097742108,2022-09-21 22:33:02,回购回购！
18085625068,2022-09-19 17:34:22,不错不错！
19393185103,2023-08-01 22:11:29,行
19360116037,2023-07-22 15:51:17,好
18941795982,2023-03-25 21:26:46,一般
18464161438,2022-12-01 21:34:24,真挺好。
18828718527,2023-02-26 11:49:56,可以
18827756990,2023-02-25 23:07:29,可以
18826031872,2023-02-25 13:19:44,不错
18348223329,2022-11-07 21:19:19,喜欢吃
18343151727,2022-11-06 22:47:04,还可以
18809543228,2023-02-20 17:14:59,好评
19196207142,2023-06-07 12:23:04,可
19189971267,2023-06-05 21:22:31,好
18304060478,2022-10-30 19:05:48,还行吧
18772185405,2023-02-11 08:02:48,好吃
18747856166,2023-02-03 23:57:51,不错
18235967328,2022-10-19 11:40:49,挺好的
18737906500,2023-01-31 22:54:22,超好
18217467214,2022-10-15 23:19:57,挺好的
18211246467,2022-10-14 20:04:06,很好吃，
19088941433,2023-05-07 06:58:33,好
19088928096,2023-05-07 06:49:49,好
18677475519,2023-01-10 17:14:52,好评
18677025010,2023-01-10 15:35:38,好评
18676949219,2023-01-10 15:14:14,好评
18676923959,2023-01-10 15:08:13,还好
19067292450,2023-04-29 14:42:23,好
19067284306,2023-04-29 14:36:54,好
18112081479,2022-09-24 17:34:26,挺好的
19027240048,2023-04-16 15:52:33,好
18049788829,2022-09-11 23:44:27,还不错
18516782501,2022-12-12 15:01:55,可以
18499641610,2022-12-09 14:57:01,很好
18451969949,2022-11-28 18:41:54,好评
18444477152,2022-11-26 17:40:51,可以
18391087143,2022-11-15 07:12:05,很好
18379020025,2022-11-13 09:39:19,满意
18846989887,2023-03-03 11:06:41,好
18373881824,2022-11-12 13:06:20,还行，
18372737000,2022-11-12 10:10:49,好吃
18337747340,2022-11-05 23:56:57,很好
18307944680,2022-10-31 17:44:44,满意
18296729471,2022-10-28 22:28:50,还行
18296217417,2022-10-28 20:28:07,可以
18220763627,2022-10-16 15:52:08,不错
17720684730,2022-06-30 21:54:17,非常好
18166249953,2022-10-05 10:05:08,还行
18064021451,2022-09-15 06:23:11,不错
18061996606,2022-09-14 17:12:34,已到
18010659906,2022-09-03 22:21:47,还行
18554808010,2022-12-17 13:21:45,好
17977944707,2022-08-28 16:56:06,不错
17911707871,2022-08-14 16:27:24,好评
17665954213,2022-06-20 11:25:50,不错
17613329198,2022-06-10 19:41:02,东西收到了，包装有点儿简陋。
18989792341,2023-04-05 00:37:12,让我们先说说商品的质量：产品总体上是好的，包装很紧。让我们来谈谈商家服务：喜欢它。最后，快递：快递非常快。毕竟，廉价商品更真实。我希望商店能提供更多的~，及时通知老客户，并促进回购。祝你生意兴隆。
17487667431,2022-05-13 21:39:32,很好吃！多次购买了
16703097393,2021-11-22 16:18:36,很好，很实用，很满意的一次购物体验。。。。。。。
16990415617,2022-01-14 21:12:50,收到货包装很好，配料也齐全，不用自己另外去做配菜，几分钟就可做出早餐，一盒料足，够我和小孩两个人吃早餐，口味香，辣椒油不辣，挺适合我的口味，疫情期间，自己在家做饭吃得放心！活动价买的，物廉价美！还会回购的！
16445780221,2021-10-11 09:57:46,很好一定还买，也会推荐给朋友
17555729109,2022-05-29 23:25:31,超爱米粉的！！！
17168504577,2022-02-23 17:07:24,米粉挺好的
17600179679,2022-06-08 07:19:47,米线挺好
17575999738,2022-06-03 12:48:12,还不错
17347586415,2022-04-09 16:14:35,好好好。。。
16375201503,2021-09-28 07:54:23,挺好，是我想要的那种
17629561258,2022-06-13 20:19:03,不错。
16885229782,2021-12-27 12:12:36,还没吃，习惯性好评
17423950955,2022-04-28 21:36:42,好评
17135624637,2022-02-16 16:26:00,好吃
17020925912,2022-01-20 18:03:30,好吃
16114727044,2021-08-10 14:53:09,很容易煮，还可以
17014044052,2022-01-19 13:52:12,好
16748385467,2021-11-30 19:16:14,炒着吃，还不错。
16763669750,2021-12-03 16:40:21,看去可以。
16775036314,2021-12-06 10:46:23,还行
15402843340,2021-03-10 09:22:53,2斤一包
14181504438,2020-05-22 08:57:20,味道很好！
