id,time,content
18646545113,2023-01-03 18:16:42,不建议购买，外包装坏了，客服说没事儿可以吃，请问您吃包装袋坏的东西吗。因为最近阳了，不方便出门，懒得退
19170160474,2023-06-01 15:49:09,此用户未及时填写评价内容
17662083328,2022-06-19 17:51:22,第一次寄过来袋子破的，于是换货，第二次寄过来连封口都没有，直接用胶带纸粘着的，吃的东西整这么随便，希望大家避雷
20350273065,2024-01-10 22:39:53,难吃，不是纯正米粉
18988100872,2023-04-04 17:36:39,食品！也没一个纸壳外包装！就这么对待顾客的！
17998104380,2022-09-01 16:58:31,破包
20507285982,2024-02-24 22:15:34,一直没收到货
18259857469,2022-10-22 14:49:25,很难吃我买过那么多米线，这家是我唯一觉得米线吃到嘴里涩的，几乎没什么米香味，这玩意儿也不会和别的米线一样煮了很久会化开，汤底变白什么的，肯定加了什么，或者大米成分很低，真垃圾~买的就没这么难吃
20341258348,2024-01-08 16:59:04,煮不熟，半个小时都煮不熟，买过无数次这种米粉了，之前都是都是很容易煮熟的，第一次买这家，以为哪家都一样随便买的，没想到呀，每次煮都一肚子气，没心情吃了都，客服说让我提前泡两个小时再煮，~那个闲工夫呀，无语！
18956585817,2023-03-29 11:00:55,此用户未填写评价内容
16728788222,2021-11-26 23:35:03,这是我吃过最难吃的粉干
