id,time,content
20753526447,2024-05-01 00:23:12,还没开封，目测是不错的，鱼很干净，没有碎的，块很大很完整。自己拌一下试试，看会不会有外边卖的好吃。希望能成功。好了再回购。
17930167646,2022-08-18 22:23:55,之前是买的泡菜，味道很不错，这次也是抱着试试的态度，想着支持一下延边产品，就买了这个明太鱼，之前也只是在韩式料理店吃过，希望味道和泡菜一样让人满意
18101913804,2022-09-22 18:09:33,评价只有一个没吃够。
17956975038,2022-08-24 12:18:55,爸爸最爱，明太鱼片，小零食，看电视必备，吃完再来，非常满意！！
19964389251,2023-10-13 14:25:52,收到打开后，明太鱼很干很干，把它手撕成小块伴着吃，不知道商家提供的小料使用多少量？晚饭尝试一下。期待好吃吧。食用后补评价。
18785347990,2023-02-14 18:01:00,明太鱼买了一袋，先后吃了几次。味道挺不错，而且很容易处理。先用水浸三分钟后拧干，然后撕成一丝丝的，加上他配的调味料，炒几炒就可以开吃了。软硬适中。基本上只要牙没坏，都可以吃得到。
19874125132,2023-09-30 12:50:57,中国特产延边助农馆的货品到货了简直就是太给力了啊这款来自颜氏韩味明太鱼干无论是外观还是还是质量包装都是棒棒的哦本品不愧是大品牌质量杠杠滴特点是新鲜速冻而成的明太鱼干特别新鲜看得见口感好吃得不得了鲜嫩可口肉厚过瘾是本品的主打本品去头去皮是鱼品中的放心食品是家庭主妇的好帮手也是朋友聚会朋友小酌的一道靓丽的风景线啥也别说点赞吧还会继续关注购买的哦
19164109984,2023-05-30 22:08:05,京东买东西真是安全放心，买东西太方便了，老公爱吃这款明太鱼果断在京东上买，包装很好，优惠大，味道不错，质量太好了，吃完再回购，大牌子质量有保证，方便快捷，满意
15318265437,2021-02-13 21:30:42,好怀念的味道，今年疫情下回不了老家，可以网购还是很开心的。
20328110434,2024-01-04 21:05:19,挺好吃的，没有异味，孩子喜欢，撕开吃一条量挺多的，就是蘸料太少不科学，一定白醋搭配，特意买的白醋，总体来说不错，挺好的，除了贵点没毛病
20367203087,2024-01-16 09:37:55,鱼片收到了，从遥远的延边寄来的，路途遥远，但时间并不长，很快就收到了心心念念的鱼片片，已经是回购了，物有所值，蘸酱也非常可口。
20702402120,2024-04-17 08:34:52,鱼干水分少，可以说很干，味道是原汁原味的鱼肉的味道，再就是有点儿盐味儿，其余的杂七杂八的味道没有，适合撕成一丝丝的小条然后撒上一起副带蘸料吃。量也不少，一包大概有七八条
20492868753,2024-02-20 17:06:45,这个鱼干标注的净含量，是包括袋子里的干湿调料，不只是鱼的，然后还另外送了干料。鱼干直接撕起来，沾着送的调料包来吃，适合看电视的时候当零嘴，一包可以吃好久好久，一下买了三包。
20445849703,2024-02-01 19:17:12,最近追一个东北up，知道了延边这个地方。还有明太鱼。据说当地这个菜也是比较贵的。买来试试，味道不错，很干，空口吃或者配调料都好吃。
19960528582,2023-10-12 10:14:48,延边助农馆这个明太鱼啊呃，一次性购买了五袋，因为在之前已经买过一次，口感非常好，而且呢，嗯，味道也不错，也不咸嗯，特别信赖京东这个平台，通过京东平台购物啊，是应该说是一个完美的购物体验
19960571095,2023-10-12 10:27:39,延边助农馆这个明太鱼这个产品呢，我一下买了六件，而且是第二次购物，对这个产品呢，非常值得信赖，同时京东平台也是非常值得我们信赖的一个平台，应该说是一次完美的购物体验
20216528180,2023-12-05 23:03:06,味美新鲜，软硬恰到好处，一小条一小条撕成鱼肉丝吃，很有嚼劲，但不是很硬，用小碟盛上店家送的酱料更是增加了味道的鲜美，吃后心情大好。
20478681080,2024-02-15 15:49:47,鱼的品质很好，吃着口感也很好
19334842846,2023-07-14 19:35:41,宝贝确实很棒，个人非常喜欢，朋友也说好来着，推荐购买，已经好几次购买了，但是之前的包装，实惠一些，现在的稍微贵一点，希望以后多惠活动吧！
20445848344,2024-02-01 19:17:43,最近追一个东北up，知道了延边这个地方。还有明太鱼。据说当地这个菜也是比较贵的。买来试试，味道不错，很干，空口吃或者配调料都好吃。
20057384444,2023-10-29 16:22:22,宝贝收到了，很惊喜，质量非常好，很满意的一次购物。我会继续回购的，店家值得信赖
18839604798,2023-02-28 22:56:36,很好的鱼干，肉质鲜美，有嚼劲，撕着吃，蘸着调料，是下酒的好菜呀，确实不错。在京东再有活动的时候，可以再入手一点这个自己吃或者送人都还，可以，挺好的
20065242883,2023-10-31 16:17:16,这款鱼看起来非常干净，薄薄的放在水里泡泡一段时间，泡软了再煮，挺香的，闻起来味道也很鲜，应该挺不错的，还没有吃，准备开始煮粥，以前也买过柴鱼，但是没有这种颜色这么的好，看起来这么的新鲜
19988267534,2023-10-21 08:26:24,应该已经是第四次购买了。以前的味道很不错。他是属于半宣半硬版的。以前都是用烤箱稍微烤一下，吃起来挺香。但是这次买的鱼偏硬，我一个中年男性，咬起来很费力。小孩儿根本吃不动。没有以前的好。
20259971738,2023-12-17 19:26:49,衣服颜色，质量，做工都很好，版型非常不错，很修身，款式大方时尚，面料柔软舒服，穿上美美的，非常满意的一次购物，值得推荐。谢谢老板！下次有自己喜欢的，一定会回购的。
18826894017,2023-02-25 18:03:51,日期新鲜，肉厚。干净整齐，没杂质，发货快，撕着干吃也好吃，第一次做的有点仓促但是还可以，下次就知道怎么弄了。整体不错，满意！完美！
20209197816,2023-12-03 20:20:37,没有头尾，没有皮，也没有大的脊椎骨头了。花了三个小时撕成一条一条的，不好撕的就直接吃掉了。大部分比较干，一条一条的，有些湿一点，撕出来就是碎的
19107594046,2023-05-13 14:06:42,在外地工作后很少吃明太鱼了，家长的味道，根本停不下来！仿佛回到了小时候，怀念。
18486032452,2022-12-06 21:41:03,很少评价，但是对这次买的东西实在太满意了，实在太好吃了，吃了完全停不下来。。葱也不是随便的，根根分明，漂亮，不知道吃了会不会胖，反正每天都吃，配着米酒，真好
20109226181,2023-11-09 16:33:37,这次是回购的了，上次买了觉得非常好吃，再囤一点货，这款柴鱼非常干净，非常香，味道很不错啊，泡半个小时或者一个小时，泡软了再煮会更好一点
20301678049,2023-12-28 15:29:21,很好吃的一款明太鱼干，性价比很高，已经多次回购了。肉质柔软，分量足，去头去尾，很干净。可以用来做明太鱼汤或干拌明太鱼~快递速度可以
20057042843,2023-10-29 14:56:32,非常好，无论质感还是品相，都是极其好的，价格合适，产品品牌合适 包装大气，物流省心，一个字好，两个字很好 三个字非常好，好的不要不要的
19582599913,2023-08-27 12:07:39,颜氏韩味明太鱼延边特产我是第一次购买，从表面上看还挺好的，比较新鲜、均匀、整齐，还没来得及吃。只是价格有点贵，应该是百元买不到一斤。
18839083623,2023-02-28 20:12:38,同时买了两个牌子的，无头这个明显白得多，不知道是好是坏，有头的发黄。
20061783013,2023-10-30 18:08:07,这个是再次购买了，之前的产品质量不错，性价比很不错。这次发货速度非常快，包装非常仔细、严实，运送速度很快，很满意的一次购物。
20431435490,2024-01-28 20:38:06,此用户未填写评价内容
19073824300,2023-05-01 20:03:29,宝贝确实很棒，个人非常喜欢，朋友也说好来着，推荐购买，已经好几次购买了，但是之前的包装更实惠一些，现在的稍微贵一点，希望以后多一些优惠活动吧！
18779355148,2023-02-12 22:23:15,好吃的，口感不错，煲剧一流，边看边吃，舒服
18377718977,2022-11-12 22:38:37,韩味明太鱼非常好吃，萱版的明太鱼非常松软，撕成小块的蘸赠送的调料非常鲜美。明太鱼过去都是在超市或者鲜族饭店吃过，京东商城买的还是第一次，质量非常好，非常愉快的一次购物  大大的给京东一个赞赞赞赞👍🏻👍🏻👍🏻👍🏻
18377706173,2022-11-12 22:36:43,韩味明太鱼非常好吃，萱版的明太鱼非常松软，撕成小块的蘸赠送的调料非常鲜美。明太鱼过去都是在超市或者鲜族饭店吃过，京东商城买的还是第一次，质量非常好，非常愉快的一次购物大大给个赞赞赞赞赞👍🏻👍🏻👍🏻👍🏻👍🏻
19972473504,2023-10-16 08:35:02,第一次买，非常不错，包装好，很卫生，味道也很棒，手撕凉拌太好吃了。
20616718957,2024-03-24 19:04:37,商品符合描述，主要是活动便宜，能省很多钱东西比我想象中的还要完美，十分给力，值得入手已经用过一段时间了，效果不错😍，客服服务有耐心，解答详细，赞一个
18615530592,2022-12-27 20:13:22,产品真的超级棒，下次还会买的，愿越做越好，非常好的购物体验
20715582778,2024-04-20 20:03:40,味道非常好，用手撕成小条条，沾上佐料，非常棒。
18660568497,2023-01-06 18:25:04,之前亲属送过一袋干鱼，感觉特别好吃，忍不住网络搜索，终于找到快速下单，送货很快，就是包装有待改善，快递到家袋子破了，大人小朋友都喜欢
18954967993,2023-03-28 20:17:10,第1次这种吃法原来都是吃成品，现在来看还是这个靠谱，这个店铺没啥问题，推荐一下
20537958231,2024-03-03 23:56:53,物流速度很快，产品口感不错，大品牌值得信赖。
18048880609,2022-09-11 19:57:12,收到有好几天了，个人认为很喜欢😘！淡淡的鲜咸味我非常非常喜欢！店家给的沾料用啤酒🍻调和一下吃起来更是美味无穷！老婆一开始说我乱买东西可现在她比我还喜欢吃，哈哈&hellip;&hellip;
18146870881,2022-10-01 14:45:24,东北寄送到广东好几天，终于到了。去头去皮去刺，不用任何调料，老妈坐在那儿，边撕边吃，一会儿就吃了一条，完全是当零食吃，送了调料，晚上再整点啤酒。赞
18786440592,2023-02-14 23:48:48,很好的鱼干，肉质鲜美，有嚼劲，撕着吃，蘸着调料，是下酒的好菜呀，确实不错。在京东再有活动的时候，可以再入手一点这个自己吃或者送人都还可以，挺好的
20683325250,2024-04-11 19:42:56,经常购买的品牌，值得信赖，
18451446890,2022-11-28 16:31:55,第二次回购了，每次两包，去头去皮，真是方便。怎么吃都好吃，可以直接撕着吃，可以烤一下也好吃，烤之前最好掸点水在上面，防止烤干。推荐购买
18448664608,2022-11-27 20:19:53,蘸料好吃，好吃好吃，本想买回来干吃，不蘸料，没想到料这么好吃，比饭店吃的好吃百倍，配料表也很干净，没有科技与狠活，配得上健康美味，点赞
18371175497,2022-11-11 23:01:53,非常好吃趁着活动买了很多 很实惠。蘸料吃非常不错。楼下超市一条就要十多块钱。这个很划算。喝酒吃非常推荐。反复回购的产品都是自己喜欢的。
18395654947,2022-11-15 21:32:07,棒子鱼第一次吃，味道很鲜，不需沾酱料，可以直接撕着吃，有点鱿鱼干的感觉，越嚼越有味，可能我在海边城市，比较接受鱼有点腥有点海洋的味道
20575265483,2024-03-13 13:29:30,老爸爱吃的  经常买
18920322642,2023-03-20 11:24:28,非常好 延边的感觉很不错哦 还不错，包装很好，冷冻保质期长。 宝贝收到了，卖家发货很快，物流也很强大，客服态度极好，很有耐心，给人一种亲切感，非常喜欢。还有精美的包装，高端的氛围;可以看出卖家非常细心。宝贝真的很好，和图片一致，没有区别，真的很物有所值。
20453308667,2024-02-03 20:30:19,买了三包，份量很足，不错。
20124220318,2023-11-12 12:40:50,在他乡还可以吃到家乡的味道！好吃！不用拌了。。。沾点自带的小料就很好吃了！南方的老婆也也爱吃
18709970365,2023-01-19 09:38:45,宝藏店铺，明太鱼性价比更高，日期新鲜，肉厚口感好，第一次在家里做了凉拌明太鱼，非常成功。还买了青年萝卜，非常好吃地道，回回购~
18213009817,2022-10-15 09:01:20,从小就喜欢吃这个鱼，包装上的制作方法做出来都不太成功，用烤箱烤，配上自制酱料味道不错，这个鱼干品质不错，大小均匀，推荐购买
18116233745,2022-09-25 13:33:06,鱼肉很干，撕起来手感很好。京东快递速度没话说 2天就送到了。纠结是沾着吃还是伴着吃，后来听了客服的话，用沾料，很香。非常好吃
20420182224,2024-01-26 16:29:29,此用户未填写评价内容
19992996309,2023-10-22 18:14:03,味道不错，鱼肉不柴。而且去了头和皮，操作起来很方便，轻松就能制作一份美食。
20422442999,2024-01-26 22:22:36,重量足，鱼干比较紧实，还算干。我看包装没添加剂，这点很满意，收到货，看到产地，有些兴奋，让我想到介绍延边的老歌。用它煲汤很棒！
19898878492,2023-10-03 16:25:17,看起来很新鲜，去掉头尾，更方便烹饪食用，还附赠了调料，很不错。
20540885250,2024-03-04 18:39:23,一如既往的好品质，非常喜欢的一款产品，非常棒！o(*￣︶￣*)o价格很实惠，性价比很高，算是平价好物，会回购的
20333096136,2024-01-06 12:01:08,还没有吃，上次是烤了一下很鲜美。下酒肯定不错。。。。。。。。。。。。。。。。。。。。。。。。。。。。。。。。。。。。。。。。。。
20291521868,2023-12-25 17:20:21,非常干，味道不错，还是传统吃法，喷啤酒沾白醋👍
18437950479,2022-11-24 21:22:01,强烈支持东北延吉的农产品明太鱼干儿，鱼肉富含蛋白质，肉质饱满，京东下单物美价廉快递神速包装牢固，非常满意的购物和食用体验。
18463873804,2022-12-01 20:23:51,收到啦，很不错，非常喜欢，值得购买，(*^__^*) 嘻嘻&hellip;&hellip;
20406980979,2024-01-24 22:04:47,吃完了，又下单了。很划算，冬天到就特别喜欢吃。好吃好吃好吃，已经没了。呜呜呜呜呜，又骗我花钱
20064619957,2023-10-31 13:39:07,包装好，质量很好，好吃，给五星好评了。
20258935288,2023-12-17 15:18:42,此用户未填写评价内容
20441372240,2024-01-31 15:35:36,买过多次了，一直喜欢吃，前一阵子买的吃完了，就又下单了，吃完再来。
20744970760,2024-04-28 18:10:44,挺好的，不错，吃好了还要继续购买。
18616759302,2022-12-28 09:02:22,真的，各位这个我是真的爱了，鱼的口感非常好，干，香，搭配着佐料，有醋包，和辣椒包，小料的味道也到位，喜欢两者搭配一起酸辣，或者单独沾辣包也很棒，真的没白等，太棒辣～
20755215398,2024-05-01 15:53:04,物流很快，质量不错，客服态度好
20564246635,2024-03-10 16:05:58,物流发货很快，明太鱼收到了，个头大，质量很好，包装精美，值得购买。
20540878667,2024-03-04 18:37:39,收到啦。晚上回来就做了，口感特别好，价位也实惠，有需要还会过来。
18934477869,2023-03-23 20:51:01,很喜欢吃干的明太鱼，这个明太鱼质量很好，皮和头都去掉了，吃起来容易，辣椒蘸料也很好吃，蘸这个明太鱼别有一番风味，还会继续复购。
20317024285,2024-01-02 00:27:48,京东购物，质量好，价格实惠，送货快，会员性价比超高。多次购买这个牌子的鱼，味道一如既往。赶上活动非常不错，值得多买几包。快试试
20738722375,2024-04-27 06:35:00,东西不错，咸淡合适，好评
20600698752,2024-03-20 12:17:09,明太鱼收到了，包装完好无损口感不错价格便宜，就是快递慢点
18018661356,2022-09-05 13:32:48,延边特产明太鱼味道好。京东平台各种东西都有。
19400187923,2023-08-04 08:39:05,挺好吃的，就是不能吃辣，做的汤
19589566434,2023-08-28 19:41:29,鱼干已经收到了，很好吃
20538535751,2024-03-04 09:25:32,发货速度很快，东西包装的很好，价格优惠，我很满意，还会回购。
19349655648,2023-07-19 12:23:37,鱼收到了，味道不错，下次继续光临。
19167353504,2023-05-31 21:05:35,味道很棒，减脂期嘴馋的时候吃点，货到给同事尝了尝，同事立即下单了😂
19583567460,2023-08-27 15:55:14,鱼肉味道不错量比较大
20341704482,2024-01-08 18:59:45,超级好吃味道很正宗，分量也很足。很干净很喜欢，下次还来买
19939932891,2023-10-07 16:53:40,此用户未填写评价内容
20559416902,2024-03-09 12:01:33,孩子很喜欢，买过很多次了，包装完好细致，口味纯正
20753915163,2024-05-01 08:43:33,货已收到包装很好 尝试后再评
20471967174,2024-02-11 14:00:41,东北特产，尝尝味道。有点太油，一般。
20498018968,2024-02-22 09:26:04,一直在回购的明太鱼，干净，很大！
20561546615,2024-03-09 20:52:21,明太鱼发货挺快的，味道不错，口感挺好的，很好吃
20212449156,2023-12-04 19:27:19,明太鱼收到了，已经第二次购买，孩子爱吃，平时当零食吃挺好的，撕开凉拌也不错，商家送了蘸料，很棒！
20540205298,2024-03-04 15:57:38,非常好吃，已经多次购买了。凉拌，干煸都很好。
20477453386,2024-02-14 22:48:55,很好，超出预期，一家人都喜欢吃
20542922209,2024-03-05 10:15:20,包装很好，日期新鲜，店家态度好，味道不错。
20552390052,2024-03-07 15:29:12,发货快，日期新，品相好，价格合理，好评！
18830843000,2023-02-26 20:21:31,很好，物流很快，东西很给力，性价比很高 味道也好 无数次回购
20435890482,2024-01-30 00:51:25,还没有吃，不知道味道。无法评论
20547406043,2024-03-06 11:41:33,今天拿来烧了，口感还挺好的，好吃👍
20469048037,2024-02-09 08:48:47,口味很好！就是个体有点小
19157990179,2023-05-29 08:47:55,好哦👍口感细腻，非常喜欢
20384843247,2024-01-21 11:12:38,好吃，物有所值、物流配送也快。
19766481764,2023-09-19 22:14:41,这款干鱼买的有点不适用。是我自己搞错了，本来想买纯干鱼，后来问了下客服才知道这是带点盐的，也算是一种~。不知道煮出来会不会跟原来一样好吃，如果好吃，下次还会再来买的。
20213733670,2023-12-05 09:17:01,助农馆！每年都买几回，不知道能不能助助农？儿时的味道，一贯的品质保证，我向你推荐！
20555590809,2024-03-08 12:14:12,明太鱼好吃，价格实惠！还会回购
20577161318,2024-03-13 21:54:40,收到货了，很新鲜，买的超级好
20542070294,2024-03-04 23:26:59,口感很好，包装很不错，值得推荐
20308692232,2023-12-30 17:27:16,东西啊不错，下次还会再来光顾！
20373904365,2024-01-18 09:28:31,这个味道不错，又回购了。
19327512890,2023-07-12 14:21:17,已经回购好几次了，很好，
20357697476,2024-01-13 11:04:54,尝了，很好，下次还会来买
20298387413,2023-12-27 16:12:12,第一次购买。鱼干包装很好，日期也新，店家发货和快递都给力。无头无尾无刺。味道不错，不咸，微腥有海味。唯一美中不足的是有点潮了。
20340217563,2024-01-08 12:07:39,买了几次，口感很好。
20411158422,2024-01-25 12:59:21,新鲜的鱼干非常的棒，好吃极了。
18803346855,2023-02-19 11:15:21,喜欢吃鱼干瞎买的，一开始直接啃，啃不下，看了评论说要撕开和沾酱，配上后就好了，空口吃有点咸的
19953389086,2023-10-09 23:29:01,买了第四次了，超级好吃，尤其是配合啤酒看着电视剧，真是绝了，准备这几天再买几包
19136858651,2023-05-22 21:20:29,非常不错的一款下酒菜，在这家店买过几次了。很不错，推荐给大家。
20087913036,2023-11-05 08:21:42,跟鹿肉一起买的，发货及时包装完好，鱼干看起来干净整洁，大小一致，肉质细腻，还没吃但看起来不错，总体比较满意，好吃再来，特产不错
18806156647,2023-02-19 20:31:25,很好的鱼干，非常干净，去头去皮，做了拌明太鱼，用清水泡了两分钟，挤干水分，家人都喜欢。
18881078058,2023-03-10 18:51:31,还行，没事打打牙祭。
18743261487,2023-02-02 16:53:46,孕期小零食，非常好吃，不长肉
18819580086,2023-02-23 12:12:50,店家服务态度120%我非常认可。是一个诚信的商家谢谢！打电话询问是否收到货。认真负责精神值得学习明太鱼干质量非常好👌🏻请大家放心购买。谢谢！下次一定再次回购。
18542123777,2022-12-15 20:29:36,多次购买了挺喜欢吃的，明太鱼干可以撕碎了蘸芥末酱油吃，也可以炒菜和烧汤。
19527322572,2023-08-12 12:28:09,非常好，值得购买，本来担心受水灾影响路上会不会发霉，收到发现完全没有，希望越来越好！
19567958805,2023-08-24 10:54:34,还可以吧，打开必须密封，味道很大，满屋子都是海鲜味儿，拿水泡了以后，小刺比较多，处理的不是非常仔细。
20212456391,2023-12-04 19:28:33,这是第一次购买，很好吃，已经又买了好几份
19808158618,2023-09-23 18:45:42,买明太鱼干，还是要去骨去皮去头的，省了好多事，这个菜是正经下酒菜，虽然是东北发货，真空包装，不用担心质量问题。物流也很快。
20210770501,2023-12-04 11:27:40,味道很好，蘸料口味一流，很好的下酒菜。
20187301845,2023-11-27 12:20:05,商品发货速度快。包装完好。吃着口感也不错
19308711304,2023-07-06 16:39:12,鱼挺好，处理的很干净，直接撕下来沾着小料吃；就是送的小料略少了一点，鱼没吃完料没了
18615017715,2022-12-27 18:25:31,看起来量还可以，比我想象的多。好久没有尝到明太鱼汤了，这次可以吃个够了。
20262625201,2023-12-18 13:20:39,质量很好，物有所值。好评！
19132682819,2023-05-21 16:14:46,"每次收货都是非常愉快的,首先价格不错,质量不错,快递不错,物流，挺快,老板不错,客服服务到位。"
19593299340,2023-08-29 15:09:55,还没吃 期待中
19912488692,2023-10-04 22:49:07,这款鳕鱼肥美鲜嫩，肉质鲜美可口，点上精制的调料酱汁味道不一样，香辣可口，下酒常备佳肴，喜欢的朋友不要错过哦！
18660809537,2023-01-06 19:15:34,质量非常好，味道鲜美，又下两单。
18534592443,2022-12-14 20:47:33,材质很好，质量也不错，到货也很快宝贝特别喜欢，颜值高质量好，中看又中用，有需要的朋友不要犹豫了，最后祝商家生意兴隆！大品牌，用起来很放心，质量非常好，赶上活动购买非常的划算
18185390016,2022-10-09 00:04:55,以前一直都是在饭店吃，这次选择了网上买，质量味道都很不错 价格还实惠！
20093460670,2023-11-06 10:21:17,在韩国公司呆久了，喜欢上这个鱼。
19998668922,2023-10-24 12:53:17,天津客户，我就用了一次最底下的两个和拉杆连接的位置就开了
18381257233,2022-11-13 15:42:44,价格很实惠，性价比很高，算是平价好物，多次回购！美味！
20219501777,2023-12-06 21:13:51,送货上门 方便 推荐
20053007948,2023-10-28 14:43:17,好吃的明太鱼干，已多次购买。趁双十一优惠，又购一单。
19972274224,2023-10-16 05:13:11,还是家乡味道能慰籍游子漂泊的心啊！
19918617321,2023-10-05 14:11:16,还可以，不如那个市场里面卖的明太好吃
19897805798,2023-10-03 14:13:41,十二年前在长春吃过，非常怀念的味道。
19287860190,2023-06-30 08:20:28,宝贝收到了，商家服务态度比较好，物流速度挺快，快递小哥服务一流，热情上心，宝贝也比较喜欢，是一次很满意的购物，下次接着购买。
18446870818,2022-11-27 12:27:41,吉林老家的特产 配啤酒 追剧 非常完美哦
19970779220,2023-10-15 16:26:17,口感比较硬，对腥味敏感慎重
20266249760,2023-12-19 09:37:38,吃着还行  用烤箱考了下
19819349553,2023-09-24 21:39:34,挺好吃的，就喜欢这种干干的有嚼劲
18107543194,2022-09-23 19:52:17,多次购买了，很好吃，撕碎了沾芥末酱或者炒一下都挺好吃的。
19998381779,2023-10-24 11:36:02,口味不错，买了很多次了
19336608248,2023-07-15 12:16:16,收到鱼，包装很好，鱼也很好，没有鱼头和鱼皮太方便了
19733685507,2023-09-17 18:28:32,物美价廉 足斤足两 不欺客
19091084788,2023-05-07 20:03:08,商品质量不错，细节、品质、做工都非常好，发货贼快，快递也给力，棒棒哒~🌸🌸🌸
19819333149,2023-09-24 21:38:29,味道不错，吃得停不下来
19546090465,2023-08-17 14:01:56,很好吃，含钙量很高，配料表也很干净
19158548459,2023-05-29 11:22:35,产品真的超级棒，下次还会买的，愿越做越好，非常好的购物体验
19298789894,2023-07-03 14:20:20,收到，和店家描述的一样，非常好，以后还会回购的
19642057275,2023-09-09 19:00:55,味道不错 确实是延边味道
19690785900,2023-09-14 17:24:17,评价就一个字，很不错！
19756976596,2023-09-19 08:15:43,很好吃，买了两三次了
19550061450,2023-08-18 15:30:51,干净，多，好吃。货比三家后的评价！爱吃的别犹豫了
19010580531,2023-04-11 07:35:11,"宝藏店铺，明太鱼性价比更高，日期新鲜，肉厚，口感好，第一次在家里做了凉拌明太鱼,非常成，功。还买了青年萝卜，非常好吃地道，回回购~"
20087725733,2023-11-05 06:44:03,的嘀嘀咕咕个郭哥你好
18728012469,2023-01-28 15:39:46,一次很好的购物体验，服务周到，物流快速，配送也很周到，态度也很好，物有所值啊，果断好评！
19757294785,2023-09-19 08:43:48,很早就收到货了 味道不错 赞一个！
18785098468,2023-02-14 16:46:34,好吃，打开就直接吃了，没加热，就挺好吃，我觉得不加热更好吃，没事追个剧就吃一个，第二条拿开水烫一下，用送的小料拌一下，特别好吃！吃完还会回购。
19038491727,2023-04-20 12:26:08,还是好吃的！！！！！！，农副产品的问题在于每次发的都不太一样，这个鱼好就好在，大鱼比较肥，是好吃的，小鱼比较劲道，也是好吃的~
18415229760,2022-11-19 19:36:05,看着挺干净，肉质不错
18793620601,2023-02-17 00:03:07,好吃，味道好，速度快。喜欢！！重购了很多次。重购了很多次，真材实料，货真价实？！
18112589255,2022-09-24 19:12:19,配上料包好极了   非常好5星好评
19328557457,2023-07-12 19:58:54,还可以哦，挺好的👍挺好的啊！👍
19328553370,2023-07-12 19:58:36,还可以哦，挺好的👍挺好的啊！👍
19377905400,2023-07-28 07:25:14,由于莫拉莱斯呢几句嘴啊莫须有
19146013921,2023-05-25 17:08:05,真的很好，性价比也很高，质量也很好，物流也快啊！一天就到货了！
19101352561,2023-05-11 11:18:47,非常好，多次购买了，品质好，家里人都喜欢吃，味道不错，以后还会买
18459230926,2022-11-30 16:54:11,第二次回购了 之前偶然买了一次口感很好 比较正宗 肉质比较新鲜有弹性 买来做拌菜 也很方便储存 总体满意 下次还会回购的 好评
18760861493,2023-02-07 20:31:33,质量没得说，和描述的一样，而且物流也非常快，下次还会继续购买，赞一个！
18874849869,2023-03-09 09:09:42,发货超级快，到货超级快，包装很精致，真的是开启了新世界的大门&hellip;&hellip;
18854631926,2023-03-05 07:35:18,发货超级快，到货超级快，包装很精致，真的是开启了新世界的大门&hellip;&hellip;
19082211572,2023-05-04 19:22:41,无限回购，远是远了点，但是贵在正宗。
19179418300,2023-06-03 16:10:00,第二次购买，价格合理味道好
19302071398,2023-07-04 14:44:38,收到货后，发现明太鱼出乎我意料的好。
19225971000,2023-06-14 20:38:33,质量挺好的吃的很好吃
19217819349,2023-06-12 19:09:17,孩子爸爱吃，经常买！
18914851824,2023-03-19 13:20:48,商品可以，没有给调料包，菜鸟快递站真的是态度差
18898879501,2023-03-14 20:53:30,传统品牌的东北咸菜，父母很喜欢吃，在网上网购些。味道不错，很好吃。
18030731039,2022-09-07 19:36:45,收到货，第一时间拆包装，质量非常好，与卖家描述一致，完全超出我的期望值，包装很仔细、严实，总的来说这次是很满意的一次购物，感谢卖家。
19106833841,2023-05-13 09:50:28,质量特别好。以后还会购买
20115049076,2023-11-10 20:46:38,非常好吃非常好
19196421889,2023-06-07 13:16:35,价格实惠，品质不错，值得购买.
18898973883,2023-03-14 21:21:31,一般般，和朋友在老家拿的口感不一样。
18721774265,2023-01-25 16:29:23,看风味人间3上放的延边明太鱼，还没吃，先习惯好评！
18809341584,2023-02-20 16:27:28,第一次购买明太鱼，肉厚味道鲜美，继续关注。
18793752033,2023-02-17 05:53:33,鳕鱼干很好吃，很香，孩子很喜欢吃，也很好吃
18939149405,2023-03-25 00:16:09,价格实惠！质量保证！快递给力！
18756001573,2023-02-06 13:20:47,鱼质量非常好干净。味道也相当好。已经购买多次了。值得推荐的美味。
19587578318,2023-08-28 12:07:52,干净，味道好吃。
19209726949,2023-06-10 18:38:44,很好，多次购买了，很好吃
18753048060,2023-02-05 14:56:50,第一次购买，尝试做一下，东西不错，主要不太会做，京东购物非常方便，次日送货上门，过年了买了不少东西，送的很快，活动也便宜，
19272495250,2023-06-25 15:10:47,好吃有点咸怎么回事
18742275091,2023-02-02 12:10:01,很好，质量很好，快递很快，好评如潮！！！
18729818892,2023-01-29 10:42:24,买了好多次的明太鱼了，干净，方便，很好吃
18821331015,2023-02-23 20:11:18,这种非常好吃，还带料，强烈推荐
18873197162,2023-03-08 21:05:24,首次购买，希望不要失望。
18714174150,2023-01-20 14:19:44,超赞，包装很讲究，还没开始吃，应该不错
18519326416,2022-12-12 20:44:18,🎁宝贝收到了，颜色很好看，质感也很好，样子简单！🤩是我想要的！！下次还会再来！
18873737570,2023-03-08 22:34:33,肉质干燥松软，味道鲜美
18705590213,2023-01-17 19:56:49,挺好吃的，适合喝着小酒当零嘴配菜用。
18834394235,2023-02-27 19:11:33,还没来得及吃，吃过再评
18516121899,2022-12-12 13:16:44,京东的产品和服务一直都是我信任的。最近，京东状态出现一些波动，呼唤大强子回归！
18826947129,2023-02-25 18:25:23,土特产品，不一样的风味
18841449921,2023-03-01 15:32:51,非常好，干净，好吃！
18669054947,2023-01-08 18:19:02,第二次回购了，鱼很干净。真材实料。
17980898889,2022-08-29 09:47:10,鱼干处理的比较干净，个别处有点儿小刺。赠送的拌料挺多，但还需要根据个人口味适当添加其他佐料。总之鱼干质量不错，可以考虑回购。
18150897923,2022-10-02 12:36:40,非常满意很好质量味道都非常到位非常喜欢还会继续购买谢谢商家谢谢京东快递小哥也很给力辛苦了谢谢！
18915324848,2023-03-19 14:26:32,味道真不错，喝个米酒，太对味了
18827409297,2023-02-25 20:52:22,非常好吃，会回购！
18717806094,2023-01-22 18:32:05,明太鱼干新鲜肉厚，第一次尝试明太鱼干汤，鲜美好喝。商家发货很快，配送很及时，服务很好。
19066912397,2023-04-29 12:08:19,好吃。特别是蘸料。
18742804994,2023-02-02 14:41:32,好吃好吃，买过好几次了
18970686278,2023-03-31 23:52:41,作零食营养又健康。会再买
18938301138,2023-03-24 18:44:07,一直买他家的。味道还不错。
18646740727,2023-01-03 18:55:01,非常过瘾，尤其是啤酒蘸料，绝了
18694758236,2023-01-14 20:57:59,买了两个品牌的质量都不错哈
18745112091,2023-02-03 09:44:56,不错 不是一次购买了
18650090579,2023-01-04 13:10:42,看起来很新鲜，晚点儿炒着吃。
18668475527,2023-01-08 16:19:12,鱼好吃就是刺处理的不太干净
18042684584,2022-09-10 10:30:15,鱼干，想想念念的味道，儿时吃过，那时抹上酱自己烤。现在都配好料，直接沾着吃，工艺先进了很多。
18705905783,2023-01-17 21:16:45,质量很好，适合下酒小酌
18640955822,2023-01-02 16:30:02,增的料，蘸着吃，味道很好。
18460130144,2022-11-30 20:48:44,作为重庆人我从来没想过能用这个烫火锅，真好吃，比耗儿鱼烫火锅好吃多了
19157994044,2023-05-29 08:47:24,方便省事儿，还是那个味道，一如既往地喜欢
18884835899,2023-03-11 11:38:32,一泡完撕条沾调料贼好吃
18720923324,2023-01-24 23:23:38,好吃好吃，都不用处理，开袋即食
19607979835,2023-09-01 16:55:20,再买，朋友喜欢
18722349515,2023-01-25 21:15:58,烤着吃非常好。。。。。。。。
18070245854,2022-09-16 14:31:57,已经是第二次买了，肉质紧实，在烧烤炉上烤一下特别酥脆，醮些调料，非常棒的体验。
18379522728,2022-11-13 11:01:39,特别特别满意，超级好看，客服很有礼貌，很客气，良心商家，支持！
18676142141,2023-01-10 12:02:48,第二次购买了，质量很好味美
18094124380,2022-09-21 09:48:04,不太爱评价，但这个是真的棒！质量很好，做工细致，包裹很严实，快递服务态度好，绝对好评！
18318945124,2022-11-02 17:23:38,没有多余的添加剂，实打实的鱼肉。营养丰富，非常好吃。
18518796438,2022-12-12 19:35:47,物美价廉，东西不错，五星好评，值得拥有。
18678530828,2023-01-10 20:51:54,非常的好，嘎嘎地。
18614326346,2022-12-27 15:57:00,非常好吃，去皮去头，吃着比较干净
18204111424,2022-10-13 11:19:25,简直太好吃了，每天早上起来都要吃，晚上吃，真的很好吃
18524032068,2022-12-13 14:43:32,第二次买了，味道好极了，干湿度正好
18193293610,2022-10-10 18:02:42,发货快，到货快，包装整洁干净，明太鱼干净无异味、去头还送配料，让明太鱼食用起来更方便快捷，久违的家乡味道，让人停不下来，满分好评。
18628640000,2022-12-30 21:57:18,质量很好，京东送货快，很棒
18125544420,2022-09-27 08:55:14,宝贝确实很棒，个人非常喜欢，朋友也说好来着，推荐购买
20061497732,2023-10-30 16:55:52,虽然有些小贵 不过品质始终如意 值得购买  建议料包多给一些  或料包收费也
18631492818,2022-12-31 16:44:50,物超所值，话不多说，这四个字已经说明了一切
18612851509,2022-12-27 10:23:45,商品设计合理，质量过硬
18615687659,2022-12-27 20:50:35,很好很正宗很好很正宗
18091973761,2022-09-20 20:07:48,超好吃，每年都会买好多给家里人。就是家乡的味道
18903249131,2023-03-15 20:53:14,回购的，非常好
18417935724,2022-11-20 12:44:30,复购好几次了，好吃，味道好
18413022984,2022-11-19 11:47:54,品质可以，干净，还配好调料
18284668607,2022-10-26 17:54:57,看着来不错，个头不是大的，中等吧
18380015471,2022-11-13 12:22:16,巳经买过几次了，品质挺好的
18509903971,2022-12-11 14:04:31,卖家发货速度很快'，东西看起来很好。
18110837678,2022-09-24 13:26:49,超值，味道很棒，一次很棒的购物体验！
18381357211,2022-11-13 15:59:24,闲时喝酒的决绝子，好吃
18414028952,2022-11-19 15:33:51,下酒必备。挺不错的。
18200356489,2022-10-12 14:02:46,拌着很好吃！很软，不那么硬！
18188532905,2022-10-09 17:30:07,延边特产，非常好吃，并且不咸
18503214144,2022-12-10 10:23:08,第二次回购了 ，味道嘎嘎的
18165676820,2022-10-05 07:04:00,挺好吃的，回来就做了一条
17978737959,2022-08-28 19:37:12,泡软后，用辣椒酱涂抹，烤好。好吃。
18228831207,2022-10-17 23:46:18,鱼皮都去好了，绝赞！
18118147756,2022-09-25 20:04:48,很多种吃法，总体都是不错的
18151581875,2022-10-02 15:18:57,一般般 但是没有腥味还好
18593970849,2022-12-23 13:04:06,太好吃了，吃完再来！
18038074714,2022-09-09 10:20:25,样子很特别，味道也特别的好！
20273739883,2023-12-20 22:37:43,味道不错，送的辣椒调料也蛮好。
20262289438,2023-12-18 12:04:00,满意满意，京东买东西，送货快，服务好，售后服务也好，疫情时也基本能送货，自营的，旗舰店，都很好！家里吃的，喝的，日用品，手机，大小家电都京东上买的！
18424758188,2022-11-21 20:24:36,东西收到了，看看还不错
17993071264,2022-08-31 16:25:22,办公室零食，补充能量。
18020355463,2022-09-05 19:02:03,买过两次，味道还不错
20167344504,2023-11-21 17:43:07,小朋友都喜欢吃*蛮好！！！！！！
19964842835,2023-10-13 16:57:25,这可真是明太鱼干，都撕不动，哎我去，老硬了，踩雷了，不会再光顾
18242961570,2022-10-20 14:44:42,好吃，软，下次还会回购
18499772068,2022-12-09 15:20:16,服务好，东西好！
18024616584,2022-09-06 16:03:28,味道还可以 沾上蘸料下酒
19564282402,2023-08-23 09:02:41,特别好吃，下酒很方便！！！！！！！！！！
17959430889,2022-08-24 20:39:18,挺好滴，都回购了
18016927323,2022-09-05 06:08:30,已购多次，非常棒！
18016942695,2022-09-05 06:08:02,已购多次，非常棒！
18016922698,2022-09-05 06:03:54,已购多次，非常棒！
18616748764,2022-12-28 09:02:07,真的，各位这个我是真的爱了，鱼的口感非常好，干，香，搭配着佐料，有醋包，和辣椒包，小料的味道也到位，喜欢两者搭配一起酸辣，或者单独沾辣包也很棒，真的没白等，太棒辣～
19606608864,2023-09-01 11:48:01,味道不错，营养好吃，适合配粥。
19878042414,2023-10-01 12:43:33,此用户未填写评价内容
19336996081,2023-07-15 14:20:20,物流配送也好，包装也好。 而且质量也很好。 以后还会再入内。
19807264529,2023-09-23 17:11:59,味道好，还赠送了调料，很细心。
19217546317,2023-06-12 18:01:50,收到货，第一时间拆包装，感觉质量还是比较好的，与卖家描述的还是一致的，非常满意，发货速度比较快，物流公司服务态度很好，运送速度很快，总的来说这次是很满意的一次购物，
19113307459,2023-05-15 12:45:08,第一次购买，味道还不错。发货，送货都很快，很方便。
19932578709,2023-10-06 22:02:53,🐟干無头确实是良心岀品，配料也是很齐全。这里我提一點建议。最好提供🐠干的具体烹饪和食用方法。这样可以让用户得到最好的购物体验和尝试。
19334666904,2023-07-14 18:35:09,明太鱼干。小时候的味道。拌着吃非常好吃
20694988854,2024-04-15 08:14:06,干爽干净无异味，味道不错
20357257646,2024-01-13 08:28:18,好吃，同事们都爱吃，带回来很有面子。
20334598944,2024-01-06 18:55:55,这个味道好极了。最喜欢吃的鱼干。
20070370052,2023-11-01 17:27:17,报吃🎁宝贝收到了，颜色很好看，质感也很好，样子简单！🤩是我想要的！！下次不会再来！
20321234434,2024-01-03 07:41:23,多次购买此商品 非常不错
20411185433,2024-01-25 13:03:49,新鲜干净非常好鱼干，吃着口感好极了。
19027931471,2023-04-16 19:50:28,在抖音刷到很多，希望好吃
19839680305,2023-09-26 19:29:35,好吃 非常方便喝啤酒等 虽然有些小贵 但已买了几次 非常认可  还有希望料包要给多一些
19389999021,2023-07-31 22:07:37,是正品，而且价格不贵，用着也很大气，一直在用，很好🎉✨想买的别犹豫哇！没有廉价的感觉，很高端，特别棒！
18902320184,2023-03-15 18:26:52,质量很好，第二次回购了。
20312886450,2023-12-31 21:45:13,价格实惠，质量杠杠的，非常好的一次购物，下次还来
18484928001,2022-12-06 18:33:37,收到货就迫不及待做了一餐。用番茄酱和香菇和二条鱼干一起煮。简单易熟。大约煮了15分钟，收锅起盘，哈哈。鱼肉很劲道，是原味没有添加。附带的调料辣啊！不能吃辣的慎用，哈哈。煮的汤很鲜美。推荐品尝。
19960320542,2023-10-12 09:19:30,购买很多次了，非常的不错，但这次不像宣板，死硬死硬的，喷了好多水才能吃
20262746097,2023-12-18 13:49:42,过了半个月才吃 是以前的味道 价格偏贵一点点
20192270893,2023-11-28 19:39:55,商品已收到，用后还可以，以后还是会回来购买的，
19073023264,2023-05-01 14:31:38,东西不错  但是有点干 稍硬
19955717759,2023-10-10 18:02:19,好久没吃这鱼了，看见赶紧下单，明太鱼干烧肉，味道好极了。
19965227048,2023-10-13 19:03:43,非常好的东西，已经回购好几次了，物流很快，价格可以。
20289176099,2023-12-24 23:24:47,加上调料很正宗，准备再次购买
17964333886,2022-08-25 19:49:54,客服服务态度很好，快递也不赖，希望老板生意越来越好！！！不错，喜欢，性价比高，以后会经常光顾物超所值，话不多说，这四个字已经说明了一切趁着优惠，赶紧入手，是正品，包装也非常的好，没有破损，质量也是没得说，棒👍
20003235840,2023-10-25 15:51:04,非常适合下酒的食物，好吃又不用担心体重
20221322801,2023-12-07 14:13:36,很有嚼劲 孩子也喜欢吃
18607360434,2022-12-25 22:36:39,很好吃。。。
19983039544,2023-10-19 14:25:39,非常无虐咯Mr嘟嘟嘟哦色汤姆的满意的
19576667632,2023-08-26 08:16:54,一次很好的购物体验，服务周到，物流快速，配送也很周到，态度也很好，好评！
19818037742,2023-09-24 19:44:59,物流时间快，价格实惠，味道也不错，物美价廉
20121893313,2023-11-11 23:00:19,就是好吃来复购的啊！
19984532836,2023-10-19 22:22:48,物流速度快，好吃，好吃。
20003313426,2023-10-25 16:08:16,已经在吃了，感觉还不错
18107543941,2022-09-23 19:53:03,多次购买了，很好吃，撕碎了沾芥末酱或者炒一下都挺好吃的。
19562985595,2023-08-22 18:12:54,非常适合喝啤酒 不过有点小贵 但还要继续买
18572602982,2022-12-19 23:01:35,非常好 延边的感觉很不错哦
19102324276,2023-05-11 16:54:29,都已經快吃完了，物流很快，收到商品後就開吃，已經多次購買了，挺好吃，
19810253819,2023-09-23 22:42:58,味道不错喝起来不上头
18458069731,2022-11-30 11:40:36,东西不错哦，下次还会来买
17975605823,2022-08-28 07:50:09,深夜加餐，配酒都不错。肉质好，稍微火上烤烤更好吃。
19296162253,2023-07-02 17:31:21,很好，味道很棒，吃起来也方便。一直都喜欢东北老家的明太鱼干。
19555288719,2023-08-20 11:07:02,本产品非常好，值得购买
18785233101,2023-02-14 17:25:37,多次購買了，魚很好，只是店家使用的中通快遞是選擇錯誤了，中通快遞就是垃圾快遞！
18127001822,2022-09-27 14:12:43,肉质松软，口感不错，还是那个味
18272392222,2022-10-24 18:13:59,不错不错，用空气炸锅炸
19255937088,2023-06-21 08:40:37,物品已经收到，非常好，和描述的一样。
19059207498,2023-04-26 21:24:51,味道挺好，就是得先过热水，我老是掌握不好火候。泡的太软了，就没有嚼劲了。
19269243880,2023-06-24 16:57:17,延边明太鱼干，已收到，看起来不错
17992800062,2022-08-31 15:28:53,味道非常不错，还会继续回购的
18640308532,2023-01-02 14:35:16,发货很快，包装完整，配送便捷，服务周到，质量上乘，性价比高，物美价廉，口感一流，值得购买，五星好评。
19271595813,2023-06-25 10:59:29,味道可以，喜欢有嚼劲的
19154194138,2023-05-28 05:56:04,味道好物流快，下次还会购买
18030730080,2022-09-07 19:36:34,收到货，第一时间拆包装，质量非常好，与卖家描述一致，完全超出我的期望值，包装很仔细、严实，总的来说这次是很满意的一次购物，感谢卖家。
18787452412,2023-02-15 11:57:29,质量不错。。快递及时。。包装很好。。未食用。。期待效果。。信赖京东。。。
19043021685,2023-04-21 21:34:55,商品质量很好，物流也很快，支持京东国货！！！！！！！
18868151571,2023-03-07 14:03:46,物流很快，👍产品很快就收到了，比想象中还好，不错不错！希望能耐用
19130873073,2023-05-21 00:15:49,非常好的一款商品～～～
19106151181,2023-05-12 22:28:12,没什么腥味，直接吃就可以
19350575447,2023-07-19 17:11:04,味道一如既往的很不错。
19243899160,2023-06-18 20:00:42,感觉一般，估计是自己不太会做
18898983835,2023-03-14 21:23:33,一般般，没有朋友在老家拿的好吃。
18693246238,2023-01-14 14:57:00,发货速度快，质量挺好的，和卖家描述的一样，非常满意
19272504478,2023-06-25 15:11:18,好吃有点齁得慌哈哈哈
19161126170,2023-05-30 00:42:17,便宜实惠，物美价廉，特别好。
19541476329,2023-08-16 13:43:45,还是我喜欢的味道
19156258995,2023-05-28 17:38:25,宝贝很好哦，真的很高兴
18988669313,2023-04-04 19:28:34,真的好吃奥，蘸料辣的够呛，但是越吃越香
18761306671,2023-02-07 22:47:06,大品牌，确实不错，下次还买
19113339264,2023-05-15 12:55:32,好吃不贵，物美价廉
18467918001,2022-12-02 21:28:50,发货快，包装严实，商品质量非常好，比专柜便宜很多，客服服务态度也特别好，好评
18667811775,2023-01-08 13:49:08,还可以，还可以，价格有点贵，有点小，习惯在京东买了。
18634323212,2023-01-01 10:57:49,好物件，品尝一下够味再买是一定的
18688182911,2023-01-13 10:04:48,发货快，物流快，好吃，赞赞赞
18637558920,2023-01-01 21:53:50,备好年货，静待好年了。
18828030730,2023-02-26 07:18:56,不错，好吃
18300065939,2022-10-29 19:12:52,味道不错，加了辣椒粉和醋之后蘸着吃味道很好。做汤的话味道一般，感觉要把鱼干腌一下再做汤。
18694811195,2023-01-14 21:11:45,物流快，东西质量好，品质有保证。
18649322916,2023-01-04 10:45:52,商品包装完好，鱼很新鲜，快递送货快
18678372418,2023-01-10 20:21:06,以为没有那么多，量很足，很好吃
18730924936,2023-01-29 16:57:19,太难吃了，吃起来带点苦味
18671239135,2023-01-09 09:54:34,一如既往的好吃，咸鲜下酒佳品
18639197383,2023-01-02 10:43:50,即食的话非常劲道👍👍👍
18164135311,2022-10-04 20:37:46,发货速度快，物流也很快。没看清楚是礼盒装，本想买大条明太鱼，看球赛的时候，可以边手撕明太鱼干，边喝啤酒，不过可以尝试一下其它的口味。
18380030920,2022-11-13 12:24:22,在朋友家吃饭时吃过，所以买了尝尝，品质很好，不错哦
18551632730,2022-12-16 23:46:13,很好吃哦😋喜欢鱼的朋友不要错过😯
18219725746,2022-10-16 12:40:21,明太鱼我这边叫柴鱼，很像挺好的，撕碎泡开和裙带菜豆腐加点味噌做成汤好喝。
18444873816,2022-11-26 19:32:26,味道非常好
18316481511,2022-11-02 09:47:10,好大一包，感觉可以吃好久哈哈！第一次买尝尝看
18314713046,2022-11-01 21:02:30,有点贵两条半28元 不如自己在市场买
18582047863,2022-12-21 10:42:16,多次返购好吃哦哦😋
18295348485,2022-10-28 17:02:02,还不错，包装很好，冷冻保质期长。
18326164183,2022-11-03 21:13:52,味道不错，蘸着料吃别有一番风味
18042691185,2022-09-10 10:31:37,鱼干很香，喜欢手撕成条，嚼着吃，艮啾啾的。
18296924781,2022-10-28 23:24:54,做明太鱼汤非常鲜美，好吃
18293762131,2022-10-28 11:44:00,感觉还可以，和预期差不多~
18185008896,2022-10-08 22:13:00,自带的辣椒粉非常辣，鱼很干净
17957738437,2022-08-24 15:07:55,味道不错，发货速度也很快，下次还会光顾
18225828138,2022-10-17 13:40:12,就是这个味道 好吃😋
18104745457,2022-09-23 10:05:02,下酒好菜，没事干吃也很好吃！
18104754554,2022-09-23 10:04:42,下酒好菜，没事干吃也很好吃！
18038107641,2022-09-09 10:25:50,很好吃，大人孩子都挺喜欢的！
18532868494,2022-12-14 16:42:34,味道非常不错，挺好的
18076048631,2022-09-17 19:47:35,东西收到了，包装精美！
17979140712,2022-08-28 20:58:01,味道很棒，很喜欢这个味道。
18242706243,2022-10-20 13:57:24,质量很好，非常满意。还会购买。
17953111595,2022-08-23 17:37:27,非常好，这次购物很好。
18238413656,2022-10-19 19:30:35,朋友推荐的，比较考验牙齿
17995918944,2022-09-01 09:08:36,很棒很棒的！就是有点贵😜
19627038347,2023-09-06 19:47:59,吃了再说
17959446708,2022-08-24 20:40:35,挺好滴，都回购了
18016904770,2022-09-05 06:08:15,已购多次，非常棒！
18016935861,2022-09-05 06:07:51,已购多次，非常棒！
18016931810,2022-09-05 06:04:20,已购多次，非常棒！
17961809591,2022-08-25 11:09:22,非常满意吃着可以
18460240624,2022-11-30 21:21:08,讲真的，有点咸
18754640346,2023-02-05 23:36:17,非常好 美味
18936643571,2023-03-24 12:22:54,看着不错
17977009805,2022-08-28 13:36:10,商家服务非常好
20744445417,2024-04-28 16:00:26,可以的
18278989687,2022-10-25 18:27:45,不错吃着
18047363759,2022-09-11 13:58:58,没吃 不知道
18120109369,2022-09-26 09:13:59,可以👍
18826170679,2023-02-25 14:08:52,味道很不错
18945043405,2023-03-26 19:30:16,很好吃的！
18358574011,2022-11-09 20:33:47,醋少了点  干鱼一吸 就没了
18236648424,2022-10-19 14:03:24,味道好极了
18196400083,2022-10-11 14:42:39,确实好
20006976827,2023-10-26 14:33:17,非常满意
19783273946,2023-09-21 07:52:30,好吃不贵
19046635234,2023-04-23 08:46:50,味道很好
18571665392,2022-12-19 20:21:08,非常好
18143337280,2022-09-30 18:28:02,很好不错
19577915491,2023-08-26 13:15:38,挺好的
19629423641,2023-09-07 10:05:49,满意
19192403209,2023-06-06 14:14:55,非常好
19257474048,2023-06-21 14:54:02,收到
18642684531,2023-01-02 20:59:15,鱼不错
18850141291,2023-03-04 10:28:39,不错
18632109384,2022-12-31 18:44:48,收到
18213430651,2022-10-15 10:38:25,好评
18062273524,2022-09-14 18:17:42,还行
19161036341,2023-05-29 23:49:11,不错
18018665637,2022-09-05 13:33:01,好
18011751247,2022-09-04 07:53:44,好
