id,time,content
16477309322,2021-10-17 23:11:50,**，拿鳕鱼当明太鱼卖
15664752865,2021-05-12 19:10:36,不好吃，破玩意，包装与实物不符
16038955642,2021-07-25 19:32:12,此用户未填写评价内容
16038954561,2021-07-25 19:31:57,此用户未填写评价内容
15991989192,2021-07-16 10:17:19,没有赠品
20186303780,2023-11-27 05:23:34,首先说一下不是恶意差评，是提个意见真心希望这个产品好。同学是朝族的带我吃的这个特别喜欢，然后咱就说50块钱的一袋儿鱼，这正常一条鱼配一袋干料不过分吧，那个干料成本也不太高吧，外地人喜欢吃的，拼多多人家也给配足了，外地人有干吃的有煎一下吃的，别太抠缩了，有的人就是半夜解解馋，好多鱼，料不够，打开了好多天，用还是不用
