id,time,content
17025301322,2022-01-21 16:05:19,这几个是已经腐烂流水的。如果是在路上坏的，大约不会坏到这程度。而且放在箱子的最下层，箱子外面也并没有破损。奉劝商家，这几个土豆，可能几毛钱的价值，不会让人退款，但是会失了诚信。
19141652164,2023-05-24 12:22:46,土豆是存货，不是新挖得，拿到时是很软。个头也不是乒乓球大小，包装盒很随意，经过快递小哥的暴力转运，拿到的包裹都是快烂了
20083609122,2023-11-04 10:49:28,好多个，买回来就这样了
20170648299,2023-11-22 15:41:44,土豆一般，蒸的话涩涩的，口感很差，，，，，，，，，，
19271276411,2023-06-25 09:44:00,是我买过最差的土豆，里面根本煮不熟，不要把这种土豆来欺骗消费者了，京东商城也要查处一下这种卖家，别影响了人们对京东的信奈
20283799277,2023-12-23 16:58:02,同时买了陕西临洮和咱湖北恩施的土豆，咱湖北的土豆个头小且不圆，奇形怪状，看着就不好吃，价钱还每斤贵1块钱，分量连外包装刚够，人家陕西足足多了一斤。湖北人不如陕西人实在！
20152658993,2023-11-17 22:17:17,刚刚收到还没吃，粗看一下品质应该没问题，但是我买的是硬币到鸡蛋的大小，发过来的都是大鸡蛋的大小，别说硬币小鸡蛋的大小都没有.不知道硬币的大小是不是我理解的一元硬币
18270715146,2022-10-24 12:48:42,已经蒸了2次吃，还剩下这么多，说好的乒乓球大小，搞这么大蒸半天不熟，口感和普通土豆子一样，还没有我朴朴上买的好吃，感觉就是没有高山土豆那味！幸好没有坏的能放，慢慢吃吧
20738978226,2024-04-27 09:05:59,感觉一般，没有特别土豆香味，最近在朋友家吃的比这个软糯。
19074575826,2023-05-02 08:30:33,买的鸡蛋到鹅蛋大小，只有最上面一层几个大点，下面全是小的，小鸡蛋的个头。
20315877538,2024-01-01 18:56:05,土豆是苦的，我老婆怀孕了想吃小土豆，结果煮好全是苦的，我自己尝了也是苦的。
20613675961,2024-03-23 22:10:30,商品质量尚可，物流不经同意放在驿站，太差劲！
20291014836,2023-12-25 15:18:06,第二次买这个土豆，有点灰心，第一次买了没放多久发芽了可能是自己的问题，这一次，昨天收到，昨天烧了，竟然又涩又麻，严重怀疑这个土豆的品质
20581168630,2024-03-14 23:52:36,买回来5天吧，全发芽了，吃了两个，挺好吃的，商家还是多保证质量吧
19563713785,2023-08-22 22:27:52,口感是不错的，就是质量不行。第一次买的这箱都能凑合着吃，后面又买了两箱烂的烂还全都发芽了。可以种植了，包生长这种。无语至极！！！
19563705320,2023-08-22 22:26:40,口感是不错的，就是质量不行。第一次买的这箱都能凑合着吃，后面又买了两箱烂的烂还全都发芽了。可以种植了，包生长这种。无语至极！！！
20150303751,2023-11-17 12:45:50,买最小的，有点大了
20670612377,2024-04-08 11:39:41,有点软，感觉不是很新鲜！
20681423103,2024-04-11 10:43:43,差不多一半是麻土豆&hellip;&hellip;
20469465417,2024-02-09 13:29:07,配送很快，价格便宜，但是口感很麻
15448094123,2021-03-22 09:42:59,大小参差不齐，8个里2个奇形怪状，泥土巨多。鄂西山区的人啊，扶贫项目，你们就不能稍微挑一挑吗？运过来，价格真不便宜，洗干净水费都比土豆贵。
18979709258,2023-04-03 08:16:52,不是一样的，说是兵乓球大小，与实物不符。
20489073401,2024-02-19 14:24:37,感觉还可以，有不新鲜的土豆。
17359139095,2022-04-12 18:43:53,我捧着土豆感到迷茫，我买的是大土豆还是小土豆？记得说买的是小土豆来着，跟家里人说做酱土豆啊！嗯，这大土豆倒是也能做酱土豆。但是还是感觉小土豆做着能好一点。我是买错了吗？难道我买的不是恩施富硒小土豆吗？哎呀，我太纠结了。我到底买的是什么土豆啊？
20534299900,2024-03-03 08:38:09,不好吃，一点都不面
18776609500,2023-02-12 10:10:35,买的硬币大小，给的鸡蛋大小，说是贴错签了，大家擦亮眼睛吧！
19042452276,2023-04-21 18:22:34,包装没做好，东西都压坏烂了
16468068868,2021-10-15 23:46:57,不好，说是乒乓球到鸡蛋大小，基本没那么小的。买了不久基本都发芽了，全丢了。同时买的另外一家的没有发芽。
20562422246,2024-03-10 07:49:07,这些品质的商品也敢给顾客发货呀，真是无语😑
19102902587,2023-05-11 20:09:14,不好，品质太差了，希望特产馆把控好质量，不要辜负了消费者的信任
18303708733,2022-10-30 17:36:56,如图，硬币到乒乓球大小，是不是太大了点？实测净重4.9斤多，还凑合。
18447346422,2022-11-27 14:40:14,黃心土豆份量不缼。鸡蛋大小。就是有斑发黑有七、八个不能吃了。
18866288371,2023-03-06 21:41:22,这是第二次购买了，不像现挖的，也没有第一次口感好，是不是其他品种没长大就挖了，晚上吃完肚子就不舒服了。挺失望的。
18398737284,2022-11-16 14:19:49,有黄心，也有白心，品种不一致，是混搭销售，商家缺良心。
20200370102,2023-12-01 09:26:43,煮着吃有涩味，一般般吧
20233715632,2023-12-11 08:33:15,没有标注写的那么小
20191485460,2023-11-28 15:51:24,品质不咋的，往年别的店买到的都是光滑的，这次不少疙疙瘩瘩的身上长满坑坑洼洼的结痂。发货都不做品控吗？
20170013210,2023-11-22 12:55:14,这次土豆不像恩施的，比较难吃
18133610285,2022-09-28 18:24:18,并不是恩施土豆，哪有一炒就粉的恩施土豆，跟~那买的炒出来完全不一样，
19415999056,2023-08-09 07:17:54,还说一件有五斤，我购买了两件 ，一称只有8.7斤，缺斤少两的货
19830342957,2023-09-25 15:35:38,太大了！都是比鸡蛋大的！！
17049784949,2022-01-25 15:15:05,并没图片那么圆，基本都是扁长状，也都比乒乓球大，吃起来和普通市场买的大土豆没什么特殊。大概是与预想落差有点大，所以这次购买体验并不好。
19076635932,2023-05-02 21:10:37,土豆有些是坏的，不新鲜，包装不好，很多磨破皮了，口感味道待吃了后再评论
16134745172,2021-08-14 15:49:39,挺失望的，打比喻来说，50个土豆30个都是快烂的，我都纳闷哪来那么多的好评！
19254391289,2023-06-20 20:08:46,收货的时候包装基本坏完了，土豆也都漏出来了。
20665484462,2024-04-06 22:29:06,味道其实是可以的，只是遇到三个有刀伤的，一半发芽的，再加上原本价格三元每斤，折算起来要五六元每斤了。
19549029654,2023-08-18 10:12:00,与自己在恩施带回来的小土豆还是不同
18603318525,2022-12-25 11:37:20,买农产品一般会优先助农，但这次确实有点让人失望。照道理大冬天，土豆又裹着泥，应该不大会坏，但是打开发现黑烂了四五个。
18728706971,2023-01-28 19:59:00,说实话，拍的是硬币大小，拿到是乒乓球大小，有些失望。忘记拍照了。
19054670706,2023-04-25 12:29:59,不是今年的新土豆，与商品标的是2023年不符。
18890555529,2023-03-12 21:14:29,买的土豆很不理想，又很多坏的，我买的是中大，结果是小个的
20447792915,2024-02-02 11:33:51,下单5天才收到，土豆都发黑了，不知能不能吃，懒得退了，今后食品还是不能网上买，快递太差
17229391846,2022-03-09 14:47:28,本来挺好的，打开一看60%都发芽了，不能吃了&hellip;
17499043023,2022-05-16 16:34:28,先不要说其它的，包装太随意
19047561725,2023-04-23 12:04:24,性价比不高，都焉了，土豆味也差一点
17589456640,2022-06-05 23:58:09,不够新鲜，1/3量有点软了都！一般般
19089628898,2023-05-07 11:54:47,整体还好，有坏的
16303455601,2021-09-14 18:09:17,恩施小土豆已买了数次，前几次还好，这次包装箱有改进，但东西的质量实在不敢恭维，说是新土豆，但感觉像是剩下的存货，主要是一些土豆都有硬伤。路上走了一周，收到货后检查一次，坏了一些，隔几天再看，又有坏的，加起来已将近六分之一。
15659264638,2021-05-11 13:04:54,写的是鸡蛋到鹅蛋，但是几乎都比鹅蛋大，小土豆一般都是很小的，不太满意，想着为扶贫做个贡献，买了好几百，但是质量都很一般，有点糊弄！
17397732739,2022-04-22 11:36:32,还没吃，只是这么多发绿的，实在是😂
19074265282,2023-05-01 23:19:59,有好些绿了快发芽了
18265445544,2022-10-23 13:59:23,买了10斤，一箱5斤新鲜，另一箱5斤明显存放已久干瘪，等于好差各半，不推荐
16597655945,2021-11-08 09:57:22,看图吧，首先，收到货有烂的，整箱都是烂味。其次购买的乒乓球到鸡蛋大小，实际差不多有鹅蛋大。
18847388587,2023-03-03 12:57:40,不是很小，有点偏大
15426398083,2021-03-16 12:14:39,发来的土豆和下的单相差甚远。不足以评什么好评，请不要砸了扶贫馆的牌子，好好经营才对得起消费者。
18591075058,2022-12-22 18:56:09,应该是陈土豆吧，皮很难刮去，吃口水糟糟的，没有土豆应有的香味。
15976372535,2021-07-13 08:11:33,包装完好，个头都差不多大，与市场买的大土豆没什么差别，没什么特色，价格贵多了。
18924960794,2023-03-21 15:29:26,一般般，很一般
20392183455,2024-01-22 21:14:28,口感麻，去皮后也还麻
17541361293,2022-05-26 14:39:03,妈妈说带包装两箱是9.2斤，还请做好产品的重量把控。
17428747080,2022-04-30 07:26:59,跟预期的有差别，土豆味不浓，煮熟后也不怎么香，要求高的话慎买，一分钱，一分货！
18200587619,2022-10-12 14:56:54,重量不够，连纸箱只有2.4公斤，我买的是2.5公斤
18898726072,2023-03-14 20:06:28,太垃圾了，才放了5天，全部发芽了
18843360489,2023-03-02 07:46:47,应该是去年的，不新鲜，不想说看图吧
17857235343,2022-08-01 11:41:06,不建议购买，有的发芽，有的腐烂，有的已经非常皱软，基本上一半都不能吃了。望店家能够走点心，不然就涨点价，毕竟品质才是第一位。
15464694077,2021-03-26 16:57:36,口感比大土豆好，但是烂的较多，商家不负责任，个头跟普通鸡蛋大差不多。
17949127326,2022-08-22 22:14:31,实话说感觉太一般，不是很新鲜，有的不能食用，但很少
15784908924,2021-06-09 19:05:44,太大个了，最小的比鸡蛋大得多，大的都赶上鹅蛋了。
19602154329,2023-08-31 11:06:50,与商品介绍的完全不同，有三分之一的坏的，以后再也不会在网上买了，其实菜场就有卖的，想图新鲜结果上了当。
17481714367,2022-05-12 15:08:08,这个土豆有点失望了，是种的品种不一样吗，口感不好吃，
17377862619,2022-04-17 18:06:50,我拍的是鸭蛋大小，给我发过来的有的还没有一元钱硬币大呢！还还有烂的！
17802385379,2022-07-20 11:55:02,包装漏土到处都是，能认真点吗？，包装撒漏
17513136738,2022-05-19 21:54:21,吃过威觉一般般，但毕竟价格便宜
18375027471,2022-11-12 15:57:11,土豆小且不太新鲜
17351965875,2022-04-10 20:33:22,想买的是小土豆，实际到货全部都比鸡蛋大
17402192750,2022-04-23 14:16:23,比~买的恩施小土豆品质差，价格贵！不会再买了！
19137589819,2023-05-23 08:15:17,在吃新土豆的季节，我也是朝着买新土豆的意愿下单的，买来全是快发芽的老土豆，坑不坑&hellip;&hellip;
17026796324,2022-01-21 20:53:46,基本还行，但有不少挖掘时伤了的土豆，且大小、形态很不均匀，口感不错。
17365597565,2022-04-14 15:00:56,有一个坏的，整体一般吧～
18067045083,2022-09-15 19:26:41,这么大个土豆叫硬币大小吗，没有其实可以不发货的，弄这个糊弄人
16125347749,2021-08-12 20:55:17,怎么说呢，想吃个炕洋芋，结果土豆有点大&hellip;&hellip; 只能下刀切半了&hellip;&hellip; 特意备注详解用途了！ 结果还是个个鸡蛋乒乓球大&hellip;.
19217945856,2023-06-12 19:39:58,土豆不太行 不怎么新鲜 还有一些已经切伤了的
18110608238,2022-09-24 12:35:00,此用户未填写评价内容
17212913646,2022-03-05 20:29:54,坏了三个，是有臭味那种。物流慢，1号下单，5号收到，在路上焗几天，不新鲜。
19364793146,2023-07-24 00:59:27,比广告上差不香，口感差，不会再买了。
18869618948,2023-03-07 21:14:43,吃了几次嘴都是麻的，土豆青的比较多，只能全部扔了，不敢吃了
17337968949,2022-04-06 18:38:16,价格是比较优惠，但是里面坏掉的太多了。收货还没有两天，就坏了几斤
17120132959,2022-02-13 12:09:31,该用户觉得商品不错
18997461669,2023-04-07 14:42:09,土豆有新的，有瘪的，商家发货质量不过关！
16752140863,2021-12-01 14:32:05,不新鲜，蔫了吧唧的不是新土豆
20372253750,2024-01-17 18:21:09,鸡蛋大小
18809994016,2023-02-20 19:24:42,有新鲜的，也有坏的，焉不拉几参合一块
17331648921,2022-04-04 21:29:23,说的鸡蛋大小到乒乓球大小，不一样啊！
16489572877,2021-10-20 12:30:07,没有很惊艳 就菜市场很一般的土豆  略失望
15570520005,2021-04-17 17:25:21,个别的已经发软了！不是小土豆那种品种，只是个头小一点的普通土豆。
18845298282,2023-03-02 18:21:09,土豆看着很不新鲜，好软
15832538950,2021-06-19 11:38:34,跟上次选的一样的规格，收到的货比上一次大很多
17534297246,2022-05-24 22:53:07,太坑，说好的5斤，寄到才3斤。
15929864847,2021-07-05 16:44:50,比我想象中的要大很多啊，看着还不错。
15456768708,2021-03-24 14:39:03,好多坏的，跟想象的差距太大，网上买的跟市场上还是不一样
16632939930,2021-11-13 10:57:29,有点点肉，失水分了
15592684346,2021-04-23 14:19:41,不新鲜，最早是在盒马买的，品质好，这里买的感觉不一样。很一般。
15802454712,2021-06-13 18:36:37,商品一般，太大，要的是小土豆。
15832538309,2021-06-19 11:37:29,第三次购买，收到的货越来越差
17942410386,2022-08-21 16:25:04,这土豆是我从买土豆以来，最差的一次合4元一斤差不多了还有发牙子的能吃吗？您自己看看，再已不买了坑人的商品包装破损
15812194676,2021-06-15 22:08:24,这几天都发芽了，无语
18126008909,2022-09-27 10:40:38,质量一般般！
15753305196,2021-06-03 09:53:57,这个土豆不够面，炖不面，不够好吃
15992294634,2021-07-16 11:29:00,不是黄心的也不像新土豆
15727592417,2021-05-28 08:21:52,个头有点大，街上大的卖得比这便宜
19308770787,2023-07-06 16:56:38,口感有点苦
19268011333,2023-06-24 11:20:50,有部分土豆发青
15599804209,2021-04-25 12:47:15,此用户未填写评价内容
18388743733,2022-11-14 18:43:03,买多了，一个人吃不完就发芽了
18116859352,2022-09-25 15:47:51,买的硬币乒乓球大小，收到的全是鸡蛋大小
18524378813,2022-12-13 15:34:46,不好，有不少都都表皮是绿的，不能吃
15758396812,2021-06-04 09:59:40,非常一般，个头大
18625854099,2022-12-30 11:51:57,土豆有很多发软的不大新鲜
18848628874,2023-03-03 19:20:34,里面有坏的
17872113488,2022-08-04 19:57:37,土豆不新鲜，发绿的不少
19530223358,2023-08-13 10:01:30,味道一般
15623584468,2021-05-01 21:32:52,能吃，快吃完了
17511520922,2022-05-19 15:18:40,土豆都焉了。不新鲜，物流出奇的慢
17985582153,2022-08-30 07:10:21,个头有点大
17509668253,2022-05-19 06:38:49,坏的，吭的
20349944846,2024-01-10 21:00:35,物流太差
19844714319,2023-09-27 07:45:05,苦涩不新鲜
15746032713,2021-06-01 19:13:13,明明买的是硬币到乒乓球大小，收到的却是比鸡蛋还要大的，还有小数有鹅蛋那么大&hellip;&hellip;很失望，本想吃点小土豆，结果大费周章跑京东买了个贵大土豆，跟自己市场买的几毛一块钱一斤的无区别。
15557401683,2021-04-15 22:53:48,说好的硬币到乒乓球大小，结果都是乒乓球到鸡蛋大小，大部分是鸡蛋
17347436429,2022-04-09 15:34:44,产品很一般&hellip;&hellip;
16169060191,2021-08-20 19:04:37,卖两盒就给一盒！不想说啥
15440633059,2021-03-20 09:06:56,不怎么新鲜 很多都是焉了的 也要伤口
17365915422,2022-04-14 16:18:57,全部发芽了
16551306387,2021-11-01 11:13:03,味道一般
19045165971,2023-04-22 17:18:22,不新鲜
20285312011,2023-12-23 23:20:51,不太好
17604613675,2022-06-08 22:53:31,不新鲜
19329164851,2023-07-12 23:44:09,有烂果
19008023544,2023-04-10 10:40:15,不新鲜
18930943073,2023-03-22 19:01:33,有点小
16388047604,2021-09-30 14:44:13,还行吧
15426398083,2021-03-16 12:14:39,发来的土豆和下的单相差甚远。不足以评什么好评，请不要砸了扶贫馆的牌子，好好经营才对得起消费者。
15422073869,2021-03-15 10:29:50,土豆收到第二天就发芽了，没有说得那么好
15399427043,2021-03-09 12:31:50,额，从小我吃的恩施土豆都不是这个样子的😂😂😂挺失望的，唉。跟在外面买的很大的那个土豆差不多，我本身拳头就够大的了，这个土豆跟我拳头差不多大。而且土豆都是奄奄的了，不太新鲜。跟超市一块钱一斤的差不多样子了。
15294162877,2021-02-05 10:14:02,很多土豆发青，不能吃，只能当种子。
15282643908,2021-02-02 14:31:56,不易放，快递寄邮政本来就满四五天才到货，到货了没放几天全部都发芽啦，没饭吃啊，浪费钱。。。
15233664392,2021-01-22 13:28:33,第二次买了，第一次买了五斤，这次买了十斤，刚好有电子秤，就摆了一下，连包装一起，实际9斤不到，这个倒也无所谓。主要是土豆吃起来麻口，开始还以为是我第一次买的土豆放久了才发绿，于是才又买了十斤，结果刚到的吃起来还是麻，仔细看已经有点发绿了，这谁敢吃？
15215150736,2021-01-18 08:44:17,发的邮政快递，物流速度有点慢，5天才到货！上次买的是乒乓球大小的小土豆，新鲜口感好，这次选的是鸡蛋大小的土豆，但里面差不多有一半卖相不好，实物与图不符，而且不新鲜，有些发蔫！
15214070141,2021-01-17 20:47:01,大小比描述的要大一倍，谁家鸡蛋有那么大？基本上一般大，比一般的鹅蛋还要大一些，发货收收货时间比较久，强烈推荐用京东快递，包装就是普通纸箱一层包装，运输途中很容易污染，联系用泡沫箱或者里面用一层气泡袋防撞，收到快递时有两个因为物流的原因破损
15134938388,2021-01-04 19:25:30,大点土豆品质还可以，小土豆。。。有些吃起来是夹口的，我妈说是母土豆？而且小土豆坏的比较多。。不是很愉快
15118288211,2020-12-31 15:46:56,一般般，有的麻了，不是很新鲜
15106784143,2020-12-28 16:28:45,有好多坏的，老板你认不认？
15071385370,2020-12-20 10:35:49,先不说发货速度，慢的不行，土豆收到不是发绿就是蔫的不行，本来准备做土豆泥给宝宝吃的，看这质量，直接扔一边了。
15053250424,2020-12-16 10:01:20,个头不是所描述的那样，到货时间太长了，有些都发芽了。到货是这样的，太让人失望
14993580592,2020-12-03 09:29:02,土豆吃起和市场上的差不多，并不是高山土豆那种密闸绵实的口感，本身味道还行，就这样吧
14990993719,2020-12-02 16:19:00,这种食品是可以随意丢的吗，不知道摔乱了多少土豆
14955171429,2020-11-24 13:50:35,跟普通土豆🥔一样大，买的没意义
14909944005,2020-11-15 21:59:47,土豆看起来还行，就是包装太差，太差！
14893257434,2020-11-13 12:25:31,此用户未填写评价内容
14870195991,2020-11-09 21:18:48,看是扶贫产品又是小土豆才买的，其实和正常买的土豆大小一样，比北京的菜价还要贵一些
14868033526,2020-11-09 14:50:38,不是新鲜挖的土豆
14859096301,2020-11-07 20:23:00,土豆质量不好数量也不对
14815715810,2020-10-30 12:09:09,没吃呢，不知道味道怎么样，反正是不太小，都比鸡蛋大。
14795171912,2020-10-25 12:37:31,比普通还难吃点 也不是吃不下 反正味不好不会回购了
14702598484,2020-09-30 18:25:33,比兵乓球鸡蛋大很多，有些拿在手上还是软的，还有几个烂的，虽然过了这么久才评价，但是说的都是收到货时候的所见所感，和图片的差别太大太大太大了。还好收到时没有发芽的。吃起来还行吧，没很特别就是了。
14615483339,2020-09-07 14:05:12,很抱歉给不了好评，竟然有一个土豆烂了一大块，拿回家拆开包装都是臭味。土豆还特别脏。
14548761936,2020-08-19 18:21:27,前两个月买的是乒乓球大小，两个月后明显长大了个，反正也是吃就不退了。希望以后货版相符。
14451808647,2020-07-24 06:30:32,收到时，盒子破损，土豆都漏了3分之一了。
14421335772,2020-07-15 20:16:15,这次的货品太差，都这么畸形怪状的。
14405375275,2020-07-11 16:07:46,这次小土豆买的脏兮兮的！全是土，大小不一！怀疑是不是新土豆！
14401682296,2020-07-10 16:41:38,不好 发芽了
14388591234,2020-07-07 08:39:52,除了小，也没别的特色
14347310063,2020-06-26 20:33:23,不知道是不是季节的原因，没有放两天就生呀了。，其他都还好。
14342654597,2020-06-25 18:45:52,有点发芽
14310260833,2020-06-19 18:12:13,一般般，快递单上居然粘了几根头发
14309500553,2020-06-19 15:59:04,这个土豆买时就是为了支持一下武汉。不过要是作为食品确实不太好。不仅仅是小，卖相不好。还吃到嘴里很麻。最后全丢了。
14292813423,2020-06-16 18:07:04,此用户未填写评价内容
14286290273,2020-06-15 11:27:34,有3个坏的，还有一些发芽的，也不知道能不能吃
14285369428,2020-06-15 08:00:08,物流比较慢，土豆煮半小时熟了后吃起来有点麻舌头。
14276409603,2020-06-13 05:04:41,个头偏大，买的是乒乓球大小实物比鸡蛋还要大，物流偏慢，导至有长芽现象
