id,time,content
18976455462,2023-04-02 03:42:23,烂的也就算了，还有绿色土豆能吃嘛？还不是一个两个，直接垃圾桶。
18515507825,2022-12-12 11:42:54,冻土豆吃了会中毒不？这次买的土豆一半都冻了，估计是运输时间超长的原因。后悔啊，没看天气。
18275995156,2022-10-25 10:37:44,什么烂商家，发回来的货包装是烂的，斤量也不够，客服轻松一句话，退差价，难道人买东西是为了退差价吗？，商家能不能做做良心生意，把品质做好点，纸箱烂，土豆不按要求发货，发的都是大土豆，我就晕死了！，退个差价搞得很麻烦，又是零钱又是小金库，你是考验我的智商吗？，问题是说了半天，给没退，你们就是这么做生意吗？希望这条评论让更多人看到，不要在再下单了，误事的很！
20557285060,2024-03-08 19:30:45,收到几箱货就发牙了的，说过了24小不能退，不可能几箱东西收到马上就全吃掉，本身就发牙了的，还说吃不了就不吃了，反正就是不给退
19557832180,2023-08-21 08:33:29,第一次碰见这种缺斤少两的，啥也不说了自己看图
18751868357,2023-02-05 08:36:35,土豆是好土豆，但是基本没剩一半了。，请看一下包装进门时的图片，已经被拆烂的一盒，剩下一半土豆，被贴了几层的一盒里面只剩几个了，不太理解这么不值钱的土豆都是这等运输水平，这么远来买土豆，原本是想支援一下山区的农民。，建议：加一层尼龙网兜，可以防止被盗或纸盒烂了散落。，这是在京东购物十多年第一次这么差的购物体验。
14387904657,2020-07-06 22:34:29,因为是湖北人，想着帮衬家乡产品。但这次的体验很一般。我下单买10斤。收到货后，以为是5斤为一箱，还会有一箱，便没称重。待一箱一顿煮完，马大哈的我才想起问客服另外一箱啥时候发。岂料客服说是两箱合并一箱发的，也就是说我收到的一箱是10斤，且被我一顿煮了（三人份）？，这才发现这个重量有可能有问题，找客服，客服说需提供证据，拍箱子或称重的图才能证明。，我是粗心惯，但这5斤和10斤的差距也太大了点吧？我已冲动到要去市场马上买10斤回来对比下，不是为了找赔偿找补货，就是想验证下我的智商差到哪了，好及时买个猪脑补补。，不为5斤土豆，只是这梗让人心塞。客服说发货有分5斤和10斤的箱，你们怎就确定没有将5斤当10斤发？怎就坚定地认为客户是想讹5斤土豆，而不会认为这会成为智商的雷？
20557215142,2024-03-08 19:21:24,收到几箱货就发牙了的，说过了24小不能退，不可能几箱东西收到马上就全吃掉，本身就发牙了的，还说吃不了就不吃了，反正就是不给退。
19759915299,2023-09-19 12:33:11,不新鲜，有的已变软发黑！不是新土豆！缺斤少两，商家不诚信！慎买！
20571481781,2024-03-12 13:29:31,不要买这样的土豆买里打开都是软的还发芽了！亲们不要上当受骗！发芽的东西最好不要吃
19254066430,2023-06-20 19:05:00,土豆被焖烂了不少，还有撞烂的，，，这快递包装真是简陋！
17425680434,2022-04-29 12:12:01,网上看到这家助农馆的字样，我就订了5斤小土豆，做的东北酱土豆咸菜，回来之后，感觉有20%的小土豆有青色和发芽现象，我把这些小土豆拣出扔了！剩下的，我先用油煎炒了一遍，然后用锅炖了3个小时！昨天吃了一些，当时感觉麻嘴，然后1个小时左右就上吐下泻！今天我和他家客服沟通此事，得到的回复如下！另一张图片是还没做的，明显看到发青的和质量不好的！就这样的土豆，居然还说新挖出来的！本想简单沟通一下，态度好一些，这事就算了！没想到服务态度还不好！这个小土豆真就是投毒啊！
20678764595,2024-04-10 15:19:31,根本不是小土豆，个个大的又去菜场土豆
20614269759,2024-03-24 07:51:16,都发绿色还拿来卖，美发绿的吃着发酸
20552206365,2024-03-07 14:43:10,刚到就发芽了，吃了肚子疼一天
19092635462,2023-05-08 12:11:12,真是不好吃，水唧唧的，还有点辣，跟图片完全不符
20574915088,2024-03-13 11:52:00,土豆容易生芽，谨慎购买
20747799935,2024-04-29 13:49:52,没想到京东也这么坑，根本就不是黄心土豆，又贵又不好吃，就一普通土豆，吃起来水水的，一点都不粉，买这么贵，坑，想退不给退，
20657899229,2024-04-04 19:30:17,不是正宗的   ，口感很涩，
19667588124,2023-09-12 20:28:31,货发错了不是大问题，关键是遇到的客服特别拽，死不承认错误，不仅不诚恳道歉还酸溜溜的一口一个上帝，说反话。
18940941940,2023-03-25 17:20:04,到了感觉有点轻没拆包装直接上称，缺斤少两买的10公斤到了加纸箱才9kg，有一箱里面明显就装了一点点，真的很气，土豆也不是啥值钱的东西还这样，还助农，我呸
18034133103,2022-09-08 13:35:31,不新鲜，还退不了货。
18705981974,2023-01-17 21:36:24,所谓特产乒乓球大小的土豆，就#这么糊弄人的，比在菜市场买的还烂
18895560570,2023-03-13 20:37:44,刚收到货已经开始发芽了，
20757304863,2024-05-02 10:16:48,口感和普通土豆一样，不够粉糯，里面有很多白瓤土豆，虚假宣传、名不符实！京东以质量货真价实为口号，看来也不咋地
17116510798,2022-02-12 14:47:35,不知道好评是怎么来的，这是我买的10斤土豆
18556634893,2022-12-17 17:14:05,第一体型是乒乓球的两倍大，第二买来一个礼拜全部发芽了
20361066028,2024-01-14 11:54:01,净含量不足称。称过了4.8斤。，土豆比较干，有些部分有坏的。，不建议。，大家还是去实地买吧，至少能看到实物。
19406246225,2023-08-06 07:18:59,太差了，用了陈土豆，已经发绿了，土豆上还各种虫洞。
18904147372,2023-03-16 07:15:28,很差很差很差，发了芽含有毒素的土豆也能放到京东平台上售卖吗？商家售后服务态度也很差
19667778286,2023-09-12 20:48:35,订的是鸡蛋到鹅蛋大小，发的是乒乓球到鸡蛋大小。这也就算了，反正吃一样吃。就是遇到一个态度极差的客服，说话酸不溜秋，实在倒胃口，隔夜饭都能呕出来。
17621592499,2022-06-12 13:35:13,收到的土豆，十个有三个发绿了，商品描述写的是今年新土豆，收到一看成色完全就是去年库存，土豆发绿的可是有毒呀，吃了会出人命的，扶贫也不能欺诈消费者呀！发过来的土豆都不能吃，与其这样还不如我直接捐两箱土豆的钱好了，货也不用发了，这样又做了公益也不用失望！希望商家做生意要有底线！且不谈虚假宣传，连食品安全最起码的都没有遵守！
19301160932,2023-07-04 10:07:38,第一次吃这么难吃的土豆，催的，没有味道
17422121382,2022-04-28 14:17:01,要的乒乓球到鸡蛋大小，结果看图说话，本来买来减肥用的，想每天美美的吃上三四个，蘸着四川辣椒，发过来一看傻眼了，这不就是菜市场卖的土豆挑的小点个头的吗？您能把个头描述改的贴切一点吗？没学过平面几何吗？
20554988749,2024-03-08 09:49:25,大多都发绿，吃起来有点辣。再不会买了，个人意见。
19307852744,2023-07-06 11:49:49,就这样的小土豆哦？这也太小了吧，与图片严重不符
20456610186,2024-02-04 19:23:57,小洋芋全部是麻口的，小孩子吃了都说麻
19128686492,2023-05-20 11:00:05,你这是啥小土豆呀，鹅蛋都没这么大吧！
18114758229,2022-09-25 08:33:07,土豆太多烂的，真差，下次绝对不会买了
20698425372,2024-04-16 00:44:45,此用户未填写评价内容
19084881024,2023-05-05 17:37:39,土豆一点都不新鲜，有几个土豆坏了，一股臭味
19031814352,2023-04-18 08:18:51,收到的土豆蔫巴巴的，有个别还锄烂了唯一优点就是大小匀称
20604346391,2024-03-21 12:00:42,此用户未填写评价内容
20578411977,2024-03-14 11:00:23,此用户未填写评价内容
19086264079,2023-05-06 08:54:18,不新鲜，土豆发软，不知道放了多久，不敢吃
20376663977,2024-01-18 22:12:49,奇形怪状的，不好。
20335999394,2024-01-07 09:29:51,此用户未填写评价内容
20523990414,2024-02-29 15:19:23,此用户未填写评价内容
19846191116,2023-09-27 11:44:06,土豆口感非常差，蒸很久吃起来还是那种硬滑的感觉，菜场随便买的也比这个粉嫩很多，帮大家避雷了
16607016913,2021-11-09 17:32:49,购买的是乒乓球大小2份共10斤，发货来的比鹅蛋还大。这个一个店家有意欺诈。不推荐购买。
20609581483,2024-03-22 19:41:14,还有已经发绿的。
20566125752,2024-03-11 00:44:19,妈的，都没收到货
19227413680,2023-06-15 10:37:54,买之前信誓旦旦土豆不泡药水，到货后发现土豆泡过药水，商家死皮赖脸不承认，不退货，尽和客户扯皮，**商家！！！
20336909473,2024-01-07 13:35:27,不新鲜，口味也不对
19054158050,2023-04-25 09:47:30,这么小个的土豆， 烤熟或者煮熟后扒了皮，吃了不是一般的麻口，以前在别家吃的完全不会这样，看来是存放太久了才拿出来卖的
16485202944,2021-10-19 13:39:17,收到货没注意查看，在避光的地方存放了5天左右全部发芽，商家态度恶劣推卸责任，不退货。
19540772628,2023-08-16 10:36:42,从来不去评价，看到扶贫才去买的很失望，不是新鲜的，拿到手上软软黑乎乎的，吃起来硬硬的
19778387879,2023-09-20 17:46:03,一点都不新鲜，有软的，还有坏的，**商家，与宣传严重不符。
19395337510,2023-08-02 16:30:15,建议喜欢硬的买，怎么蒸的不面。还买了两份，咋办？
20291788955,2023-12-25 18:33:10,此用户未填写评价内容
20228610361,2023-12-09 18:45:38,有点苦，想买来给小孩吃的
18553114256,2022-12-17 08:42:18,5斤共13个土豆，有7个是有深刀伤或破损的土豆。
19395336291,2023-08-02 16:28:53,口感不好以为是软糯的面土豆，没成想是硬脆的！
15663759781,2021-05-12 14:52:36,太差劲了，再也不买了，全长牙了，卖家态度恶劣，死不认账，真的后悔死了，#商家。。。
16260591900,2021-09-06 18:05:13,这就是乒乓球到鸡蛋之间的吗？明显比鸡蛋大两倍，跟普通土豆差不多大，还有坏掉的
15396693038,2021-03-08 18:21:36,垃圾卖家，卖的土豆跟我手一样大，超市几块钱一斤的，这里买19，要退货，卖家还拒绝，谁买谁****
18474434771,2022-12-04 15:49:22,收到一周多，全部发芽了。
19637854147,2023-09-08 22:18:58,说跟乒乓球一样大，小的跟鸽子蛋一样，没法吃
17848894216,2022-07-30 14:45:58,土豆皮皱巴巴的，缺少水分，口感不佳，但是个头大小可以，个人对这种质量不会回购
18482309347,2022-12-06 11:31:14,有三分之一是不能吃的
18191559069,2022-10-10 10:59:41,居然大部分是发芽的 秧的。从来没有这么失望过。本来想着助农。网上买一些农产品。太失望了。以后不会在网上买了。品质没有一点保障。还说秧的更甜。这说法我顶礼膜拜
18451789980,2022-11-28 17:53:14,专门拍的硬币大小，收到都比鹅蛋都大
19307219818,2023-07-06 08:31:08,严重缺斤少两，十斤的连包装不到七斤
18318900293,2022-11-02 17:13:37,此用户未填写评价内容
19807854569,2023-09-23 18:20:39,此用户未及时填写评价内容
18012390012,2022-09-04 10:42:13,绝对不是新土豆，也就真以为助贫买了。啥玩意啊？那么多发芽的！还新土豆？新土豆会发芽吗？2个月都不止，不少土豆都开始发软了。别问我为啥知道，自己家种过土豆。
18003589586,2022-09-02 17:15:24,兵乓球到鸡蛋大小的，跟拳头差不多，还退不了货！
20127529668,2023-11-12 21:05:17,根本不是新鲜土豆
18691179147,2023-01-13 22:36:14,有好多绿果（家乡方言，晒坏了的），作为家乡人也不计较，但是只能如实评价。
18691179146,2023-01-13 22:36:14,有好多绿果（家乡方言，晒坏了的），作为家乡人也不计较，但是只能如实评价。
15593606807,2021-04-23 18:35:26,从来没买到过那么垃圾的土豆，吃完辣嗓子。都怀疑是有毒
17332883826,2022-04-05 11:29:14,这就是你们说的新鲜土豆？我不想退货，麻烦，但是不会再相信你们
16532148959,2021-10-28 17:11:18,本来买的是硬币大小的，做小土豆咸菜，结果各个都比鸡蛋大，和客服沟通，人家说人工筛选都这样，看来他们家规格选择就是个虚设
19398334315,2023-08-03 15:36:17,真心不好，有很多裂口的破的
17403942399,2022-04-23 21:23:04,好多烂发霉了！发给商家根本不理也不回。大家不要上当了！
19232268002,2023-06-16 13:23:48,此用户未填写评价内容
19542652092,2023-08-16 18:33:30,土豆发芽、变软了
19198017469,2023-06-07 19:47:51,货不对板，土豆是隔年的
19271021957,2023-06-25 08:19:16,差，有些还有芽点。
18195952199,2022-10-11 12:38:11,没碰到过这么差的，这土豆全是坏的，大部分长芽了，软的，青的，都是土豆种，无语，全扔了，再不轻易买所谓的特产馆的东西了。
17399692025,2022-04-22 19:39:56,没想到4元一斤的土豆居然有这么多瑕疵
15513402811,2021-04-08 18:03:26,你家鸡蛋有这么大吗？颠覆我的认知了
18650005467,2023-01-04 12:55:14,还以为是什么好土豆，跟5.9元没什么区别，三倍价格买了个寂寞。智商税！
18890432994,2023-03-12 21:09:00,此用户未及时填写评价内容
19121147817,2023-05-17 20:39:12,骗人土豆寄过来不一样
18849905489,2023-03-04 09:09:42,第二次买，好多坏的
18013815005,2022-09-04 15:22:54,买的硬币到乒乓球大小的，他上面写的是硬币到乒乓球左右，我找客服，客服跟我说的见下图，商家这是咬文嚼字
18896339844,2023-03-14 01:36:07,90％发芽了
18684917460,2023-01-12 13:24:04,货跟宣传的一点不一样，还不如平常的土豆呢！
18938867411,2023-03-24 21:49:39,此用户未填写评价内容
17443357837,2022-05-03 20:22:27,非常不愉快的一次购物一⭐️都不想给 ， 缺斤少两，商品完全跟商家描述的不符合，买的兵兵球到鸡蛋大小 ， 到手的却是比我拳头还大。还不给退换。
17067908206,2022-01-28 16:32:32,用小土豆炖了一大锅牛肉，结果麻嘴不能吃！存放不当的土豆含龙葵素，食用超200克可以致命！！！无奈，只能全部扔了，差不多三斤多牛肉，全！扔！了！
16764096317,2021-12-03 18:04:19,这是什么东西，就是普通的土豆子，脏了吧唧，女朋友要的零食，愁人啊
18409392563,2022-11-18 15:18:14,有不多的残次品
17351403826,2022-04-10 17:49:56,土豆品质是不错，可是商家居然缺斤少两，不讲诚信，这个很要命！10斤居然带盒子才9斤，都啥年代了，居然还靠这样来争**钱
18798784596,2023-02-18 13:34:10,您没有填写评价内容
17588279158,2022-06-05 19:30:59,这是乒乓球大小么
17780202710,2022-07-15 10:30:30,土豆发青，口感发麻，已经有毒，售后无人理，收到的时候包装也是破损的！请大家不要上当购买。
15806506869,2021-06-14 18:26:23,不是黄心小土豆，市场1块多一斤的大土豆！5块钱的土豆花了19元钱，这群打着扶贫旗号的人最会骗人，希望大家不要上当！
18499992133,2022-12-09 16:02:29,收不到货，不知道品质如何，韵达快递寄失了。
17846612657,2022-07-29 23:24:54,快递到了马上就放冰箱里了。当时看着挺好的没问题。转天一看一半都发芽了。什么鬼
15193971120,2021-01-12 17:38:49,买了十斤小土豆，七号到货，12号发现坏了一半。有的软烂、发黑、流水，有的有刀伤、打蔫、发皱。啥也不说了，卖家当心吧。
18003951101,2022-09-02 18:28:37,买了5斤小土豆，取货后4斤5两左右，路途水份损失？若如此发货时考虑一下不好吗？！
17975173650,2022-08-28 00:52:13,盒马卖的那个才正宗，这个煮熟了也沙的，就是小号的黄土豆
18617406286,2022-12-28 11:50:25,到家没几天 烂掉了
17973410008,2022-08-27 17:24:56,很新鲜的土豆，没买的赶紧下单，坑一个算一个。
17725774412,2022-07-02 07:41:24,绝对不是新鲜的土豆，软踏踏的，很明显在外面放置很久导致的
17776857727,2022-07-14 13:05:35,不太满意，口感不怎么样，而且多半都不新鲜，蔫蔫的，只有少部分好一点！
17632653938,2022-06-14 13:16:11,快递死慢，卖家服务也真是无语了😓 不想说太多，上图吧
18271826771,2022-10-24 16:29:29,质量不好 有烂的   ，土豆也大
17938801193,2022-08-20 20:09:50,土豆不新鲜，软不拉几的
17830453660,2022-07-26 17:46:10,广告是新鲜圆圆的，收到貨是長長黑黑的，都是烂的
15709128306,2021-05-23 17:06:15,这是小土豆？严重不符合我的要求。
16774041215,2021-12-05 23:29:23,慎买！！十八天的时候还没有到，我都忘记了。联系店家回复我:快递的事情我们不清楚，然后满不在乎的说那你退货呗&hellip;&hellip;耽误这么多天都没个说法，也毫无歉意，真是做的好生意
16174576090,2021-08-21 20:24:36,此用户未及时填写评价内容
17376111685,2022-04-17 10:54:04,未收到货商家不予售后，土豆到了都是软的
16539970392,2021-10-30 08:06:19,买了好几次了，都非常好吃，这但次感觉像买了假土豆，不仅有怪味道，而且还不新鲜，还少发了货，我都怀疑是不是自己买过的商家了，非常失望
17647734422,2022-06-17 13:54:07,陈年土豆，不是当年的，不新鲜。。。
18609476847,2022-12-26 15:35:44,好多发霉变质的&hellip;&hellip;很不满意，虽说没几个钱，心里很不爽，也懒得退了，直接扔了
17253520078,2022-03-15 10:13:44,"烂的和软的占了一半,被家里人臭骂一顿"
17822634909,2022-07-25 09:49:07,此用户未填写评价内容
17496256175,2022-05-15 21:54:41,不好吃，一点都不面
17376270210,2022-04-17 11:33:56,此用户未填写评价内容
17438453616,2022-05-02 16:40:05,三分之一的发丫了，快递太慢
17437605367,2022-05-02 13:03:06,非常差的一次购物体验！
15476898151,2021-03-29 21:37:35,土豆仔中仔。
17264679171,2022-03-18 06:35:24,此用户未填写评价内容
17315624632,2022-03-31 13:25:28,扯淡，骗人，难吃！
16551041624,2021-11-01 10:26:52,收到就有几个发芽，过几天都发芽了。没法长时间存储。难受。
15614404555,2021-04-29 09:34:10,什么鸡蛋大小，乒乒球大小，是不是给我发错货了。比鸵鸟蛋都大！还有坏的很多。我去扶贫，但是不能坑人！
15905743767,2021-07-01 21:04:38,这是毛线的恩施小土豆，七零八落的，根本就是卖剩下的。也就能骗骗没见过恩施小土豆的人
16102223261,2021-08-07 12:37:41,我商家真好 我要的是土豆儿子  你给土豆爸爸发给我了吧  早知道 我在楼下就能买到了
16887280795,2021-12-27 17:47:51,此用户未填写评价内容
16389730719,2021-09-30 20:38:23,包装破损物流慢，客服牛掰不作为，垃圾东西
16622355322,2021-11-11 20:28:11,此用户未填写评价内容
16009422672,2021-07-19 20:44:47,土豆是新旧土豆掺着的，很多软软的土豆，只有存放时间久的土豆才会发软，
15683792740,2021-05-17 16:29:56,很不想说 扔了一半 实在太小了 吃起来太麻烦 发芽扔了
16530824309,2021-10-28 12:21:36,比以前定的土豆差远了
15411095943,2021-03-12 10:34:35,非常不满意，都坏了，一个都没吃都给丢掉了。那么不好的土豆也卖，商家太黑了
16357019075,2021-09-24 23:23:15,送货速度超级慢，回复也敷衍
15180837863,2021-01-10 16:04:51,很差，没有做保温措施，收到后全是冻熟的，没法食用
15993446258,2021-07-16 16:31:14,收到实物和描述不符。
16313388027,2021-09-16 16:14:27,坏了够一斤。
15709131618,2021-05-23 17:05:27,这是小土豆？
15709133356,2021-05-23 17:04:59,这叫小土豆？
15763630470,2021-06-05 11:24:12,此用户未填写评价内容
15249524204,2021-01-26 00:33:06,很多土豆吃起来涩口
14998734256,2020-12-04 13:02:47,此用户未填写评价内容
14502339623,2020-08-06 20:10:40,您没有填写内容，默认好评
14941251460,2020-11-21 14:48:29,此用户未填写评价内容
14919441643,2020-11-17 12:43:32,此用户未填写评价内容
14526570224,2020-08-13 17:03:57,您没有填写内容，默认好评
14056776926,2020-04-20 13:22:54,您没有填写内容，默认好评
14291432767,2020-06-16 13:07:09,此用户未填写评价内容
14273504555,2020-06-12 12:32:48,此用户未填写评价内容
18798837343,2023-02-18 13:33:45,好多坏的
16988972724,2022-01-14 15:54:37,一个字，差
18614924836,2022-12-27 18:04:51,就这质量也上京东平台卖货，都烂了还拿来卖，害人啊，差评
20673906724,2024-04-09 09:43:36,不好
15611373531,2021-04-28 12:48:24,太小了
19207217206,2023-06-10 07:54:50,很差
18741842381,2023-02-02 10:04:05,极差
15227272841,2021-01-20 23:17:03,涩口
20727984069,2024-04-24 08:30:27,不要购买，货不行。坑都没一个，疑似转基因土豆。差评。第二张图是我其他渠道购买，不怕不识货就怕货比货。请大家避坑。
19409751186,2023-08-07 09:49:01,不是黄心马铃薯也就算了，为什么给我发的都是挖烂了或者有虫眼的东西？以前我买过恩施那边的农产品，产品好服务态度好，没想到这次居然碰到这样的情况，差评！
19597777551,2023-08-30 13:21:41,差评！！！买乒乓球大小的，发过来的比鸡蛋大，我真是服了！而且分量不足，带盒5斤。
19719876717,2023-09-16 20:17:35,给差评不是因为物品不好，而是商家使用了一家超级#的快递，赶紧换一家快递吧，这个邮政太垃圾了，用缺德都不足以形容他们的嘴脸，把十几斤的东西放到快递柜，也不提前打个电话，也不想想，别人有没有能力从快递柜拿回家里，这几百米的距离，你让人家怎么搬运，偷懒耍滑，这就是邮政快递吗？真是太缺德了
20583714029,2024-03-15 18:33:45,孩子吃完 两小时就吐了 吐了两次 客服说需要先去皮才能吃 不然会影响口感  但是即使口感不好也不会吐的  他家土豆有的是绿的 是会引起食物中毒的  必须差评！请大家务必注意
18995706541,2023-04-06 21:03:54,你#说硬币大小你这硬币更拳头一样大差评
20287080934,2023-12-24 14:14:02,土豆发麻，发苦，吃了头晕，这是我在京东最差的一次购物，唯一的差评，抱着试试的态度吃了4个，结果全是发麻发苦，剩下的全扔了
16866315926,2021-12-24 11:51:40,虽然是家乡人，也不得不吐槽一下这个包装，洋芋是不值钱，但既然放在京东上卖，商家能不能费点心，不仅破了想来里面不值钱的洋芋也掉了些，出来没给商家差评，今天有点忍不住了
20726962135,2024-04-23 20:54:49,挖坏的土豆占了一半，差评
20191872383,2023-11-28 17:43:57,差评  必须差评 复购第二次  但是发了两个不同的品种，一箱很ok，另外一相巨苦  土豆居然是苦的！！！
20368048698,2024-01-16 13:53:07,差评，一点都不软糯，个头还大
15348270264,2021-02-24 17:58:14,烂的太多了，有40％都是被挖烂了的，差评
15692914585,2021-05-19 18:10:00,差评，买的是5斤的土豆，下面是收到的，产品严重缺斤少两。
18121999693,2022-09-26 15:30:48,本是照顾你们的生意多买点，但收到的实物很失望！4箱子土豆：2箱子是新鲜的、2箱子是软软的（质量很差！）差评！靠良心做生意才会长久啊
17818330413,2022-07-24 08:46:03,超级差评！直接寄丢了，别说店家主动联系了，联系了都不理，一直推责任踢皮球！
16296055277,2021-09-13 10:40:51,第一次在京东购物给差评，小土豆经常在网上买，这家是最差的！一箱土豆有很多坏的蔫皱皮的我都可以理解，但是生虫腐烂就过分了！到现在那画面都想呕！
15865430352,2021-06-24 22:57:50,我买的是新鲜出土的土豆，结果寄来的是老土豆，如果我要老土豆那还在网上买个鬼呀超市就大把了，不满意差评
15188636195,2021-01-11 23:44:20,讲道理，我一般是不会给差评，实在是挺差的，蒸出来是苦涩的，不建议买。
15309528451,2021-02-09 12:43:44,差评，炕了一盘油洋芋，每个土豆都发麻，这就是买的家乡土豆一一不正宗
