id,time,content
14866968729,2020-11-09 11:34:06,"一份价钱, 一份货, 货品尚新鲜, 但是太小.江西产的红莲, 不是湘莲子. 湘莲子,我都吃了5年了. 第一次贪便宜,结果不满意."
16504713513,2021-10-23 09:40:39,收到后才发现是二级品。。。。，颗粒少，有坏的。。。
15036498334,2020-12-12 21:52:13,很细粒，且不标明等级，明显缺陷
15046416459,2020-12-14 20:21:40,第一次买到这么小的莲子，但愿味道不太差！
16267219147,2021-09-07 21:37:33,不知道好吃不好吃，看外表很失
15597887588,2021-04-24 21:20:31,超级无敌小一粒，两粒都没有平时买的一粒大。😂
15352572850,2021-02-25 18:41:56,一般般吧，个头也太小了，袋子还坏了，我自己整个袋子装的
15229957245,2021-01-21 15:50:42,莲子太小了前两次有真空包装这次没有，却得上当了所以只能给两颗星
16626909668,2021-11-12 13:25:59,这次的东西太差了，又小又瘪。和别人家同样价格的差远了。二图是我买莲小妹的相近价格货的对比。
15194124926,2021-01-12 18:17:39,这个个莲子太小了，价格虽不贵，但个头比花生大一点，不会再买了。
15007728921,2020-12-06 16:42:33,莲子粒太小了，如同黄豆粒一般，另外产品介绍没有明确说明是几级莲子，既然是扶贫项目更应该让人们放心购买才是，但我看到好似被欺骗感觉。当然价格也算是可以。
16205770803,2021-08-27 11:28:28,很一，是陈货。以后不买了。
17885168455,2022-08-08 08:40:49,不是新鲜的莲子，久煮不面，里面还有坏的。
14123718635,2020-05-07 16:03:55,莲子一般，可以吃吃
20320099735,2024-01-02 20:01:23,商品质量不是很好一般吧
14907016579,2020-11-15 14:35:50,不好吃，不糯
15554665090,2021-04-15 10:08:39,太小了
15713082438,2021-05-24 16:18:48,莲子太小
16216574862,2021-08-29 08:37:44,个头小不划算
16358518275,2021-09-25 10:28:48,非常小，
16768743984,2021-12-04 18:30:48,绝对是压仓货！
16786409514,2021-12-08 19:52:34,果实小，有瘪的。
18451902518,2022-11-28 18:23:46,质量一般，物流很快，快递员态度好，我家很满意。
19387494475,2023-07-31 09:19:20,快递差评！！！
18176267191,2022-10-07 09:47:30,买多两次莲子的味道就不对了，有股腐烂的味道
