id,time,content
17673031152,2022-06-21 13:13:09,价贵，太小！，购买不理想。
14871667187,2020-11-10 09:04:00,太骗人了！根本煮不烂，我分别试验干煮和泡水十分钟后煮，全都不烂，可能是陈放了多年的，再也不买你家的商品了。，一点评价就出来五个星，我一个星也不给你们净搞虚假的，我没有评你五星，评你零星。
20537440484,2024-03-03 21:16:35,"果实太小，直径最多1.5cm,明显的与说明不一致，属于欺诈宣传。"
16629262866,2021-11-12 18:53:45,这莲子太差了，从来没有见过如此小的莲子，即小又瘪瘪虾虾，和图描述的相差甚远，商家要不要这样子欺骗客户啊！诚信为本哦！
14534036424,2020-08-15 19:15:11,靠**  24元的红莲  **的你及敢说是59的白莲
16365426486,2021-09-26 15:25:05,我没有收到货，订单是怎么完成的？
15269122039,2021-01-30 13:18:13,**商户卖劣品，莲子小如黄豆。希望京东严把商户入门关，将**商户剔除
16297277874,2021-09-13 15:17:18,莲子不好  个小且粳   温水泡了半天  皮还是剥不起   以后再不买了
18510600778,2022-12-11 16:05:31,未收到货咋就转到评价了？
15922577076,2021-07-04 10:51:21,其实很多坏莲子也很小一个比在~买的还差😅
16510263783,2021-10-24 11:18:41,&lsquo;
13523239471,2019-11-26 08:38:11,看着还可以，煮熟后3分之1都是坏的。这种变质东西吃了会得病的，要求退货。两包。
19993362307,2023-10-22 20:08:09,一般般
20395032453,2024-01-23 09:58:06,卖家骗人的，页面介绍是特级，实际收到是一级。，虽是一级也比其他品牌的一级小很多。，大家谨慎购买，，瓶子里大的是其他品牌的一级，小的是他们的一级。
15069663846,2020-12-19 20:29:49,买过很多次扶贫产品，唯有这次的带芯莲子实在不敢恭维，首先莲子是新陈混装.而且小得可怜.泡了一夜很多还是干的。关健是双十二退货还不包邮.
14871667187,2020-11-10 09:04:00,太骗人了！根本煮不烂，我分别试验干煮和泡水十分钟后煮，全都不烂，可能是陈放了多年的，再也不买你家的商品了。，一点评价就出来五个星，我一个星也不给你们净搞虚假的，我没有评你五星，评你零星。
14835970618,2020-11-03 14:58:39,煮食时，有不少已经变质，不能吃了。不会再买了，上当仅一次。
14643959488,2020-09-15 09:21:05,此用户未填写评价内容
14586242527,2020-08-30 13:13:13,此用户未填写评价内容
