id,time,content
17161658370,2022-02-22 09:16:56,桂圆果肉太干了，吃跟干皮是的
16536193648,2021-10-29 13:10:08,包装简陋，非常容易划伤，我的手就是划坏了，核桃不香
17086544263,2022-02-03 11:03:05,收到罐装核桃的与照片不同！味道不像是新货！差评！
20387547174,2024-01-21 23:04:06,物流差，中通快递垃圾玩意
17954487276,2022-08-23 22:09:43,核桃仁比较苦，像是时间太久了一样
16649594202,2021-11-15 15:05:25,到货全碎了😡失望透顶
16910855396,2021-12-30 19:46:08,有发霉长毛的，并且味道很奇怪。已经开封了退货不了，只能只认倒霉。发霉食品也发货，真的是没谁了
16930011508,2022-01-02 16:54:07,核桃最上层是大的，越往底层越小，还有很多没开口
16734861868,2021-11-28 09:25:20,碎屑+核桃大多数都是碎的，购买需谨慎，太恶心了，最后都扔了！这种没什么口感，一点都不新鲜
18184306586,2022-10-08 19:48:53,这种核桃也能叫核桃？差不多有三分之一是碎的，而且边角有被削过的样子，差劲得很
16934377843,2022-01-03 15:35:40,差评，核桃很多碎了粉末，质量不好，而且态度差！，，不给好评还打电话过来要给他个解释，威胁我吗&hellip;&hellip;
18408172249,2022-11-18 10:50:13,核桃已经走油了！糖味盖着不明显，把糖化开就很明显了
19979779354,2023-10-18 13:10:21,收到的桃仁与展示商品相差太大，瓶壁上掛满桃仁碎渣，桃仁很不新鲜，根本无法食用。己申清退货。
17955675379,2022-08-24 06:45:01,还没有吃完全都哈喇味儿了，都扔了浪费，之前买过别的品牌真空包装的，很长时间也不会变味儿，以后不会再买了
17150194272,2022-02-19 18:34:25,估计是放时间久了，不是新鲜核桃，一股说不出的味道，很难吃，应该是变质了，没有核桃的清香。
17141695361,2022-02-17 21:36:39,没收到货，你让我评价什么？？？
17966907263,2022-08-26 11:48:03,此用户未及时填写评价内容
18632854128,2022-12-31 22:03:32,此用户未及时填写评价内容
19045611597,2023-04-22 19:39:21,快递站很麻烦，一个星期不联系我，去拿了几次快递也没有收到，今天特意带单号去查，才拿到货，所以差评
18525067251,2022-12-13 17:18:34,您没有填写评价内容
16682355971,2021-11-18 21:05:25,都碎了
16678374866,2021-11-18 11:48:14,一共两罐买回来没仔细看，打开发现里面全都生虫拉丝了，#死了
17733109698,2022-07-03 18:59:16,口感：口感太差
17012453305,2022-01-19 06:04:14,此用户未填写评价内容
16934377843,2022-01-03 15:35:40,差评，核桃很多碎了粉末，质量不好，而且态度差！，，不给好评还打电话过来要给他个解释，威胁我吗&hellip;&hellip;
16930011508,2022-01-02 16:54:07,核桃最上层是大的，越往底层越小，还有很多没开口
16910855396,2021-12-30 19:46:08,有发霉长毛的，并且味道很奇怪。已经开封了退货不了，只能只认倒霉。发霉食品也发货，真的是没谁了
16734861868,2021-11-28 09:25:20,碎屑+核桃大多数都是碎的，购买需谨慎，太恶心了，最后都扔了！这种没什么口感，一点都不新鲜
16686973114,2021-11-19 17:19:41,此用户未填写评价内容
16649594202,2021-11-15 15:05:25,到货全碎了😡失望透顶
16597697701,2021-11-08 10:05:31,买的图片像当年的二瓶，收到四瓶陈年的。
16537767507,2021-10-29 18:12:30,跟图片是两码事，一股怪味油臭味，没有核桃的清香，还好不贵，丢掉也才二十元。
16536193648,2021-10-29 13:10:08,包装简陋，非常容易划伤，我的手就是划坏了，核桃不香
16355600621,2021-09-24 18:08:24,此用户未填写评价内容
