id,time,content
16600386077,2021-11-08 16:53:34,味道有点苦，里面碎的多，包装摔破。
17181993830,2022-02-26 18:32:11,碎碎的，不是新年货，与图片不符，感觉被骗
16564422118,2021-11-03 08:05:48,吃起来有股奇怪的味道，感觉是什么化学品熏过的
16937435435,2022-01-04 02:57:44,味道有点苦！跟图不一样！小了点！
17096838002,2022-02-07 10:26:47,打开感觉有点受潮，一丝丝味道不对
16616563862,2021-11-11 07:43:47,能不能用心包装一下，碎了太多。商品展示也与收品不一样。
17271411824,2022-03-19 21:35:52,感觉不算太新鲜，一般
19133774467,2023-05-21 21:52:36,闻着有一股八角的味。其他还好。
19163934013,2023-05-30 21:12:13,不好吃，一股捂了的怪味
17279844849,2022-03-22 07:33:23,不太好吃，个头虽然不小，就是口味不是太新鲜
19014683955,2023-04-12 09:29:01,味道一般般吧。碎杂比较多。
18986014701,2023-04-04 11:32:17,包装不够好。拿到盒子里面果仁都是碎了
19990639498,2023-10-21 21:07:22,核桃仁不好，全是破损，像是去年的，还有一股味道
19018867887,2023-04-13 16:13:54,打开有异味不敢食用。
20326110756,2024-01-04 12:29:47,都碎了，不值这个价钱
20718007878,2024-04-21 14:35:25,渣子太多，果仁外观不好！感觉不新鲜！像是陈货？
20148821318,2023-11-16 23:47:06,这次是11 ·11买的，三样中感觉核桃品质最不好，很多碎的，和之前买的感觉品质下降很多，但京东服务很不错，同时也会继续买咱们的坚果
20096013545,2023-11-06 19:00:37,买过他家两次琥珀核桃仁挺好，这次买的原味的，以为是熟的核桃仁，收到货打开一吃才知道不是熟的，有些湿应该是新核桃吧，口感一般，后悔买原味的，打算用盐炒一下试试吧，以后还是买琥珀核桃仁
16730370964,2021-11-27 12:03:05,核桃没吃，包装质量太差，希望在包装上改进一下。
16630631342,2021-11-12 21:44:50,有半瓶都是碎的！失望！
16981738946,2022-01-12 23:04:20,瓶子密封纸口是开的，核桃很多碎粉，产品包装：不严实
16544927580,2021-10-31 08:20:37,非琥珀核桃仁，介绍成琥珀核桃仁。拿到一看就是核桃仁，失望的购物。
16932136647,2022-01-03 05:31:23,比较失望，到货时间长也就算了，包装实在太差了 差一点就散架了。，口感：一般
19133376805,2023-05-21 19:47:37,太碎了，以前买的可没这么碎的，感觉越买越差了
16632118655,2021-11-13 08:37:46,真的便宜没好货，但也不是很便宜啊，里面碎碎的，感觉很脏，一点食欲都没有
19166190821,2023-05-31 15:53:02,应该放了很长一段时间了，一点都不新鲜，很大的陈旧味
16542528791,2021-10-30 17:38:06,核桃终于收到了，带皮一点味道也没有，涩味带点苦味，跟生核桃区别不大，物流也慢，因为开过了就当生的吃吧。
16918165996,2021-12-31 21:11:06,商品已收到，太碎了，整体外观看不怎么样。而且还是生的，不是熟的开盖就吃的那种。所以只能给个差评。或许商家发的是好的，估计快递过程中乱扔造成的，能理解！
19993534461,2023-10-22 21:03:16,不好，不新鲜，核桃发苦，还有些吃起来有放置很久的坏掉的油味。
16545914278,2021-10-31 12:16:22,糟糕的劣质核桃，没有坚果的清香，盒子里飘出的是酸酸的怪味，核桃果肉上还有许多小黑点，吃起来口感也不脆，而是受潮了一般的海绵口感
18155795991,2022-10-03 12:02:59,忘记拍照，用同一批次的其他坚果代替，口感不够松脆，有种受潮的口感，油味太重
19005723288,2023-04-09 14:25:00,买了很多次林园的坚果，确得这次不太好，核桃很多粉状物，不知道是不是运输途中晃的厉害，包装盒子太简陋，变形了。
17861824460,2022-08-02 10:31:12,一般般.没有什么味道，纯属如一点白糖拌匀，肉肉有鼓存旧的味道，我是看评论买的，评论区为什么说这么吃😜不会再买了，打开了退也不好退
18637486764,2023-01-01 21:36:19,口感：这个口感还是蛮好吃的，比原味的好吃，甜甜的，很脆，产品包装：包装一般般，简陋的，而且这一次变形了，瓶子，里面看着都是碎的，感觉一般般这一次购买
17094739882,2022-02-06 15:58:06,这个真心不值这个价位，，贵了一丢丢，，也就是超市买的那种40多块钱的品质
17162595834,2022-02-22 12:46:51,商品到了，看着我购买的商品心中感叹&mdash;&mdash;它经历了什么磨难？？？
16567787172,2021-11-03 17:31:07,一般般，也有苦的。
16599089481,2021-11-08 13:39:33,不退也不会再买了
16830892357,2021-12-17 18:32:43,不好好多发黄卡拉的
17128655814,2022-02-15 07:07:44,瓶里渣粉太多了
19117812918,2023-05-16 19:51:46,碎的很多，品相差
19181984599,2023-06-04 08:47:57,支持华为支持国产
16795515932,2021-12-10 22:18:45,还好吧
17062352069,2022-01-27 19:36:43,一般
17087924064,2022-02-03 22:14:37,一般般
17118853605,2022-02-12 23:21:15,碎
17145277006,2022-02-18 18:37:56,不新鲜
17662040308,2022-06-19 17:49:58,一般，小了点
17821374072,2022-07-24 21:24:44,质量有点&hellip;&hellip;&hellip;&hellip;！！！！！
18908361804,2023-03-17 14:17:17,一般
19045452621,2023-04-22 19:00:58,好
19076607163,2023-05-02 20:59:14,很多碎末
19107855084,2023-05-13 15:51:08,一般
19233296110,2023-06-16 17:39:01,一般
19836978246,2023-09-26 15:07:13,一般
16747376642,2021-11-30 16:22:56,包装还挺不错，核桃仁也比较干净。不过烤了以后核桃仁的小皮剥不下来，以前买的新疆核桃都能剥下小皮来。买之前问过客服，说是新疆的，不过确实从长春发的货，不知道是怎么回事。
18765491317,2023-02-09 10:42:23,顺丰快递特别棒非常好.不会摔货物.核桃仁应该是保存不当受潮有点儿变质了.能看出来是已经人工剔除了坏的部分，但仍然吃了胃不舒服，吃一点点感觉不出来.吃多了，胃就会#.
16600386077,2021-11-08 16:53:34,味道有点苦，里面碎的多，包装摔破。
16599089481,2021-11-08 13:39:33,不退也不会再买了
