id,time,content
2011367979,2016-11-12 22:15:04,好大的味道哦，不知道好不好吃
583208166,2015-02-15 20:05:47,生的，有气味道，不知道怎么吃啊！
10750594214,2017-09-02 21:35:24,还可以，就是煮粥的时候会有点苦，小朋友不太喜欢
605236009,2015-03-13 11:07:46,快递太慢啊！东西还可以，不过有点苦味。
789141783,2015-06-16 16:10:01,白果分量很足，挺好的
1835232286,2016-09-14 06:23:47,还好！掺杂了一些陈的！
1468564966,2016-04-19 12:15:33,味道好大，里面还有一根长头发，哎，希望以后包装看一下&hellip;&hellip;
18132127120,2022-09-28 13:30:05,商品品质一般般，分量应该够吧，相信商家。
1986839456,2016-11-07 12:52:41,有漂白嫌疑，太白，但是味道还不错，有几粒变味。
18371032167,2022-11-11 22:38:30,个头还可以，但这东西貌似不能吃太多，说容易中毒
1984632305,2016-11-06 20:42:35,又苦又臭哦不好吃分量可以
11562609025,2018-06-06 20:56:42,这次拍到跟杏子质量不新鲜，
14274759983,2020-06-12 17:27:10,这次剝开发现里面僵果较多！
10215619192,2017-03-15 16:32:02,没啥好说的，坏的坏，长芽的长芽
11306903313,2018-03-13 18:33:03,不新鲜，有些烂了的味儿
14763802461,2020-10-17 15:04:15,白果很多有些是瘪的，不饱满
10081155700,2017-01-20 10:46:45,没有上一次的好，有点味道，发黄
15197355873,2021-01-13 13:19:38,一般般吧，不是太新鲜，便宜是便宜的。
999637355,2015-09-25 15:18:54,东西一般，好多都煮不软
618439221,2015-03-22 20:46:19,有苦味，不敢多吃，有树味
1082557288,2015-11-03 09:10:12,质量还行吧，就是物流真的慢，下单到收货用了**天
642381275,2015-04-06 19:15:31,好苦，没有小时候吃的那种味道了
11107883483,2017-12-26 21:19:31,好像是陈货，有些已经泛黄。物流还比较快。
14111147654,2020-05-04 14:00:11,好苦啊，泡几天还是苦，有些干了，
660667795,2015-04-16 15:38:55,还挺好的，就是物流太慢，不要宅急送的快递更好，可是是生的～
14734503993,2020-10-09 20:23:28,分量：足，但是大小不一致，新鲜程度也不一样
1182456509,2015-12-08 14:09:23,有点湿，不知道是不是用什么泡了？
1321094158,2016-02-06 13:08:04,不错，就是快递太慢了，是不是银杏都有这么一种味道
11549804614,2018-06-03 18:10:47,包装破损，表面看坏果较多，与图片相差太大
765397864,2015-06-05 14:08:56,基本上都不可以吃，由于本人太懒，所以没有退，果断，不应季，不能买。。。。。
13753370026,2020-01-24 09:23:28,不够新鲜，还有隐约的臭味，需要在阳光下晒晒，消消毒。
1574568754,2016-06-04 16:37:33,不好吃、不过挺新鲜的
11379391053,2018-04-08 10:20:43,一般，有股味道难闻。
620808055,2015-03-24 12:14:36,东西很好，就是物流太慢太慢，等了六天才到要是能快点就好了
1263042597,2016-01-11 11:29:13,价格偏高，果比较小，
10503108321,2017-06-12 18:42:05,这次好多坏的，我都第三次购买了，卖主你就不能选点好的给我。第一次卖坏的好少
1426001179,2016-03-30 11:24:05,总的讲还可以，但是有坏的个别的干硬，商家，我可是买了你们家很多白果的，至少应该保证质量呀！
19052347447,2023-04-24 16:30:40,一半干的，变色了，不是很新鲜！
1396718701,2016-03-17 11:47:15,新鲜的，感觉很满意！
2009790666,2016-11-12 16:57:21,打开包装有股异味，冰箱冷冻了几天还是有，剥开里面仁还是挺新鲜。
11235322789,2018-02-09 18:59:33,这种颜色的是坏的吗？为什么有些颜色靓丽，可是大多数却都是这种暗沉的颜色？？
18812136433,2023-02-21 13:33:59,煮着吃比较苦，没广东这边的好。
1174150522,2015-12-04 22:37:33,怎么是生的，我本以为买来就能吃，还有点臭，难道本身他就是臭的？
19995121485,2023-10-23 12:55:45,质量一般，有许多坏果，放在水里三分之一以上浮在水
677840108,2015-04-25 11:37:15,虽然是*包邮，但这个白果却实在没有什么可说的，不是很好，而且放了不到一个星期就坏了！
10170898750,2017-02-28 23:13:13,这个是有带有中药效果的，但是有毒！首先记得一定千万不要给小孩子吃！浙江发生案例吃了20粒，死了一个小朋友，大家可以百度！但是东西确实不错。。。
19161534833,2023-05-30 09:02:47,果肉不是特别新，估计是上年的，一斤坏果大概20颗左右，勉强接受
18111778380,2022-09-24 16:36:57,重量足够，但全是小粒白果，比树上掉到地下的白果还小。
20588774248,2024-03-17 09:25:24,快递员也不联系，就将包裹丢在驿站了，难道快递新规对他们没约束了？
11017017894,2017-11-26 23:35:07,好嗅的白果，超嗅，说真的，刚收到拆快递，一打开真的好大闻味，放了整晚都是嗅，好嗅，都不知道怎食
13488106921,2019-11-18 13:59:32,好多坏的 估计放了很久的存货
14465163748,2020-07-27 18:53:42,有不少坏的，要不然便宜就给差评了。
2000295555,2016-11-10 16:25:33,有点臭，而且打开后都太青了
13884861033,2020-03-07 15:44:57,非常小颗，不少僵的，因为买到过更差的，就不评你家差了🥱
1327204780,2016-02-14 10:57:26,快递慢的，一个多星期才到。快递员头天下午打电话没通第二天送过来的。
14001501722,2020-04-06 11:21:10,果子很小，份量是够的
929337496,2015-08-25 09:06:20,不好剥，而且里面的仁太嫩了一使劲浆都出来了
1122337858,2015-11-15 20:11:04,有一股很臭的味道，和之前吃的味道不同，很苦。
10070522193,2017-01-16 20:47:02,东西收到了，还没打开看，发货实在太慢，10号买，今天才收到，不知道还新不新鲜
10239549877,2017-03-23 12:21:15,本来是想买零食吃的，结果买回来是生的不熟，这就很尴尬了
19995119899,2023-10-23 12:57:12,质量太差，很多坏果，在水里许多浮在水面上
1581817281,2016-06-07 10:35:50,有发霉的 而且发芽了，壳沾了水就非常滑，不知道是不是处理过
702146297,2015-05-07 08:10:01,本想送女友敷脸的，万万没想到，刚邮过来，就分了&hellip;&hellip;看都没看，直接垃圾箱了，哎&hellip;&hellip;
10047176621,2017-01-09 12:42:42,打开包装一股恶臭迎面而来，隐约有到了乡下茅坑的感觉，仔细一看有不少的白果已经坏了。这什么玩意
12330448977,2019-01-02 20:16:52,商品与图片相差很大，肉质有萎缩，外壳比较残旧，小心勾买。
18680058039,2023-01-11 10:23:16,吃了是苦的，难以接受，而且很难吃
12484852481,2019-02-24 23:04:00,有好多粒是破壳的，打开包装袋以后传出一股腐臭味，想立马扔到垃圾桶
10885281702,2017-10-23 11:21:20,物流太慢了           。
11248943586,2018-02-17 12:59:28,快递选平邮，这速度慢的也没谁了。另外不知为啥有一股很臭的味道，不知道是不是白果都是这个味儿！
10438628267,2017-05-24 20:16:41,和图片完全不是一个层次啊！发黑的不知道是霉了还是咋了，大半发深黄。。。。伤心了。。。还一股奇怪的味道。。。。
1441579712,2016-04-06 20:13:57,快递公司太差。没有与我联系就直接把我订购的白果放在柜子里。输入密码后几次都显示错误密码，与快递公司联系不上，因为他们不是用手机发的信息，给发信息的那个号码打电话，是个空号。另外，快递公司在信息中说，以后通知信息也不发了，要关注他们的***，从他们的微信中查信息。中央电视台3.15晚会可以看出，关注企业微信对于手机用户有一定风险，因为关注后，个人的交易信息、账号、密码有可能被不法分子盗取。我们消费者买东西就要被迫关注物流公司微信，这合理吗？后电话与卖家说明情况，但接电话的很冷淡。不过，卖家的网上售后服务态度挺好的。
18328666281,2022-11-04 12:09:43,一般般吧，回来播了壳有不少是干的，还有发霉的，总是新鲜度很一般，一次直接买剥好的了，太麻烦了
14425357785,2020-07-16 22:13:15,超级苦，很难吃，跟以前吃过的味道不一样，无论是烤着吃，还是去芯泡水再煮都是超级苦。没法吃，扔了。
614752017,2015-03-20 07:38:54,别的还行就物流有点慢
918185181,2015-08-20 00:57:58,买的不敢吃说能毒死人
578969113,2015-02-11 13:01:06,东西收到了，快递太给力了
644523045,2015-04-07 22:01:27,还可以，还可以，还可以，还可以。
1588513193,2016-06-09 20:16:36,什么都好，可是为什么是苦的哦？
596616775,2015-03-06 14:39:27,通过国家经济和更多的人广告费得到
10904077553,2017-10-29 19:52:54,收到货有五六个己碎了总体还是不错的
519305822,2014-12-22 19:58:19,上星期一拍下的到这星期一才收到，快递太不给力了。
15267578972,2021-01-30 00:13:38,原来买的一次很好，最近买的一次，一共就拿了40颗不到，其中就有10颗左右已经完全干了
494038063,2014-11-29 10:15:19,一次不能多吃，有毒。
916286174,2015-08-19 10:36:07,好多硬的根本吃不了。
1298602581,2016-01-26 12:37:49,没吃，不知道怎样
1479349026,2016-04-24 05:49:59,这玩意真的能吃？
10097290473,2017-01-29 18:05:20,有一种很难闻的气味，受不了！
1710867607,2016-07-24 23:08:39,很好一直支持京东
1841869349,2016-09-16 22:26:19,还行，就是物流太慢
1921518522,2016-10-17 14:49:45,生的就是有点苦
1974990672,2016-11-04 11:04:39,不错不错不错噢噢噢
10225804443,2017-03-18 22:25:45,好像不是一批产品
10754250520,2017-09-04 10:43:15,不像是今年的新果
11937519667,2018-09-22 21:00:17,发货特别慢，6天到货。
12802176589,2019-05-25 11:41:11,时间太久了 很硬
14677637209,2020-09-24 08:47:01,包装都不用拆了。
2031362110,2016-11-17 06:27:58,东西收到了，了我没想到是生的。怎么吃？
18715661321,2023-01-20 23:44:29,快递蜗牛，白果质量看上去还不错
1983806095,2016-11-06 17:12:00,大部分都是坏的，简直不能吃，最失望的一次购物
582818259,2015-02-15 11:35:30,臭死了&hellip;&hellip;&hellip;&hellip;扔了都。
585854354,2015-02-22 13:19:43,闻着都臭了，
601846380,2015-03-10 19:19:29,Louhpyrrghjpew
655028487,2015-04-13 18:23:14,物流太慢了
690450796,2015-05-01 17:28:15,不知道怎么吃
723920070,2015-05-16 15:48:22,还可以还可以
725038934,2015-05-17 07:46:09,一般，下次再来
981477856,2015-09-17 17:51:43,有不少坏的
1071377726,2015-10-29 09:24:44,坏的太多了&hellip;&hellip;...........
1164549103,2015-12-01 08:18:03,不好  好多坏的
1295649905,2016-01-25 09:15:45,一般般
1637502723,2016-06-24 22:21:10,挺好的
1742420225,2016-08-07 17:36:25,还好吧
1888286380,2016-10-05 08:30:02,不好吃太苦了
1991608682,2016-11-08 14:35:46,好，好，好，好，好。
2002967994,2016-11-11 09:51:34,很好
2039166431,2016-11-18 23:12:52,还可以
2047978212,2016-11-21 13:10:46,不觉得好吃
2053984341,2016-11-23 00:45:30,可以，挺好吃的
2072920544,2016-11-28 19:03:12,有几个坏了
2071242082,2016-11-28 11:01:13,一般
2122776562,2016-12-14 15:12:52,嗯，不错的。
10042009409,2017-01-07 17:21:10,还可以。。。。
10051113709,2017-01-10 16:49:50,一般
10074326354,2017-01-18 00:05:42,不会吃
10103461063,2017-02-03 21:11:43,太苦了
10127750875,2017-02-14 07:26:12,生的好难吃哦，
10496547231,2017-06-11 01:31:13,还可以。。。
10647774636,2017-07-26 09:50:05,货物不干遗憾
10672106370,2017-08-04 10:11:34,一般
10802506357,2017-09-22 07:15:05,没什么要说的
10833452289,2017-10-04 12:34:24,贵
10901254648,2017-10-28 19:41:51,坏果太多
11333815596,2018-03-22 21:08:17,有点臭的味了
11798555906,2018-08-12 12:42:11,不新鲜
12061236661,2018-10-30 17:33:20,可以可以可以！~~~~~~~~~
12103397071,2018-11-09 12:25:26,太小了！
12331637913,2019-01-03 09:07:36,还不错
12737539847,2019-05-07 22:46:12,有点贵
12982771395,2019-07-05 19:34:11,很多坏了的
15429971130,2021-03-17 11:11:10,有坏的
19054403725,2023-04-25 11:03:12,有一半硬化变质了
15967986200,2021-07-11 18:11:15,分量不足
16120124358,2021-08-11 18:57:45,还可以
1256188807,2016-01-08 09:01:43,一般吧
2027248612,2016-11-16 09:22:34,同事说这个东西有毒，不能多吃，最多不能超过10个，听到同事说后，感觉好怕，所以没吃了
16721929604,2021-11-25 20:10:04,刚刚收到。包装盒破了，有一袋破了，撒了一箱。在~拍照后，找了一个塑料袋装了银杏果带回。多年来，在京东上买了几十种物品，这次是罕见的遇见。不知何以如此？！
17400946783,2022-04-23 08:09:51,带硬壳的称一斤，剥了壳估计有只有半斤ba！，包装简洁，之前没买过，第一次买
18193010074,2022-10-10 16:49:43,个头儿小点儿
18305756890,2022-10-31 09:15:50,一般
18415723000,2022-11-19 21:15:24,太臭了
19992427013,2023-10-22 14:58:49,坏了五分之三
18235744251,2022-10-19 10:58:01,家人的睡眠是一个大问题，晚上睡不着觉，容易惊醒。医院开了一款中药配方里面就有这个。在京东里面找了这家商铺，送货很快包装好，足称足两。看起来也是真货。希望吃了有效果。
