id,time,content
1489405643,2016-04-28 16:22:29,买回来两天就长霉了。。。。。
2146790542,2016-12-22 10:28:57,配送人员很好，很感谢
10459673263,2017-05-31 18:50:58,有霉烂变质的，不是很好，说是天热没及时放冰箱里冷藏的原因
11122594617,2018-01-01 15:42:00,差！因为便宜，自己知道不能沾水，为什么不可以包装好点，搞成防水的不行么？
11345608027,2018-03-27 00:46:49,之前买过此店的都是白色的这次店家发货的黄色、果实干 汁少。不满意。
803151795,2015-06-22 11:50:31,有很多干的，不能使用了。外表看起来那么好，唉！
18317949514,2022-11-02 14:21:42,一点也不好吃，千万不要买
18454988953,2022-11-29 15:21:55,产品有异味，不知道是否已变质。
12766198986,2019-05-15 17:20:28,贫不贫不知道，东西确实不怎么样。还有发霉的！跟展示图片完全不符！
1388854221,2016-03-14 08:37:14,很多发芽的........
555740940,2015-01-24 13:09:04,什么嘛&hellip;&hellip;     是生的 不是熟的  。    都有臭味了。。，看到货后 果断扔了。。
15392896702,2021-03-07 19:13:19,这款白果有浓烈的酸味，且带点臭味，放了2周还是如此，不敢吃，只好丟掉。
493218660,2014-11-28 13:58:32,用了一个礼拜才到我手里，这也就算了，量不少，也挺便宜，但是，都臭了，好么，都有味儿了
20207409167,2023-12-03 12:00:17,至少有10多个发霉的，僵化了。从来没有买过这么差的白果
18671478178,2023-01-09 10:53:21,口感：有毒不能吃，我不知道，买回来孩子才说不能吃还不退货
917501446,2015-08-19 18:44:51,不好，坏的很多。非常不满！
588569494,2015-02-26 19:43:16,味道很臭，很不满意，差评
10048810020,2017-01-09 21:08:54,一点都不好吃，太炕爹了
1493127360,2016-04-30 12:17:47,太咸了不知道放了多少盐
573366511,2015-02-06 20:01:42,臭死了。垃圾东西。不值钱
13231781399,2019-09-16 19:28:55,垃圾&hellip;&hellip;品质不好还要懒快递
11090736021,2017-12-20 19:13:47,真心不好吃，味道也不好
608159975,2015-03-15 16:49:37,都臭了，無語，京東里的也這麼坑
622189693,2015-03-25 10:30:38,很难吃 有股难闻的气味
11213908590,2018-02-02 21:35:24,打开一股酸臭味，很难吃
1415520965,2016-03-25 15:17:00,尝了一口，很难吃把他扔了。
621472556,2015-03-24 19:09:20,货不对板，差，一点都不好，烂了好多
11318753338,2018-03-17 19:54:24,一开箱就一股臭味！！！！还有很多坏的
11701769548,2018-07-14 02:52:40,不好吃，非常的难吃，好苦，
1893860619,2016-10-07 11:30:50,太慢了，我二十八号二十九号订货，昨天才到
1736499502,2016-08-04 22:48:55,味道很恶心！包装很差劲！而且里面还有坏的！
11328799232,2018-03-21 09:33:12,到货就有难闻的味道，臭味，真的很差
13520027195,2019-11-25 13:00:59,物流十天才到保质期还剩5天，呵呵，太差劲了\京东第一次让我很失望
14025482512,2020-04-12 14:28:45,一个也没吃，味道太臭了，晾了一个星期都没效果
13520013025,2019-11-25 12:58:03,第一次在京东买东西，物流慢到十天才收到快递，重点还不是双十一，心须差评
1278515513,2016-01-17 22:26:05,真的不好吃很难吃，，
10130425672,2017-02-14 23:43:58,东西都没要啦！太慢啦！
585629366,2015-02-21 18:44:06,"不好,味道特别大!!!!!!!!!"
569741223,2015-02-04 09:57:49,都臭了，真的臭了。你们可以来闻闻。
11303005996,2018-03-12 13:20:09,质量太差，发霉变质。
14286587072,2020-06-15 12:30:39,超级差评，客服是一推二拖三甩锅。，买了两斤，图片片是剥了一斤后，好坏的比例。，再三反映，图片叫我拍了好几次。客服竟然完全不处
2039512984,2016-11-19 07:23:10,很不满意这次购买的商品，买回来一看都不能吃，这个果子吃了居然会中毒
1384912888,2016-03-12 11:39:26,我只能说呵呵了  1月初买的送病人    1月底 人都没了   二月才到了    护士通知有快递的时候 吓都疯了
1157299149,2015-11-28 11:15:44,就那样吧，后来我在超市看到有卖的了，**钱一斤。店家卖的真心贵。1星不能再多了，
2064540700,2016-11-26 09:48:41,好难吃是苦的，而且有鞋臭味，害得我拿回家臭了几天，快要疯了
1149540126,2015-11-25 08:51:44,什么啊谁买谁上当，有的都发霉了，闻上去有一股难闻的味，没发吃扔了
11460885126,2018-05-06 21:33:33,虽然包装完好，但打开包装后酸臭味很浓，像是垃圾箱里捡出来的，赶快下架吧！京东只租网店，不管质量吗？
11134159048,2018-01-05 19:19:38,请问为什么是臭的，一股屎味，晒了几天太阳依然是臭的，不敢吃，直接扔掉了
10782420949,2017-09-14 17:24:42,真是一颗星都不想给评价，就买了10元钱的，邮寄就用了9天，一直在问客服，客服换了n个人问我，就说还在查询，核实了4天，快递也到了，烤完银杏都不新鲜了，抽抽的，醉了&hellip;&hellip;
14785862544,2020-10-22 23:57:33,助农的东西居然如此差，馋了一多半去年的剩货，外表看不出来。敲开才发现，很多干瘪霉烂的陈货。客服居然让我全部都敲开才赔，我只敲了一斤，她就陪我4元，挺无语的，自己的东西啥情况自己心里没点儿点数么？
663842965,2015-04-18 10:15:11,直接呵呵了，连东西都没见到就返回去了，快递还是打电话没人接，也没有重新给我发货，太差劲了，垃圾垃圾垃圾
1392917701,2016-03-15 18:57:01,东西可以 就是物流没有送到就给我签收了 我很气愤 签收了5天才送来 投诉物流
1458536888,2016-04-14 19:34:32,太难吃了，什么狗屎新鲜白果，简直大忽悠，世界上最最最难、吃的，上当受骗
1214151621,2015-12-20 17:52:36,差。  超难吃。 生的
12139192956,2018-11-15 16:37:34,产品有质量问题。每袋果实大小不一样（相差较大），重要的有因时间长而变质（干瘪）的，严重的占7-8%（将近20粒）。我是贵公司的老客户了，这样的质量让我为你们担心！
737773674,2015-05-22 21:08:18,银杏很多坏的 应该是放了很久 才剥一把就一大半是干瘪的 还有果肉发霉的。我都在这家买了好几包了 这次的质量实在很不满意
11296275881,2018-03-10 07:12:37,物流奇慢，同时买的东西比别家慢了四天不说，距离也才别家的一半。，最可恶的是质量不好，表面都长绿毛了！！！看色泽也不是新货！！
10035977377,2017-01-05 16:42:37,哎，最失败的一次购物，我以为是熟的，这是生的，还有，有股味道，太恶心了，这怎么弄啊，天啊
10279113009,2017-04-05 14:51:35,请相信一分钱一分货，刚刚打开包装，我跟我老公都很惊讶，因为包裹里这白果太臭了，后在百度查了一下怎么鉴别白果的好坏，才知从嗅觉方面也可知好坏，它如若没霉变 没干缩 如果臭味难闻，就说明它开始变质了。所以建议大家还是买好的，别买这个
18364312642,2022-11-10 21:56:27,非常差！单果非常小，非常小，无法食用。单果非常小，不能食用
1904974939,2016-10-11 12:23:42,顶你个肺！太生太绿的白果具有剧毒！两次要求退货还无故拒绝！妄我第二次在你家买，还好，下次不在你家买就行了！见过鬼都怕黑！无良商家！
18466570186,2022-12-02 15:38:07,京东这个平台真坑，严重怀疑是靠**维持的。将近一个月了商品没收到，平台上可显示要评价商品了。物流，包装都太差劲了。这些商家跟着倒大霉。
1169344756,2015-12-02 23:02:19,一般般班班班班班班班班
10025062776,2017-01-01 22:26:21,我的东西呢，付了钱在哪呢？
1800356234,2016-08-31 17:22:00,差评，生的，想退不给退，差差，差，差
10244774674,2017-03-24 23:55:44,以为是开心果，买错了，不好。差评
13249050830,2019-09-21 17:50:30,确定以及肯定不是新的白果
10447613025,2017-05-27 16:51:37,在也不买了，没有想想的那么好
13875062475,2020-03-05 10:51:41,无我相，无人相，无众生相，无寿者相
12457019304,2019-02-16 10:51:23,换货没人理，我买的白果，给我发的红枣
12504608170,2019-03-03 09:19:58,收到有点怪味，可能距离远了，快递用时间长！
10510845231,2017-06-14 18:12:01,第二次买的这个银杏不好。
10115959855,2017-02-09 16:30:27,半个多月才收到，比别人家贵好多，东西也没比别人家的好
715423286,2015-05-12 20:52:53,差差差差&hellip;&hellip;非常差，超级差，差差差差差&hellip;&hellip;&hellip;&hellip;
802051968,2015-06-21 21:18:25,一般般吧，不如同事从江苏给带的号。
723351849,2015-05-16 11:00:49,～不是说开心果吗？？？怎么变成白果了？？？差评
582718166,2015-02-15 09:51:45,假的，买到是坏的，京东假货多
656879430,2015-04-14 17:01:57,我可以说这是生的吗/。
659457917,2015-04-15 22:15:58,还要自己能        不好
1021442277,2015-10-06 14:55:38,不好吃，苦涩涩的
1066453281,2015-10-26 23:28:35,无语！发到那去了？？？？？？
1186936759,2015-12-10 10:32:31,不能多吃，还臭了
1251058067,2016-01-05 21:29:37,真难吃味道也很重
1643004824,2016-06-26 22:54:31,不好吃，真的好苦
1882722391,2016-10-02 17:39:16,此处省略一万字
2004119088,2016-11-11 13:46:56,卧槽退货都不行
2013221847,2016-11-13 11:48:19,里面很多臭的。坏的
10242773756,2017-03-24 12:35:43,好难吃 味道不好
10258173771,2017-03-29 11:36:15,不知道怎么吃啊
13210857327,2019-09-10 20:09:13,根本就没有收到！
13881104620,2020-03-06 17:45:25,不知道什么怪味豆！
941033494,2015-08-30 15:01:55,果子挺好，颜色鲜艳
569805974,2015-02-04 10:33:36,生的，你大爷！！！
572636957,2015-02-06 11:01:09,臭死了............
600087904,2015-03-09 14:53:24,一点都不好
902103290,2015-08-12 19:43:00,难吃。。。。。。。。。。
977232418,2015-09-15 22:01:22,有点小苦苦
1013657800,2015-10-02 12:09:41,还好&hellip;&hellip;&hellip;&hellip;&hellip;&hellip;
1073621252,2015-10-30 09:25:16,👎👎👎👎质量不好
1220665400,2015-12-23 11:02:14,还可以吧！
1429174058,2016-03-31 19:32:30,11111111111111111
2009837684,2016-11-12 17:07:00,，，，，，
2031036961,2016-11-16 23:14:20,速度慢，。。。
2037754549,2016-11-18 16:53:33,X
2082998050,2016-12-01 19:46:15,好苦，都不能吃
2089036047,2016-12-03 19:47:09,垃圾
10008294644,2016-12-26 21:56:29,肯人
10006517090,2016-12-26 12:38:30,不好，，，，，，，，
10102113216,2017-02-03 06:58:37,不怎么好吃，
11338136063,2018-03-24 13:29:32,垃圾
12226329228,2018-12-06 13:54:36,辣鸡
13245211800,2019-09-20 15:39:36,很多坏了
1072873683,2015-10-29 20:00:59,还没到。就出来了，坑人，
13029024746,2019-07-19 10:12:58,里面很多都是瘪子，，，
12789948743,2019-05-22 07:08:13,又被好评坑惨了  早上开4个 全是发霉的，不新鲜  差评
609432629,2015-03-16 15:20:46,这生的怎么吃？
934760439,2015-08-27 15:21:17,特别差，丢了
16118868541,2021-08-11 14:21:57,太差了。都坏了
935827361,2015-08-28 00:20:02,比其他地方一斤便宜*多，可是太苦呀，下次不敢在京东买，太失望
762406458,2015-06-04 00:40:23,是生的，不能吃。。。。
2118043183,2016-12-13 10:49:14,最差评价：今天我收到的白果数量少了一包，商家说是对的，我买五斤，500克一包，给我四包，五包四包我还数不过呀！
18240145181,2022-10-20 02:18:53,收到根本就是不对的商品，说了半天没有用，给我寄两个小风扇干嘛呢，差评
737775995,2015-05-22 21:09:58,这次银杏应该是放了很久 陈年的 连续买了两次都不好 很多坏的 发霉或者干缩的果肉 
10108879363,2017-02-06 18:27:15,第一次买，买回来就后悔了，剥壳后里面的果仁都变质了，还有一股臭味道，这能吃吗？直接扔掉了&hellip;超级差评！！！
17958817834,2022-08-24 18:41:52,苦的，须要退货
18560868141,2022-12-18 08:01:19,谁买谁后悔
18900751164,2023-03-15 13:50:34,很难吃哦
877540157,2015-07-31 14:36:21,差评，我要的银杏果，给我发的黄桃罐头，还不好吃，果断差评，退货还要自己掏邮费，差评，差评，差评
1105485826,2015-11-10 22:22:19,1。卖家留言完全无视，2。我没吃过所以不敢妄加评测，可白果这东西剥开里面是臭的吗？，3。如果是个别这样我也不会发这评价:外壳白色很好看，中间薄皮也是正常颜色，里面的果肉是液体的，连浆体都不是，气味发臭，
656879430,2015-04-14 17:01:57,我可以说这是生的吗/。
582718166,2015-02-15 09:51:45,假的，买到是坏的，京东假货多
573366511,2015-02-06 20:01:42,臭死了。垃圾东西。不值钱
572636957,2015-02-06 11:01:09,臭死了............
569805974,2015-02-04 10:33:36,生的，你大爷！！！
569741223,2015-02-04 09:57:49,都臭了，真的臭了。你们可以来闻闻。
555740940,2015-01-24 13:09:04,什么嘛&hellip;&hellip;     是生的 不是熟的  。    都有臭味了。。，看到货后 果断扔了。。
493218660,2014-11-28 13:58:32,用了一个礼拜才到我手里，这也就算了，量不少，也挺便宜，但是，都臭了，好么，都有味儿了
484625486,2014-11-21 12:33:49,"放了几天，竟然有一半坏了,简直就是无耻"
