id,time,content
20667428815,2024-04-07 14:28:48,这是我在京东平台购物体验最差的一次，1.商品存在严重的以次从好情况，大棒都不如市场的&ldquo;小棒&rdquo;大；，2.发霉、颗粒发瘪、坏棒比例高；，3.客服不能正面解决问题。，大家购买请擦亮眼睛。
20723040483,2024-04-22 20:10:44,建议不要购买10个9个坏了，买了38块多结果退了13块钱
19416220695,2023-08-09 09:05:55,收到的玉米烂了一半以上，客服售后态度也不好！
20666418355,2024-04-07 10:06:21,收到发霉变质严重  这怎么吃 商家也不处理  大家买的时候三思  以为京东的售后可以 结果完全不处理   一共6根坏了4根
20248838195,2023-12-14 21:08:25,一颗星都不想给！！！！从来没收到这么差的玉米，条条都被虫咬过，有些还有大活虫在蠕动！！可怕得要命！！客服居然还说不吃上面就行啦！客服也是#呀！态度极差！催了几次都说申请赔付！最后才申请到一条的赔付！！！千万不要在这里买！
20727281933,2024-04-23 22:19:35,暴力运输，在快递点躺了60个小时才拿到，包装破损，玉米已坏，玉米不完整，已经臭了🙀#商家，还说什么生鲜食品，还不允许退款。给一星我都觉得太多了💩我在京东买了那么久的商品，第一次碰到那么奇葩的事情。快递还不送上门，等了2个小时，牛皮
20739803918,2024-04-27 12:37:40,味道很差，就和吃糠差不多，稍微有一点甜味。个头小的很小，个别头上还有一点腐烂。个人总体感觉和外面卖的10元5个的差不多。
20340283867,2024-01-08 12:26:29,体验太差，玉米一点都不好！有发霉的，煮熟后口感差都是皮，没办法吃呀。
20434581399,2024-01-29 18:19:55,这产品有点不敢恭维，说实话，与实际有差异
20559759441,2024-03-09 13:26:49,缺斤短两严重，九斤的单，到手里七斤八两多，也许是路上蒸发了吧。客服说跟快递核实，也没有反馈，石沉大海了，也没多少钱的东西，给大家参考吧。
20227446002,2023-12-09 12:52:47,前所未有的小，基本未成熟即采摘发货，这个质量价格超贵了，完全不推荐。
20517914191,2024-02-27 21:15:10,说是没有瑕疵果，那你们就是这样发货的是吧？你们的优质果真是太优秀了，这是没满月就拿出来卖吧？
20745846285,2024-04-28 21:53:04,过了48小时玉米粒就会自己少了吗🤣
20346250404,2024-01-09 21:04:39,买了一箱玉米，拆开两个全是坏的，联系卖家说我没有及时查验？说我保管不当？问怎么处理，只会反复强调售后只保证48小时？无法处理？看来所谓的助农馆不过是打着噱头卖一些劣势产品罢了，，
20532426465,2024-03-02 17:22:47,玉米上有虫子洞，个头不大，没感觉到精选。
20594336732,2024-03-18 17:16:15,差的不是一点点 辣鸡辣鸡
20352639653,2024-01-11 18:11:26,买了12个，只有两个好的，其它全是这
20609950344,2024-03-22 21:26:56,总体感觉一般，感觉玉米不是饱满的，感觉玉米是摘了以后，放了好几天的，尾巴都干了。不建议购买，如果当地超市有买的，可以在当地购买。
20652851812,2024-04-03 11:21:28,25收到的货，家人第一时间拆开吃了，很嫩，但是不甜，以为是个别不甜，今天为止吃完，我吃的最后一个，还是不甜，问客服，说放7天就不甜了，我也是呵呵了，再新鲜采摘的，家人签收后就第一时间吃了，不甜也是实际情况，不会再回购，不知道哪里来的好评，慎重下单吧
20686917514,2024-04-12 19:57:45,一共三个，箱子送来胶带都开了，煮完了一点味也没有，一点都不甜，不如超市买的好吃
20131100186,2023-11-13 14:48:00,到货4根玉米，就有两根是发霉的，找客服，他说是路上捂的，不是霉，无语，
20386795966,2024-01-21 19:40:15,我之前一直在别家买玉米 这次看到是助农馆果断决定在这里买 收到后一看大吃一惊 这就是助农产品？
19835967454,2023-09-26 12:51:50,买了俩箱，连箱子一起都没有3斤，还有部分玉米变质
20652760470,2024-04-03 10:59:51,大家千万别买！！全是烂的，商家还不死不承认，这种店铺迟早关门！
19916965409,2023-10-05 10:46:11,垃圾，收到都是这种不饱满的，还有臭味，不想吃了吐，不要买
20302635526,2023-12-28 19:58:57,那么小还不均匀还说是大果
20633054113,2024-03-28 23:07:37,非常差，首先缺斤少两，写的3-5个实际收到只有2个，商家说是因为这2根大，我就称了下，但是只有好像800多克不足2斤，在我提供两次称重数据后商家说可以按照比例退一块钱。其次味道一般，有点老，今天扒开其中一根发现居然长霉了！算下来平均一根5块多还不如超市买的4块一根的新鲜便宜还吃。避坑&hellip;
20552721412,2024-03-07 16:55:15,买的大果，结果发的特别小，发图片了客服也不给满意的处理结果，希望大家引以为戒
20655277557,2024-04-03 23:07:09,第一次碰到这种商家，有腐烂的玉米说掰了还能吃，十一个玉米，四个烂，说可以赔4块，还要剁碎扔垃圾桶拍照才能赔，已经烂了还要剁碎，让我把刀和砧板也污染，真是服了
20112820906,2023-11-10 12:38:47,真的很差，千万别买，不够称我收到货只有3斤多，联系了客服，说的发出来的是5斤，我真的是服了，为了两根破玉米，说的好像我讹她们家了
20373515267,2024-01-18 01:38:32,一点都不甜，买的七根大玉米，都是看起来营养不良的，
20357627932,2024-01-13 10:45:09,拍精品大果发都是小果，还有坏果，太差了
20324870963,2024-01-04 00:25:55,复购几回了，一次比一次差，之前的品质很好，现在又小又烂
20275503805,2023-12-21 14:16:15,不给送货上门，直接扔驿站，快递极为差劲，等拿到都冻了，这是买冻玉米么？
20698251586,2024-04-15 23:06:29,被骗了，写的三至五根，后来收到货只有两根；买的是两斤，去了皮就只剩660克，皮就占了340克。这不是@吗？两根玉米12元，商家还跟我争这很大根。一根六元的玉米，抢钱啊？买这家店的东西，劝你还是绕开，免得来火。
20694470538,2024-04-14 22:50:00,拿到快递当场扔进垃圾桶，打开快递一股腐味，叶子都发黑了。申请退款还不行，以后都不可能再光顾这家店。
20350770836,2024-01-11 08:45:47,优选，越选越小，越选越烂。
20628312275,2024-03-27 18:33:28,真正的巴掌大玉米，连箱子总共10斤，皮起码占一小半，算下来也要3块钱一根，很不划算
20629676863,2024-03-28 06:50:26,早上掰开两根玉米准备煮着吃，结果剥开发现又小又干瘪，还选的是外面叶子看起来比较好的，那几根叶子带黄的还没敢打开&hellip;&hellip;
20299331374,2023-12-27 20:32:08,买了净重五斤装的两件，发的货是净重九斤的一件，商家解释页面商品名称后面下拉三角形点开，会出现一行灰色的小字，写的两个净重五斤，合并只发九斤，商家的小聪明全用在@的套路里，并且这样合并发货九斤比直接购买九斤的价格还贵，太坑了，没有信誉的商家，去过云南，也买过云南的东西，没有一次留下好印象，没有格局，一次次被算计。
19974083568,2023-10-16 16:51:14,有坏的也不处理，很差劲，本来还想一直买的，这情况太差了
20530489306,2024-03-02 09:27:26,不是水果玉米都干瘪了，客服还说个别是这样，我昨天煮了两个也是这样，硬的很也不甜，太差了，这一次购买。
20680011243,2024-04-10 21:01:55,质量很差，不建议买，发霉了，玉米粒也瘪了。
20718335799,2024-04-21 16:06:50,太次了，棒子又小还有坏的，都没几个颗粒饱满的
20504891205,2024-02-24 10:32:37,我本来是很喜欢吃玉米的，这玩意让我知道原来玉米也有难吃的
20573373110,2024-03-12 21:44:20,快递慢，东西不新鲜，有坏的，谨慎下单，谨慎下单
20322223533,2024-01-03 12:21:25,售后态度太差，玉米三天能蛀一个大洞，说过了48小时不理赔，
20428557983,2024-01-28 02:17:33,买了两份一共 14 个，还那么小，快递还贼慢，觉得直接不值这个价钱
20680609291,2024-04-11 01:49:57,买的大号的，发的玉米小的不得了
20469924685,2024-02-09 20:01:49,玉米长虫子了，跟客服说，客服说过了生鲜时效只能给2块，呵呵，我到货后吃不了全剥开不坏了？给客服看，客服说可能是自己长的虫子，厉害厉害，推诿搪塞，也不管
20529289210,2024-03-01 20:28:47,此用户未填写评价内容
20674231849,2024-04-09 11:04:17,商家态度差 玉米收到有蔫的
20690800150,2024-04-13 22:20:02,我没明白什么叫净果，客服说带皮，好吧，还给拿其它叶子裹一层就不知道是什么意思了，其实你可以直接缺斤少两的发，找别的叶子不也是成本吗
20608107404,2024-03-22 12:35:48,跟评价的是一个东西吗？
20664902126,2024-04-06 19:57:34,本着试试的态度去买的，结果拿回来至少有5个玉米头头是发霉的！不是很满意，而且也不会比在菜市场买的便宜，以后不会再来了
20646616423,2024-04-01 17:35:32,没有以前购买的新鲜
20679236230,2024-04-10 17:29:18,有坏果不予赔付！我都没有京东钱包，说赔付到京东钱包了！要原路返回！商家不予！非常不好的购物体院！其次果好像是冻品口感不好！
20190089346,2023-11-28 08:57:34,相差五天买的，客服说是季节的问题，口感和质量完全是天差地别，所以我们没有生活在一个地球上吗？只是咨询店家一下就是这个态度，快递是圆通，购买两次都没有短信或者电话通知去拿，自己去拿，报电话号码还查不到订单。
20376846140,2024-01-18 23:17:07,太垃圾了，就三根，完了玉米还是发育不良的那种&hellip;&hellip;，吃亏上当吧，下一个买的小伙伴一定看我的评论，，算下来4块钱一个&hellip;我去买熟的，不香嘛&hellip;&hellip;，哎😑
20611688355,2024-03-23 13:03:43,有重量，有个数。，到货说是按重量，也就是说，够重量，一个寄过来就行了。，还要去找个称，提供数据。，服了，这家我是不买了。
20719892438,2024-04-21 23:16:11,爸妈说上面的都挺好，下面层的三四根都是瘪粒的，发黑，而且下层都很小。建议做良心商家
20167751983,2023-11-21 19:29:41,要得精选大果，发的还是普通大小玉米。
20057215855,2023-10-29 15:44:43,不是第一次买了，越来越差，刚开始的都挺好的，生鲜又不好退，不会再有下次了
20229779295,2023-12-10 02:16:13,重量不足，玉米不饱满，有虫，不饱满只会解释露天种植，有虫才是能售后的，重量规格自己标住总净含量大于等于5斤，是把快递箱子一起算才有吧，口感甜度只能算是一般吧.
20168699058,2023-11-22 00:10:27,买了三次，5斤、9斤、9斤，第三次收到的货明显跟前两次的质量差异很大，玉米不饱满，甜度很低且没有玉米的香味。，这是一家杀熟的店，以前只是听过，这次遇到了。
20628808036,2024-03-27 20:40:34,就无语   平均三块多一个   关键玉米棒子小不值这个价。买的玉米不好还被我妈吵一顿😣
20667980595,2024-04-07 16:56:03,很差，5斤说第二份有优惠，结果只是发9斤，还放在第四张图片有说明，很差
20617451296,2024-03-24 22:10:44,5斤一共6个，全部都长了虫！这是我买那么多次新鲜玉米翻车最严重的一次！
20248759519,2023-12-14 20:49:48,垃圾堆里捡回来的发的货都比这好吧，发霉长毛只能扔、果断裂或者小。磕碰。这种是瑕疵吧。这发的什么啊 除了上面三个可以吃。别的只能扔 、商家态度极差、懒得沟通了、慎买
20678410822,2024-04-10 13:35:40,只能说很差劲，玉米粒都是扁的，还发霉了，只能扔掉了
20728242251,2024-04-24 09:50:45,不好吃，一半坏的，有几个比较干，不新鲜了
20710450551,2024-04-19 12:27:30,这个价格就三根，而且还特别小，感觉不值
19976629165,2023-10-17 13:17:04,拍一箱5斤是包邮，拍两箱只发9斤也是包邮，商家说实在抱歉，就是这么营销，已标注出来，只怪自己没看清。下次得一件一件分开拍，一起拍就是缺斤少两
20191823258,2023-11-28 17:30:25,第一次还行，这次买的太差
19973262813,2023-10-16 12:29:43,到手4根，其中3根是坏的，谁买谁上当
19941038074,2023-10-07 19:46:51,买的两个5斤，发货显示净重9斤，还坏了
20725930954,2024-04-23 16:20:45,物流很慢，味道不好，玉米都干了，还有几个都发霉了
20704947040,2024-04-17 20:22:26,颗粒不饱满，吃起来很糠，难吃
20683108535,2024-04-11 18:41:01,此用户未填写评价内容
20286217885,2023-12-24 10:21:56,玉米长的还成年人手掌一样长，短的还没有手掌长。咨询客服说，这是品种，就是这么短，重量是合格的，截图如下：
20717771511,2024-04-21 13:28:38,说明中说3-5个，到手只有两个。严重不符。
20736415884,2024-04-26 13:48:05,此用户未填写评价内容
20426331945,2024-01-27 13:53:09,这些玉米质量非常差，大小不一样。6个玉米3大3小，不值这个价！慎重购买！
20731727419,2024-04-25 08:54:35,此用户未填写评价内容
20731726583,2024-04-25 08:54:16,此用户未填写评价内容
20731724045,2024-04-25 08:53:52,此用户未填写评价内容
20731651675,2024-04-25 08:25:08,此用户未填写评价内容
20711760368,2024-04-19 18:44:16,此用户未填写评价内容
20523127739,2024-02-29 11:43:33,没有大家评论的那么好，不值这个价。个头比较小，米粒不饱满。
20709569943,2024-04-19 08:16:50,此用户未填写评价内容
20322235384,2024-01-03 12:23:14,售后服务差，玉米质量一般，售后条件苛刻，明显不想理赔的。
20081773106,2023-11-03 21:00:08,商家不诚信，页面显示净重2.5公斤，拍2单只发9斤，商家说下面有备注，我不确定有多少人会往下点看备注，请商家改进
20686012460,2024-04-12 15:35:07,不新鲜不够称
20602823384,2024-03-20 21:51:04,此用户未填写评价内容
20594849763,2024-03-18 19:28:26,此用户未填写评价内容
20553916728,2024-03-07 21:37:30,不咋滴，还是去超市买靠谱可以看得到可以选
20751885044,2024-04-30 15:33:29,此用户未填写评价内容
20750440562,2024-04-30 08:46:39,此用户未填写评价内容
20740093449,2024-04-27 13:57:27,此用户未填写评价内容
20739972420,2024-04-27 13:23:28,此用户未填写评价内容
20526284851,2024-03-01 07:25:00,此用户未填写评价内容
20564090077,2024-03-10 15:28:27,不甜，这次不好吃@
20514235684,2024-02-26 21:12:21,此用户未填写评价内容
20565039478,2024-03-10 19:16:02,物流服务杠杠的   一买一个不吱声
20659223171,2024-04-05 09:42:07,有点老.只能留着煲汤了
20679569677,2024-04-10 19:03:22,此用户未填写评价内容
20668932986,2024-04-07 20:59:50,此用户未填写评价内容
20660362886,2024-04-05 15:17:22,此用户未填写评价内容
20653776552,2024-04-03 15:50:51,此用户未填写评价内容
20154734246,2023-11-18 14:35:06,想不到这么小条，不到10cm比，不要讲大条，中都不算，很差购物体现，还是在实体店买好。
20074276716,2023-11-02 12:56:15,三天物流才到，拆开快递一股酸味，有发霉的，客服竟然说切掉不影响食用。喜欢这样吃的放心下单吧
20191073809,2023-11-28 13:47:38,之前买的一箱非常好吃。这次买的一箱拆了两个蒸都是苦的，个头也比之前买的小了不少。
20446976628,2024-02-02 02:14:04,真不咋地，都是坏的
20534533451,2024-03-03 09:54:02,此用户未填写评价内容
20322246016,2024-01-03 12:25:32,质量一般，态度恶劣！
20322242114,2024-01-03 12:24:41,此用户未填写评价内容
20519989849,2024-02-28 14:20:50,此用户未填写评价内容
20714585482,2024-04-20 15:30:07,不新鲜、也不好吃
20503554256,2024-02-23 19:42:26,此用户未填写评价内容
20196629871,2023-11-30 05:48:29,玉米太嫩了，口感一般般吧，正常的话应该再长一段时间再售卖会更好！
20395468405,2024-01-23 11:10:26,已经买过多次，以后不会再买
20454792072,2024-02-04 10:58:16,此用户未填写评价内容
20141559449,2023-11-15 14:14:52,跟朋友一起拼单，拍了两箱，然后给我放到一个箱子里发货，数量还是奇数
20434874348,2024-01-29 19:33:00,此用户未填写评价内容
19955971008,2023-10-10 19:26:05,收到时没有低温冷藏运输 收货开封后全都霉了！，最差的物品 最差的客服！
20150410086,2023-11-17 13:15:27,很小又太嫩，就是一股水，还没有长成呢。物流也非常的慢。
19996417920,2023-10-23 20:03:20,太坑，玉米很大味道，感觉喷了防腐剂啥的，吃不了一点。全扔了
20220401398,2023-12-07 09:30:52,这次的玉米好老好硬  全部都吃不了
20203930103,2023-12-02 11:01:24,第二次买比第一次买贵，质量差了很多
19979893277,2023-10-18 13:51:01,真坑 4个小小的玉米 2斤都不要 哪里有三斤  缺斤少两也太严重了吧
20269829047,2023-12-20 01:00:26,从来没吃过这么难吃的玉米
20303893029,2023-12-29 09:57:39,此用户未填写评价内容
20303887803,2023-12-29 09:57:04,此用户未填写评价内容
20256058903,2023-12-16 18:15:39,此用户未填写评价内容
19991303965,2023-10-22 08:16:42,长霉发酸居然说切掉就能吃，只赔三分之一
20186854845,2023-11-27 10:24:13,不好吃，很难吃，特别硬
20266485071,2023-12-19 10:34:46,很差，快递又慢，服务态度差，，差差
20293013495,2023-12-26 01:40:36,不好吃个个说不好吃又贵
20295639937,2023-12-26 19:39:44,此用户未填写评价内容
20295409511,2023-12-26 18:38:31,此用户未填写评价内容
20010305510,2023-10-27 11:52:41,此用户未填写评价内容
19846370469,2023-09-27 12:08:00,玉米是臭的，扔了
20574802044,2024-03-13 11:24:46,一点都不好
20734018140,2024-04-25 19:31:50,发霉坏了5根
20408954194,2024-01-25 07:18:54,还没有手大
19939957910,2023-10-07 16:56:34,服务态度非常差
20672279653,2024-04-08 19:16:36,垃圾产品
20183301095,2023-11-26 10:09:44,太夸张了
20587515988,2024-03-16 19:54:22,实在一般
19990830977,2023-10-21 22:17:11,难吃死了
20741724034,2024-04-27 20:57:49,不好吃
20198195856,2023-11-30 15:33:16,有坏的
20595154189,2024-03-18 20:44:12,好差
20280670807,2023-12-22 19:57:30,很差
20242938528,2023-12-13 12:45:10,玉米全都坏了，特别不好，坏头的地方还让我把头去掉再吃，这还能吃吗，坏了这么多只赔付5元，我差你这5元，特别难吃希望大家不要买，差评差评差评
20714964737,2024-04-20 17:14:31,玉米太差了，干瘪不新鲜，还烂的发霉了，太让人失望了，差评差评差评
20363440838,2024-01-15 00:03:10,呵
20530521431,2024-03-02 09:36:55,第一次买东西给差评，话不多说，直接上图。大家看看跟广告图上的差多远。还想着助农，唉唉唉唉！
20520818888,2024-02-28 18:00:18,只能说这个玉米是我买过的最差的玉米，配送奇慢就不说了，颗粒还非常不饱满，个头小之又小。，不可能再买这家玉米，望好自为之。，其他刷到的人也别买这家的，巨坑！，从开始网购到现在这么多年的第一个差评，送给这家玉米，不谢！
19978055171,2023-10-17 20:39:31,差评！缺斤短两
20083359569,2023-11-04 10:00:40,差评
19783219009,2023-09-21 07:43:10,烂的，反正是不花钱种的玉米，丢了没吃！
19757819139,2023-09-19 09:32:05,很不好，干，还有个味道。早上拿出来才发现有一个已经发霉在里面了！还以为能退。
19750253167,2023-09-18 20:38:03,明明周五能到的快递，周六才到，到了也没有短信或者电话通知就那么一放，快递盒子也是破损不堪，里面的东西是不敢吃了
19743408073,2023-09-18 10:40:30,口感不好，酸，像坏了一样
19733573276,2023-09-17 18:18:56,不要买，烂的而且客服不处理只会一直拖
19712810318,2023-09-16 10:03:43,非常差 非常差 玉米都是发霉的酸的没办法吃还不给退 千万别买
19699623339,2023-09-15 10:34:16,哈哈哈哈哈  最真实的评价，买给家里人吃的 现在全扔了
19689923953,2023-09-14 16:01:57,此用户未填写评价内容
19677022920,2023-09-13 16:14:05,苞米太小，还坏了一个，商家说赔偿，结果就给了我一元钱，服了，再按比例，你也得给我按棒赔偿吧，这一个吃的东西坏一点，整个还行？卖家态度极其差
19646505592,2023-09-10 16:38:07,才一天而已，收到是2 号，吃的时候是3 号啊，第一个我没有看到直接吃完了，第二个吃着吃着看到黑色点，第三个是掰的也是黑的，还有一个不敢吃丟了
19630288230,2023-09-07 12:47:52,感觉这个玉米有高科技，怎么煮都是生了，买了两次这次一点都不好吃，难吃，好坑
19622088340,2023-09-05 20:04:41,实际重量不够，然后还有一大一小在一起的（小的啥也没有，在大的旁边，增加重量），而且这玉米也不饱满，卖12块钱3斤，还是带箱子，而且重量也不够，绝对的差评
19619564168,2023-09-05 10:44:25,收到玉未，有很大一股怪味，不能吃
19616031473,2023-09-04 09:32:59,都是搜的，什么水果玉米，到处飞的都是虫子，煮了一个都是搜的，到处都是绿色白色的毛，奉劝不要购买，售后服务很差劲，如此不良商家，没见过这样差劲的
19611360193,2023-09-02 18:00:46,差评
19608965221,2023-09-01 21:49:45,图一和图二收到的玉米外皮已经长毛了，隔着保鲜膜都能闻到酸臭的味道，果肉已经发粘了，从根部开始黑了。图三这还是客服要求，我忍着#扒开给它拍照，结果客服冷处理，根本不解决问题，同一箱的东西，让我把坏的都拍一遍，扒一个都给我熏够呛。要是一箱一百根玉米，难道我还要一一扒开拍照吗？
19601165266,2023-08-31 06:21:02,太差了！太嫩了，玉米粒全是枯萎
19594851830,2023-08-29 21:07:47,分量不足，一点都不值。
19589285664,2023-08-28 18:35:20,差的要死，三斤就只有小小三根，一看重量就不够！商家还辩解说运输途中会水分蒸发，让我单独称玉米的重量有没有2.6斤，称出来只有2.2斤，后面以2.6斤的玉米净重给我退了1.8元钱。也就是说三斤的玉米最多收到2.6斤。那些评价里买了三斤玉米晒了七八根玉米图片的人肯定是**来的
19584794517,2023-08-27 20:38:37,非常不好，尖都是瘪的，一共就7穗，6穗都是瘪的，还有物流也不好，只给送到快递站，到货了还不给短信提示取货，在快递站又放了一天，我拿回来叶子都长毛了，问能不能退货，商家说生鲜不退货，只能留下了，有图有真相，大家自己看吧
19569634285,2023-08-24 18:53:26,重量不够，小还不好吃
19567651537,2023-08-24 09:27:35,此用户未填写评价内容
19567420081,2023-08-24 07:42:21,非常差，还小，以后不会再买了！
19567022926,2023-08-23 23:41:50,煮了好多次，都是这个鬼样子，不新鲜，还是在菜市场买吧
19561076170,2023-08-22 08:19:19,这个玉米一股酒味，甜的发苦。大家不要买，一股药水味
19558104993,2023-08-21 10:09:52,鲜货还是别在网上买，一不小心就酸了，
19552520717,2023-08-19 12:08:11,真是#的卖家，4个小玉米1193克，用一个305克的纸箱包装，卖家怎么不用水泥箱的包装卖，太太差劲了。差评！！！差评！差评！差评！玉米难吃
19548094156,2023-08-17 22:36:33,发霉了，包装做不好，售后处理不好，一句话就免责
19538228596,2023-08-15 15:33:49,此用户未填写评价内容
