id,time,content
20653478669,2024-04-03 14:25:30,属实有些小了，总共两斤，壳就将近占了一斤了
19852585030,2023-09-28 09:17:45,口感还行，够新鲜，要是不夹带残次品，就更好了
20643544952,2024-03-31 21:09:30,下次不敢买了，不新鲜，剥了三个，就一个稍**鲜一点
20533494732,2024-03-02 21:36:08,这是最失败的一次购物！商品太小与商家描述的相差甚远，物流慢，快递未连系客户就把快件放到快递柜里，不是说3月1号后连系客户经客户同意才可放到快递柜里吗？
20532627877,2024-03-02 18:08:15,颗粒不是很饱满。整体看着新鲜
20648970432,2024-04-02 10:58:39,此用户未填写评价内容
20633848965,2024-03-29 10:05:14,不值，3个十二块多
19766887594,2023-09-19 22:51:59,已经买了三次以上，只有这次称重了，买的10斤，到手净重少了1.1斤。客服说1斤的误差不赔偿，给我补了0.1斤的差价。，可是！按他这玉米数量来算，一斤重量等于一个半的玉米。一个半的玉米不赔，这规矩好离谱？，下次不买他家了
20197144758,2023-11-30 10:23:12,有一半都是这样不够饱满的，煮出来太嫩了颗粒都没长满，一般般吧
20320113332,2024-01-02 20:04:25,收到的3斤（5条）玉米中，有2条很差，1条稍差，只有2条是好的，而且叶子太多，剥成玉米粒就只有1小包了，够小明友吃几餐吧
20367242665,2024-01-16 09:51:30,玉米就是这样的玉米，一箱7个，这是其中四个。
20726698631,2024-04-23 19:46:59,玉米太老了，吃着有一层硬皮，只能炖汤时用了。
20677863175,2024-04-10 11:03:32,这次买的没那么新鲜，可能现在天气没那么凉，叶子黄黄的，打开里面有点烂
20323384600,2024-01-03 17:22:14,5根玉米17元，价贵！产品说明上说每根300克，足斤足两。但只有两根勉强300克，另三根差的较多
20613648166,2024-03-23 22:01:32,这批的质量不行，好多都是干瘪的，口感也就不好了
20691473897,2024-04-14 08:59:07,买了两份，一共4根，跟描述的相差很远。
20515156715,2024-02-27 09:09:14,不新鲜了，应该是年前就摘下来放冻库的，新鲜的时候应该是好吃的，现在形同嚼蜡
19958933417,2023-10-11 18:33:10,新鲜度、甜度不错，不过就是有点缺斤少两&hellip;&hellip;
20210373987,2023-12-04 09:44:33,有好多都这样，唉
20633065269,2024-03-28 23:11:51,此用户未填写评价内容
20705584068,2024-04-17 23:32:34,不是很新鲜，有点老，玉米粒不饱满，有干瘪，不太满意
20653131170,2024-04-03 12:39:10,太小，不换算，只有三个，味道可以
20367285562,2024-01-16 10:04:51,玉米包是大但是有四包有点老吃着都感觉有粉质感了
20447107211,2024-02-02 07:26:31,有点太嫩了，味不是很足，买来三两天就得赶紧吃完。
20553351957,2024-03-07 19:26:43,个头不大 口味一般 价钱不便宜
20653775235,2024-04-03 15:50:40,真的无语了&hellip;..
19809024837,2023-09-23 20:17:55,玉米又脆又甜 就是个头太小了 也太贵 觉得不太划算 没有当地实体店的便宜 当地实体店的玉米又糯又肥 两块钱一个 比这个强多了 这个才四个小玉米
20661114147,2024-04-05 18:48:53,这是太小个了，前两回挺好，
19995497122,2023-10-23 15:04:51,物流很快，保鲜膜包装，收货打开就这样，外纸盒包装差，有破损。一次不好的体验！
20395442800,2024-01-23 11:05:45,玉米太小了，口感还可以
19956253958,2023-10-10 20:50:56,不想给好评，快递走了几天，还在~放了两天，玉米还会新鲜吗？下次不买了
20718715114,2024-04-21 17:46:43,包装已破，不知分量够不够，没有电话叫收货，打开之后见里面只有两条。
20189702164,2023-11-28 00:09:58,东西还可以，就是有点小，要能稍微多一点就好了
20371009823,2024-01-17 12:04:08,有点@了吧
20274459021,2023-12-21 09:45:50,东西不好，普通玉米都不如
19995891702,2023-10-23 17:16:16,也不知道是过季节了，还是产地变了，这回的玉米很一般，不咋好吃。
20174294180,2023-11-23 15:47:17,一直购买，但这次小的比较多
20152173626,2023-11-17 20:21:21,实物与图片不符。图片漂亮，实物大小不一。好失望。
19813022955,2023-09-24 09:24:51,坏了三个，韵达快递运了三天，为什么不是顺丰
19858881605,2023-09-28 23:38:35,质量不是很好，不过是农场换的奖品就算了。
20197212789,2023-11-30 10:41:26,玉米太嫩了 没什么水分，也不甜。
19857819762,2023-09-28 21:36:15,味道还可以的，就是个头小了点
20263360661,2023-12-18 16:08:22,四根玉米，看着一般。
19858223603,2023-09-28 22:19:09,玉米比较新鲜，叶子还在，薄膜包裹着，有坏的玉米
20322419491,2024-01-03 13:10:32,第一次买了5斤还可以，第二次回购了10斤，玉米小还短，长得歪瓜裂枣的，还有坏的，和第一次买的差别太大了，看着都生气，虽然买10斤的优惠了，也不能这样糊弄吧
20313968135,2024-01-01 10:24:14,全是玉米皮，里面的玉米都巴掌大
20325159919,2024-01-04 07:46:22,一半玉米都是这种类型的，唉
20291443456,2023-12-25 16:58:14,玉米叶子和根茎比玉米棒本身都多都重，根茎留太长，基本上相当于就是买了一箱玉米根茎
19773649655,2023-09-20 10:46:33,玉米质量一般，和菜市场的有差别
19968100830,2023-10-14 18:28:08,苞米到家了，吃着不好吃，有点就像没成熟的时候，好像是有点特嫩的那个苞米那样色的水分太大，吃着不经吃。没有，我们北方的粘猫咪或者是别的苞米那么甜，好吃，这个苞米有点水了吧唧的，不中吃，再也不买这样的苞米了，谢谢，就像没煮熟的似的
20194698204,2023-11-29 15:07:35,不怎么好。玉米粒干，而且都长得是歪瓜裂枣。
19963355492,2023-10-13 08:41:01,全部去头了的，有股馊味了。觉对不新鲜
20727406485,2024-04-23 22:59:00,不好吃，价格也不算便宜，不甜，而且颗粒不饱满
19718415673,2023-09-16 18:10:23,咱也不知道里面有几个，但是拿快递的时候这么大个洞，不开心
20669955870,2024-04-08 08:45:30,昨天下午到了，今早就煮了，太难吃，不新鲜，感觉马上就要坏了
19849158882,2023-09-27 20:24:35,新鲜但不饱满！
20227426389,2023-12-09 12:44:58,这是第二次在这买。第一次买的非常好个头大。这次买的大小参差不齐可能为了凑斤数部分玉米梗还特大。物流也慢。但是包装还是可以保险膜套着
20633599798,2024-03-29 08:47:50,很失望，是一次很失败的购物
20658605000,2024-04-04 23:18:07,不太是甜玉米，口感一般
20436768002,2024-01-30 11:29:16,真的很难吃，没吃过这么难吃的水果玉米😇
20591148722,2024-03-17 19:52:42,品质真的有点一般。。。
20450344253,2024-02-02 23:51:00,味道不好，根本不甜，不是水果玉米。
20348905529,2024-01-10 16:08:55,真难吃  全是皮  一点也不甜   回来玉米皮都发霉了
20438155063,2024-01-30 17:41:54,一共三个玉米，两个中个的一个特别小个的！不好
20461331687,2024-02-06 10:14:32,说实话，不甜，难吃。
20672628928,2024-04-08 20:45:30,越来越不足量的感觉
20600836014,2024-03-20 12:54:55,此用户未填写评价内容
20257165505,2023-12-17 00:18:17,还可以？？？
20702469427,2024-04-17 08:59:33,不甜，水份不够
20191816803,2023-11-28 17:26:41,这就是所谓精选的玉米，也是在网购最差的一次。
20247098783,2023-12-14 13:44:44,包装很好。玉米不甜也不嫩
19779787090,2023-09-20 20:01:29,感觉一般，还有部分坏掉了，颗粒不饱满，像是次品
20609418318,2024-03-22 18:54:36,好小的个头
20007337183,2023-10-26 16:03:49,小、小、小
20252305191,2023-12-15 19:15:42,水果玉米不甜
20690063532,2024-04-13 18:27:19,不甜也不嫩
20337776853,2024-01-07 17:36:20,很一般
19896516276,2023-10-03 11:32:03,有坏的
20669075691,2024-04-07 21:35:24,太硬
20187669270,2023-11-27 14:09:15,不甜
19712520205,2023-09-16 09:37:16,买了很3次，之前两次体验都还不错。玉米本身没什么问题，很好吃。但是线上购物，你没办法自己挑选，那么售后就是一个很大的问题了。遇到这种秃秃的怎么办呢，客服说，给你理赔五毛吧。怎么说呢，我这次一共收到了13根，有五根比较秃，中间这个最秃。之后我还是线下买吧，希望我的评论能给大家一个参考。如果可以接受这种，平心而论，他家的玉米真的是不错的选择。
19681721405,2023-09-14 00:25:05,玉米比较小根，不如我们广东本地玉米十块三根的，大而且饱满，而且这个玉米没有甜味，很寡淡。
19676595644,2023-09-13 15:32:46,很多空瘪粒，还有坏粒，个头也小。
19676599857,2023-09-13 15:31:47,个头小，空瘪多。
19650801426,2023-09-11 13:30:57,买了2次，质量可以，今次买多些，质量就一言难尽，看图说话。
19624224949,2023-09-06 09:19:01,快递到就拿出来蒸了，但不好吃，感觉味道怪怪的，下次不会买了，还是本地莱场买好！
19614459374,2023-09-03 17:42:41,不好吃
19604149853,2023-08-31 18:59:31,玉米是每个都有保鲜膜包上了。但是对于这种蔬菜类，快递也不电话通知，直接丢代收点，三天后站点才打电话来取，新鲜都会变得不新鲜了，这么热的天。有一半的玉米我削了一点
19602735104,2023-08-31 13:17:45,一般般不好吃！
19589166776,2023-08-28 18:07:20,不好吃，水，不甜，没有玉米的香味
19581472913,2023-08-27 07:06:05,玉米时间长了，一股馊味
19577000065,2023-08-26 09:50:47,缺量严重！贷收到！玉米🌽是新鲜的！
19569915787,2023-08-24 20:00:41,我这是京东种水果兑换的，怎么跟买的区别很大，买的比较饱满，兑换的都是很小一个，不太好，建议大家不要兑换了
19564123859,2023-08-23 07:36:44,就三个，个子也很小，就是带箱子也没三斤
19558088438,2023-08-21 10:05:40,甜玉米不甜，不好吃，太嫩，未成熟。吃后感觉喉咙痛，有一点疼。三个玉米又小，3斤份不足，伤心。木有下一次。
19557330622,2023-08-20 22:19:16,只有一根是饱满的，口感还可以
19549902356,2023-08-18 14:39:11,朋友圈看到别人都有五条以上，我收到后四条有点无语😓好像也有一点坏了
19545724308,2023-08-17 12:10:29,物流时间太长，玉米外皮包起来捂的都发黑了
19523708490,2023-08-11 11:19:44,回来放了一天全烂了，直接扔掉了
19411616954,2023-08-07 19:12:59,质量不怎样。还没煮来吃。等吃了后再评论。
19402269370,2023-08-04 19:39:51,皮超级厚  扒完就这么小小的六根&hellip;新鲜确实是新鲜的，这肯定不够五斤   连箱子一起称才将将够分量  以为网购会便宜呢🤣以后还在在家附近买吧  家附近十块钱五根  比这个大
19398076704,2023-08-03 14:11:36,味道不好，像放了很久的一样，很奇怪
19397623283,2023-08-03 11:43:25,还可以
19396079556,2023-08-02 20:33:55,玉米穗外面不应缠塑料膜。似乎没有使用冷链运输。分量也很勉强。
19382949672,2023-07-29 18:20:18,数了数拍了十斤带皮总共12个，我不相信一个棒子将近一斤，看着也没多大，特别把皮一拨掉棒子更小了，感觉性价比不高，不值这个价
19362673068,2023-07-23 12:25:49,买回来蒸就有一股怪味，不知道是闷久了还是怎么
19357730624,2023-07-21 20:05:59,不咋好吃
19354679058,2023-07-20 21:25:54,太老了
19346008372,2023-07-18 10:43:50,玉米水份很大，吃不太习惯。也不甜，不太喜欢，
19345617931,2023-07-18 08:42:41,第一次买是甜的，这次买是苦的！！！店家就说是我方式不对，一直都是这样吃，味道苦了就是我方式不对？？？
19343597503,2023-07-17 15:06:21,快递到了也不讲，直接放超市存放，这么热的天，加上玉米有点发霉，有点影响心情
19342935183,2023-07-17 11:41:12,不太新鲜！ 玉米头有点发霉，煮好也有点不新鲜味道， 还有老嫩不一，有几个嫩地肉也没有！ 老点的玉米粒已经扁了！体验差
19278600595,2023-06-27 11:00:52,外观很一般，口感更差。今天早上吃了半根，实再沒法吃。
19272252193,2023-06-25 13:57:31,第二次购买，跟上一次买的差距真的好大，这次买的没有一颗是好的，要不就是坏了，要不就是憋了，目前已经吃了两颗，口感和味道也跟第一次的差距好大。切吧切吧处理一下就没剩多少了，用了大量的时间处理和储存，不划算。不知道是不是换了品种，不会再回购了。
19259414022,2023-06-21 22:46:21,顶部外皮那一段灰白色，像发霉一样味道有点重，煮起来味道发苦，没有去年秋天的好。
19254306699,2023-06-20 19:52:40,包装可以 煮了吃了 玉米🌽太嫩了 空空的
19252522108,2023-06-20 13:33:56,此用户未填写评价内容
19246549383,2023-06-19 10:55:07,叶子都发霉了，而且齁甜，和超市买的味道不一样，
19246075543,2023-06-19 09:27:52,还不知道好不好吃，不值这个价，还不管退换，忍了，以后不会这这里买了
19224465999,2023-06-14 14:00:50,太老了
19222742538,2023-06-13 23:27:34,个头小，还得自己剥开，皮外面还加了层保护膜，也不知道是做什么用的，而且这么热的天，不怕捂坏了吗？光包装就占1/3.还没煮，回头发评论
19221406258,2023-06-13 17:24:15,还有发霉的是什么情况
19213195958,2023-06-11 16:55:36,没有第一次买的好吃了
19205261271,2023-06-09 16:34:55,好多都是坏的，一点都不甜不好吃
19190372278,2023-06-05 23:02:24,还不如在门口超市买的嫩
19157336948,2023-05-28 22:05:14,味道怪怪的，不好吃，也不是很甜
19116744136,2023-05-16 14:12:51,玉米一般，没有在市场买的好
19114347395,2023-05-15 18:20:21,6个玉米，5个都是很嫩很嫩的，感觉没长大就被掰下来卖了。虽然价格便宜，但是不会回购了
19110176486,2023-05-14 12:11:09,这样你们敢吃吗？刷新认知
19107795878,2023-05-13 15:22:35,不好吃，，有一股味道，估计是不新鲜
19064566012,2023-04-28 17:21:35,很嫩，但是有的甜有的不甜，与想象中有一定差距
19055156875,2023-04-25 15:16:34,一共6个黄色玉米。每个玉米用保鲜膜包着，6个已经有4个玉米皮捂烂了，有味了，直接扔掉了。路上用了4天时间，也难怪捂烂了。包装上写着5斤，但实际连皮重2300克，即使没烂，也不够分量。不会再买了。
19052943676,2023-04-24 19:26:00,玉米用保鲜膜包着，带皮，味道香甜。但是有点不新鲜，煮完后还是有不少颗粒干瘪
19040672054,2023-04-21 07:44:22,一共有7个玉米，坏了一个，拍照看只坏了一点，但是从梗子那里还有外皮可以明显看出玉米不太新鲜（梗子发黑，外皮隔了很多层也发黑），发给客服看客服说看起来没有太大的坏的地方，说赔偿一半，我以为赔我付款的一半就说可以，还心想会不会赔太多了，结果就赔了我1.9，一根玉米的一半，没有见过这么小气的，其实那个玉米最后煮出来都发黑，味道也不好，再也不会在这里买了，感觉从外观看起来明显不新鲜的玉米也搭着卖，还只退款一根玉米的一半价格的钱&hellip;&hellip;感觉有故意以次充好的嫌疑。
18925935398,2023-03-21 19:27:33,有点老
18914530807,2023-03-19 12:37:15,有大有小，搭配卖，性价比一般
18897831374,2023-03-14 15:24:20,买过这个金银玉米好几次了 但是这次有点不太好吃 玉米很大 感觉有点老了 煮过之后玉米粒很硬 也没有特别甜 汁水没有之前嫩的充足
18824583009,2023-02-24 21:34:07,下单后，隔天就发出，出货速度快！
18805854828,2023-02-19 19:19:28,坏了一个，其它的都还行
18719117909,2023-01-23 18:18:47,按重量计算的，所以每个玉米都带了厚厚的皮，不太厚道。
18717698961,2023-01-22 17:05:06,一般化
18709154215,2023-01-18 21:38:12,该用户觉得商品不错
18683561262,2023-01-12 01:17:13,发货迟不好吃有上当感觉
18674714544,2023-01-09 22:40:27,这次买的不好吃，没有上次那个点
18661540513,2023-01-06 21:50:46,说真的我是看了评论才来买的，都说好，所以我一次性买了十斤，但是却给我发了九斤，总共15根，其中只有7根大小还可以，其余大小不行，玉米颗粒不饱满，还有一根有虫，有三根就吃不成。其次，玉米的质量一般，味道不甜，跟在超市买的水果玉米不一样。说真的有点失望。
18613591914,2022-12-27 13:16:14,不好吃
18610835844,2022-12-26 19:15:20,8个玉米，净重明显是不足的，还算新鲜
18601705802,2022-12-24 21:10:40,此用户未填写评价内容
18569668047,2022-12-19 16:49:31,有坏的！
18478982850,2022-12-05 16:43:47,不如第一次买的好 这次比第一次小  而且比第一次少
18472872927,2022-12-04 08:37:40,总共五个，有两个坏了
18448108035,2022-11-27 17:54:22,玉米是好玉米 可你這包裝太差了 收到貨時大概東西都掉了 所以不足秤
18437479244,2022-11-24 19:20:13,发货要等一个月，太慢了，个头不大
18432555069,2022-11-23 15:33:26,买的玉米被别人拿了，疫情时期不好发货，退款了
18411145720,2022-11-18 21:42:14,第一次买很满意 复购收到后大变脸。个头小多了，也不甜。不会再买。
18383484837,2022-11-13 21:09:14,不甜 没有什么水分 还很个
18350196821,2022-11-08 10:39:55,玉米有的颗粒挺大的，有的都贬了，外包装挺差的。给个中评吧，希望在外包装上不要再被压坏了，挺不愉快的，这里面剥开有的挺好吃甜，有的一点味道也没
18346966636,2022-11-07 17:40:09,东西相当一般，颗粒不饱满，又口感一般，非常不满意，绝对不会再购
18339078329,2022-11-06 10:56:48,可能放得久了，有颗粒干瘪，还没吃，不知道味道
18336145527,2022-11-05 18:54:22,不太满意，太嫩了，吃这就像一包水
18332913542,2022-11-05 08:24:30,不太好，而且吃了后甜，像是加科技了
18315326800,2022-11-01 22:54:00,该用户觉得商品不错
18297598988,2022-10-29 09:09:53,玉米小，味道一般，不算好吃
18289644569,2022-10-27 17:53:38,甜玉米，一点都不糯
18217511067,2022-10-15 23:28:01,玉米属于没有成熟的那种不大不小的玉米 质量一般般 不建议购买
18193816996,2022-10-10 20:17:01,五斤八个，带皮一起一个个称都没有五斤！卖家一直说有五斤，怪称不好！
18175953857,2022-10-07 08:14:01,玉米质量不行，不会再回购了
18160467712,2022-10-04 07:39:02,玉米比较小，有好几个上面的玉米粒好多都是干瘪的，品相不是很好，不好吃，买这一次不会再回购的，有好几个玉米都是像图片所示是干瘪的，一个坏的，不推荐
18158742422,2022-10-03 21:39:00,跟普通的玉米差不多，感觉不如我在超市买的，个头不大，也不是很甜，快递慢，等了一个多星期，而且包装很简陋，感觉不是很值。。
18154924992,2022-10-03 08:53:59,此用户未填写评价内容
18136563365,2022-09-29 11:22:11,没有第一次买的甜
18127874721,2022-09-27 17:10:16,玉米太小，只有一手长，而且不饱满，不会回购
18125623765,2022-09-27 09:15:52,很差，没一个好的
18115956584,2022-09-25 12:35:31,玉米实在太小了，而且颗粒不饱满，并不比本地市场里的好，大家谨慎购买。
18114405659,2022-09-25 05:33:36,甜，但是瞎苞米多。本来苞米就不大，去掉两头瞎粒子就没多少能吃的了。
18113838851,2022-09-24 23:33:04,不咋新鲜，味道一般
18100837594,2022-09-22 14:38:24,一般般，个头小，不是很甜
18074303497,2022-09-17 13:11:21,一般吧。不是很甜。
18032789146,2022-09-08 08:41:07,又老又不甜，确实不好吃
18012691117,2022-09-04 11:40:37,发货极慢，下单10天才发货，夏天发到秋天，物流运输时间只有3天，收到的却有一半都发霉，开箱就巨大霉味，这部分也不能吃了。客服沟通流程复杂，也不指望拿几块钱退款，下次不买就是了，浪费时间，个别直接有虫了。剥完挑了一根看起来完好的尝了下，又老又柴，不知道是不是过季节了，总之难吃，跟7月买的完全不能比
18001779595,2022-09-02 11:11:22,感觉不新鲜，有股酒精味
17986816845,2022-08-30 12:35:54,整体还行，但是有发霉和虫子。懒得拍所有的了
17971226456,2022-08-27 09:12:27,味腐鹿道还可以，包装挺好。就是玉米浪费很多，包括外面壳及上面一段颗粒不包满。
17950850949,2022-08-23 09:43:09,刚掰开第一玉米就是个这样的，希望商家发货前认真检查
17942440141,2022-08-21 16:30:08,第一天还行，越往后吃越恶心。跟人家学减脂餐拿它当主食是疯了
17935915082,2022-08-20 08:48:56,半个月过来评价的。，凡事就怕比较。味道可以，挺甜，但是颗粒不饱满，扁颗粒很多，30块10个，合下来3块一个。，昨天超市里买的甜玉米2块一个，个头还大，每一个颗粒都是鼓鼓的呢，也很甜。网上这个真心不推荐
17897976682,2022-08-11 11:25:12,个小
17881447446,2022-08-07 09:30:40,买了很多次 这次最最差 重量不够 个头小不说 还有烂的 空心的 不会再买了
17869391718,2022-08-04 08:05:51,这是第二次买，太干，没有玉米味
17815287742,2022-07-23 12:34:29,商品收到了太差了。都开始干了
