id,time,content
20376428590,2024-01-18 21:07:47,果小   口感也不好👎    把赣南脐橙的招牌都给砸了
20376398520,2024-01-18 21:01:09,产品已收到      不想说话的那种   太不满意了
20376421008,2024-01-18 21:06:06,果根本不达标   那么小    不要上当
20376411657,2024-01-18 21:04:07,不好👎    不会再买了   太次了
20716613269,2024-04-21 07:39:00,不好吃 几乎九成没有水分 部分有水分的有完全不甜 太差了
20509664168,2024-02-25 17:16:47,过期食品，味道都变质了还拿出来卖。
20750426175,2024-04-30 08:41:03,此用户未填写评价内容
20741568726,2024-04-27 20:16:32,此用户未填写评价内容
20686215283,2024-04-12 16:32:08,不新鲜，都是软绵绵的
20614067696,2024-03-24 01:46:20,口感一般 不好吃 不新鲜
20583525629,2024-03-15 17:44:37,这橙子放了很久的，口感极差
20120728261,2023-11-11 20:06:37,无语，好不好吃还没吃不说，拍的3斤  只有小小们7个果，连纸箱才2斤一两右右   笫一次遇到这种
20221580558,2023-12-07 15:37:28,皮太厚，橙子全是厚皮，个头小，不好
19816223846,2023-09-24 17:04:42,此用户未填写评价内容
19568754936,2023-08-24 14:55:46,此用户未填写评价内容
19794847341,2023-09-22 18:21:31,此用户未填写评价内容
18651164109,2023-01-04 16:43:18,好酸啊。。。第一次吃那么酸的&ldquo;赣南脐橙&rdquo;。感觉不像，往年都吃好多箱，在朋友那里买的都很甜，看来不能图便宜&hellip;&hellip;
19779932139,2023-09-20 20:16:57,买一单，n个莫名其妙的评价，那就差差差
18084886466,2022-09-19 15:06:13,还没成年就拉出来工作了这是，十斤柚子八斤皮又酸又涩
19774711943,2023-09-20 12:19:20,此用户未填写评价内容
19578000843,2023-08-26 13:36:17,没有收到！不知道什么原因？！
19760756921,2023-09-19 13:47:40,此用户未填写评价内容
19635102525,2023-09-08 11:50:29,此用户未填写评价内容
18111957829,2022-09-24 17:08:55,坏果很多，口感特别酸，本来打算买给我家宝宝吃的，我自己吃着都很酸，宝宝更不能吃，售后也不好，不会再购买第二次
18702730216,2023-01-16 22:45:17,带箱子4.9斤，说明是五斤，我不认为这是合理的，客服认为合理。
18953276418,2023-03-28 14:17:55,水果一点都不新鲜，一看就放很久了
18255524867,2022-10-21 20:28:41,产品差，服务差
20308481998,2023-12-30 16:31:07,不好吃不新鲜
18114960005,2022-09-25 09:27:41,不好，买两个哈密瓜烂掉一个
18167293515,2022-10-05 13:35:12,此用户未填写评价内容
18101857397,2022-09-22 17:57:13,此用户未填写评价内容
20717491400,2024-04-21 12:09:58,太难吃了，
18231030747,2022-10-18 13:09:30,此用户未填写评价内容
19574248396,2023-08-25 17:46:48,水果全烂了，
17656792289,2022-06-18 22:00:39,此用户未填写评价内容
20702279955,2024-04-17 07:30:27,不太新鲜
20675871654,2024-04-09 18:38:48,我买的明明是85-90的大果，收到货后根本就不是大果，包装也很简陋，只有一个纸箱，连泡沫板都没放，剥了一个橙子，口感一点都不好，果肉不但不甜水分也不足，我一般不给差评，这次的水果品质太差了，希望京东的品控服务要跟上。
20633612359,2024-03-29 08:52:50,买的80&mdash;90果，发的50&mdash;60，联系客服，尺寸拍照都发过去了还要一个个数出来报过去数量，核实后一箱退3元，费那么多时间就为那3元，留着吧，再送你一个用京东十几年来的记忆中的第一个差评
20195877434,2023-11-29 20:31:37,果子很甜，但是因为我今天买的是大果，发过来都没有我这个订单的中果大，我必须给差评
20195880137,2023-11-29 20:32:36,差评，客服态度差，再好的果，如果服务跟不上也是差的
20708626524,2024-04-18 20:45:22,差评差评！！！，不新鲜！一股霉味，酒精味，明显是不新鲜的。
18069076011,2022-09-16 10:03:01,差评，太失望了
