id,time,content
20634956202,2024-03-29 15:13:54,不要现在买，没水分也没味，难吃。
20610712307,2024-03-23 08:15:44,第二次买了，没有第一箱大。
20614612354,2024-03-24 10:01:14,甜度不够 有点干了 水份不足
20583391556,2024-03-15 17:07:04,果子还挺大的，味道不怎么样
20449465465,2024-02-02 19:33:44,不错不错，不可以的。
20268987607,2023-12-19 20:27:13,这不是真的赣南脐橙，因为吃过朋友从江西寄过来的，有对比才能吃出来，慎买
20536356629,2024-03-03 17:10:45,不甜，很酸，果挺大的
20513705944,2024-02-26 19:00:55,相比于介绍和预期，只能说太一般，果不大，新鲜度差，一半的果明显手感软。而且，二十几个橙子直接扔在纸箱里，完全没有填充固定隔离！龟速的物流可以想象果子们之间如何碰撞折腾，到我手里能好吗？
20540127097,2024-03-04 15:39:11,橙子很不新鲜，一股霉味，谨慎购入！！
20270464981,2023-12-20 09:27:44,个头还行，但是很酸。
18464005173,2022-12-01 20:55:54,看着助农馆才买的，但是真心不好吃，四斤多价格也不算便宜，但是一点也不甜，而且特别小，很酸，喜欢酸的可以入手
20240710734,2023-12-12 20:53:52,个头挺大的就是水份不是很足还是小一点的好吃
20313192421,2023-12-31 23:05:49,一点都不好   口感不好    还很难看
20313199321,2023-12-31 23:07:31,口感不好   卖相不好   有图有真相
18731541588,2023-01-29 20:31:41,虽然便宜，橙子口味一般
18708190725,2023-01-18 16:47:31,非常地酸，不推荐。
20679966378,2024-04-10 20:49:38,十斤里面有五斤是不好吃美味的感觉臭的 不会在回购
20746393888,2024-04-29 05:31:57,水分不太足，口感也不甜，这个季节的原因？
18464008118,2022-12-01 20:57:02,看着助农馆才买的，但是真心不好吃，四斤多价格也不算便宜，但是一点也不甜，而且特别小，很酸，喜欢酸的可以入手，还买了两份😂
20522642982,2024-02-29 09:49:58,水果香味有一种说不出的感觉。
20464417673,2024-02-07 10:39:10,不好吃，小小个，还酸
20268502368,2023-12-19 18:38:34,买了2箱，外表看挺好，实际皮厚没水分
20240435565,2023-12-12 19:58:03,外形美观，物流很快，甜度不够
20264369967,2023-12-18 19:51:45,皮厚，没水分，表面看倒不错
18458064989,2022-11-30 11:38:13,没有对比就没有伤害，两次收货大果差别
18411102003,2022-11-18 21:31:13,外表很好看，可是超级无敌酸！！！！！！酸到吃不下那种
20143289365,2023-11-15 20:02:39,不好吃啊
20226156377,2023-12-08 22:37:29,不好吃
