id,time,content
20724684373,2024-04-23 10:42:45,此用户未填写评价内容
18931092693,2023-03-22 19:50:30,缺斤少两，包装粗糙，中间少了一亇苹果
18986933944,2023-04-04 14:17:26,果不新鲜，且品相美。
20253143420,2023-12-15 22:52:20,不是真的奶油苹果。假的
18814886222,2023-02-21 21:57:56,看上去很漂亮，就是不知道有什么黑科技，没有一点苹果味道，咬不动，还又涩又酸没法吃。一个多月了，还很新鲜的样子
20115052408,2023-11-10 20:47:35,以后都不会来京东买东西了
17553383772,2022-05-29 13:45:11,品相就这样，口感没有一丝甜味，京东N年，第一次对商品不满意。
18755176908,2023-02-06 09:46:39,"年前发的,到年后才发,还和第一次买过的不一样,这次明显差多了,不论大小和味道"
18881687002,2023-03-10 21:21:50,客观评价，不是正经的奶油富士，吃起来像没嫁接好一样。苹果瓤是白色，完全虚假广告。
17563652089,2022-05-31 20:54:17,小点无所谓，主要是真难吃。大家谨慎购买！！！
18788896339,2023-02-15 18:56:08,像***老树桩子，咬也咬不动，真上当
18594973073,2022-12-23 16:00:44,理赔二十天了，一直没有反应，几元的理赔，是不是要催促几年呀？制度规定24小时以内，完成理赔。都20天了。
17565711442,2022-06-01 10:59:54,此用户未填写评价内容
18686297786,2023-01-12 18:53:52,还不如黄元帅好吃呢  还特别小
17182415071,2022-02-26 20:22:57,味道一般，还差了一个
18800891002,2023-02-18 19:54:51,没有图片那么好，感觉被骗了，不要买
18693763787,2023-01-14 17:02:55,不甜，不好吃，发色，谨慎购买，与描述不符
18898659036,2023-03-14 19:48:59,太小，没奶油富士的香气
17530608880,2022-05-24 09:07:55,很失望，坏果有赔付
18849189521,2023-03-03 22:05:33,此用户未填写评价内容
18555210764,2022-12-17 14:25:31,此用户未填写评价内容
18431833320,2022-11-23 12:35:31,苹果跟他们介绍的不符，很酸，还不给退货
18619974484,2022-12-28 21:38:59,苹果不是奶牛富士
18581914221,2022-12-21 10:21:38,此用户未填写评价内容
17815659360,2022-07-23 14:15:31,真差，一点不新鲜，烂
17458143699,2022-05-07 11:25:57,不甜不爽，不好吃
18659050133,2023-01-06 12:28:06,真的很难吃
18916097086,2023-03-19 16:14:53,差评差评，发货速度不快，中通快递货到，不送，压的两天不送，还给在不知情的情况下给签收了，我问客服回答说中通快递不送，要自己到自取，我非常不理解什么时候开始可以不送，叫用户自己上门取？
