id,time,content
20561295781,2024-03-09 19:50:51,快递速度可以，苹果个大质量优，不过没有那么多的水分感觉，总之还不错，脆甜可口，好评吧！快递速度可以，苹果个大质量优，不过没有那么多的水分感觉，总之还不错，脆甜可口，好评吧！
20595002618,2024-03-18 20:05:50,还行吧，虽然个别看相不是很好，但口感还不错，可以接受，比较脆甜，第一次买这种苹果，不过跟百果园的黄金维纳斯还是有点差距的，这个价格也还好了。
20551582116,2024-03-07 12:04:30,好吃嘞，脆甜脆甜的，特别好吃，就是开箱少了两个，不知道是不是果子大，重量够了机，数量就少了，总之满意
20603716055,2024-03-21 09:17:10,苹果发货很快两三天就收到了，第一次买这种苹果，苹果不酸，比较脆，甜度合适，汁水丰富，家里常年爱吃苹果，对口味比较满意，可以推荐，可以回购。
20573156104,2024-03-12 20:50:36,店家的苹果酸甜脆，如吃到爆棚，第一次吃这种苹果，太好吃了，问大家推荐，希望每天都能吃到这么可口的苹果，在感谢种果人和店家，这是一次非常好的购物体验！
20444629108,2024-02-01 13:46:05,期待的哦烟台苹果收到啦，确实口感好，淡淡的奶香味，淡淡的甜度，淡淡的酸度，融合在一起。下次还会复购的。客服态度很好，耐心的解答物流问题。这个物流留的是虚拟号，所以驿站没法通知道客户。
20307953225,2023-12-30 13:54:47,苹果外观很好，看着也新鲜包装也好没有破损比水果店实惠，就是吃起来酸甜中带有一股外包装中的胶水外，用专业清洗水果的洗洁精削皮都没用！难以下咽
20151889580,2023-11-17 19:14:23,原产地发货，正宗新鲜，速度可以解释，包装结实，没有坏果，苹果🍎尺寸跟描述一致，买给老妈老爸吃的苹果，京东一路既往给力。
20232677947,2023-12-10 20:23:13,苹果收到了，卖家发货飞快，包装也好，没有烂果，也没有磕碰的。苹果的口感脆甜，多汁，味道好极了！这么好吃的苹果在超市里是买不到的。吃完再来，希望一直有货。
20426820142,2024-01-27 16:14:06,苹果很好吃，果形圆润饱满，没有歪瓜裂枣，没有坏果。口味清甜，香气清幽，买来之后就一咔咔一顿炫，没两天就吃完了，还会复购的产品
20407667807,2024-01-25 00:18:05,苹果品相好，个头儿大而均匀，外表干净。包装细致，防摔放擦碰，很少有磕碰划痕。汁水足且甜，不酸不涩，果肉软硬适中，有淡淡的黄香蕉苹果香气。卖家发货迅速，快递高效，总体性价比很高。以后还会购买。
20405652037,2024-01-24 18:46:59,东西到了。吃了一个有点酸。建议新买的时候先不要吃，让它放十多天。然后就很好吃了。可以值得大家尝试一下。
20403804397,2024-01-24 13:59:31,💚赶上做活动的时候买的，这个价格一分钱一分货❤️，从外观看很美💙，材质做工都不错💜，感觉买值了，还有物流超级快，点赞！货收到后就拆开用了，质量很好，东西和官网买的没区别！
20389743673,2024-01-22 14:31:17,苹果肉质细腻、果香浓郁，果子汁多，甜甜的略有点酸，好吃😋京东商城购物方便快捷，质量有保证。物流也很快赞👍👍👍推荐
20376825204,2024-01-18 23:08:08,这件果子肉质细腻，果香味很浓，而且很新鲜，脆甜多汁，比较其他的红苹果好吃很多。家里连接入手，保障全家人每人每天一个享用。
20372497995,2024-01-17 19:28:13,这次是回购，因为好吃。苹果的口感脆甜多汁，越放越好吃。卖家发货飞快，包装也好。苹果有大有小，个头不均匀，但是味道非常好吃！
20255360938,2023-12-16 15:13:04,黄金奶油苹果收到了，口感非常好，又脆又甜水份又足，味道也特别正， 苹果包装很好，到货没有破损，里面泡沫袋加泡沫箱，物流很快，吃完后再来回购。
20196036362,2023-11-29 21:16:30,黄金奶油富士🍎苹果收到了，一个个都很大，也很黄，看上去很新鲜的样子，味道也不错，价格也比较便宜的，还有比较满意的。好！
20189117490,2023-11-27 20:41:01,发货超级快，到货超级快，包装很精致，真的是开启了新世界的大门&hellip;&hellip;凑单买的，没想到质量跟专卖店一样，特别特别喜欢，而且价格优惠💚赶上做活动的时候买的，这个价格一分钱一分货❤️，从外观看很美💙，材质做工都不错💜，感觉买值了，还有物流超级快，点赞！价格实惠，质量杠杠的，非常好的一次购物，下次还来
20183238205,2023-11-26 09:51:13,苹果收到个都很大，味道很甜，没有坏果 ，一股奶油味，家里大人，小孩都喜欢吃，是喜欢的味道。强烈推荐可以购买，真正的黄金牛油富士。
20316095690,2024-01-01 19:48:11,这个黄苹果还是不错的，虽然没有实体店买的那样好吃，但是也酸甜可口，脆甜，个头也大，份量没问题，水份也很足，孩子也爱吃，总的来说满意。
20433335719,2024-01-29 12:47:19,包装完好，是经过冷藏的，还挺凉的，苹果个大，口感不错，是朋友推荐给我的，我分享给朋友了，吃完再来购买
20365958496,2024-01-15 19:38:07,苹果收到了，发货快，送货也快，比预估的提前两天到，打开箱有一股浓浓的苹果香，洗干净尝试一下，还是蛮香甜可口的，大人小孩都喜爱吃。
20352323749,2024-01-11 16:36:35,这个黄苹果虽然没有维纳斯黄金苹果甜但还是可以的，也酸甜可口，脆甜，个头也大，份量没问题，水份也很足，总的来说满意。价格适中。
20340346838,2024-01-08 12:43:04,商家发货速度很快，下单后很快就收到了。外包装很好，收到时一个坏果也没有。苹果个头不是很大，口感相对还不错，脆度，汁水也还可以，甜度稍差一点，这个价格总体来说还不错
20339788946,2024-01-08 10:21:18,已经收到快吃完了，看着价格挺合适的就下单买了一份，吃着口感就那样了，没有想象中的好吃，个头不是很大，比较均匀，图片上大的那个是外面买的，包装完好无损。
20075700931,2023-11-02 17:38:06,还不错，赶在我出门前送到了，苹果看着挺好的，均匀大小，明天品尝后再来评价，希望能和我最早吃的黄金富士苹果差不多👍👏👏
18652376710,2023-01-04 20:15:54,收到货后试吃了一下，很不错，不是脆苹果，绵绵的适合老人和牙口不好的人群享用。质量很好，值得拥有！五星好评！物流是真慢第三方的是真不如京东自营的快递啊！
18785286419,2023-02-14 17:41:27,缺斤短两
18642650182,2023-01-02 20:52:46,奶油苹果已经收到了，这个价格还是很划算的。经济实惠，物美价廉，质量非常好，跟卖家描述的完全一致。非常满意，完全超出期望值，超级划算，性价比高，购物比实体店便宜多了，很满意的一次网。希望卖家生意越来越兴隆，也很快，包装很结实。还在犹豫的朋友赶紧下手，良心推荐，真的很不错，性价比也很高，以后还在这家买。
20677361715,2024-04-10 08:42:49,苹果很好吃，以后还是会回购的。
20676046018,2024-04-09 19:25:55,个头大，水分足，口感很满意。
20623302118,2024-03-26 13:53:42,个头挺大的，物流也很快没有坏果的！
20618845598,2024-03-25 11:25:25,这款苹果真的很好吃，脆脆甜甜的，水分还多，多次购买了
20564955439,2024-03-10 18:54:46,太棒了，哈哈，太好吃了，哈哈，哈哈
20536713248,2024-03-03 18:31:24,第一次买这家的苹果，很好吃，脆甜多汁，甜度刚刚好，老人孩子都很喜欢吃
20535770036,2024-03-03 14:47:18,奶油苹果收到了，真的很好，脆脆甜甜的，无愧这个名字，黄金苹果。
20449723130,2024-02-02 20:38:17,非常好吃，又大，又甜，又脆，很棒。
20445161340,2024-02-01 16:13:35,口感特别好，水还特别多！超棒👍🏻！
20356345736,2024-01-12 20:39:52,买了四箱，特别好吃，水分足，脆甜，好吃😋
20327382547,2024-01-04 18:10:45,苹果很脆，挺甜的，还会回购的。
20271413862,2023-12-20 13:14:51,这么远运过来质量还是很好，8个大果，物美价廉。
20256366021,2023-12-16 19:38:34,苹果果子大小还不错，口感也相当不错，很喜欢吃
20195703771,2023-11-29 19:44:24,第三次购买，苹果个头大是自然成熟的甜度高很好吃
20188489869,2023-11-27 17:46:50,奶油苹果很好吃，希望以后有优惠活动
20152193027,2023-11-17 20:25:55,太好吃了！刚刚又买相
20105374730,2023-11-08 19:27:44,真的很好 8个，大小均匀。
18890713214,2023-03-12 21:46:59,这个黄金奶油苹果买过几次好了，口感非常不错，脆甜水份足，还有点青梅的清香味。，苹果包装挺好的，泡沫袋加泡沫箱，物流也正常 一般三天时能收到，吃完后再回购。
19039522292,2023-04-20 18:22:25,送货快，包装结实专业，很新鲜的果子，个头均匀脆甜，汁水足成熟度高，带有黄苹果的特有香气，小时候的味道很喜欢，全家都能共享的水果。
18518214776,2022-12-12 18:12:36,很好吃，味道很不错，发货速度也很快，价格很优惠，拿回来以后就吃了一个，很香很脆，有点酥，个人感觉比红苹果好吃，下次买点大果回来尝尝。
18671721242,2023-01-09 11:45:57,就是黄冠苹果，换个高大上名称而已。
18456376696,2022-11-29 20:57:48,非常喜欢的苹果，气味芬芳，又脆又甜，非常好吃的黄金奶油苹果。这时候买的非常新鲜。五斤买少了。过几天吃没会再接着买。非常满意。
18974761707,2023-04-01 18:44:37,很好，个很大，一共七个，会回购，水汽大，酸酸甜甜
18970198068,2023-03-31 20:47:50,质量非常好，口感甜脆，满意！！！！！！！
18968891686,2023-03-31 13:20:02,收到苹果个头很大，水份足，很脆甜
18937756640,2023-03-24 16:42:26,个头不小，口感很好。值得拥有
18922568541,2023-03-20 21:40:44,很还吃的苹果，酸甜口，老少皆宜，值得购买值得推荐
18922484288,2023-03-20 21:16:23,物美价廉，好吃，值得购买
18906395145,2023-03-16 19:54:56,每个平果大小均云很好吃
18906173533,2023-03-16 18:45:30,味道不错，很好吃，发货时间好长哦。
18906014384,2023-03-16 17:52:31,价格合适苹果很新鲜好
18902284240,2023-03-15 18:25:04,物流速度很快，苹果酸酸甜甜很好吃。
18859874591,2023-03-05 19:00:18,很好吃，脆的，孩子喜欢吃！
18845171976,2023-03-02 17:44:03,收到了，很好吃😋，真心不错👍👍👍。
18817309823,2023-02-22 17:39:49,苹果很好，发货速度快！好卖家！
18804894395,2023-02-19 16:16:19,在朋友家里面吃过一次，有苹果的清香味，还很甜，还有些脆，感觉很好吃，在京东搜索了一下，选了这家的，苹果的外包装很好，一共7个，个头蛮大的。
18800221847,2023-02-18 17:49:16,快递给力挺快到了。包装完好无损！打开真棒奶油苹果新鲜个大！物美价廉，吃完再买。
18795927904,2023-02-17 17:08:06,很好，个头均匀，新鲜，保装严。甜脆。会回购。
18785427002,2023-02-14 18:24:26,很快就收到了，包装很好没有坏果，很新鲜的苹果，喜欢放置发黄了再吃。
18770276046,2023-02-10 17:01:46,京东自营购物放心，送货很快。 经济、廉价、质量非常好，和卖方说明的完全一样。 我非常满意。 购物比实体店便宜多了。 我对网上购物非常满意。
18749964149,2023-02-04 16:17:04,苹果很好吃，爽脆、清甜，还有点酸酸的味道，口感很好，买了两次，很值得品尝。，发货也很快，都是在春节前及时收到的，很值得购买。
18747413916,2023-02-03 21:06:34,黄富士大苹果收到了  很好吃的  特别的香甜  皮薄核小都是肉  份量也很足  包装特别好  没有坏的果子  物流也很快  给赞
18746337650,2023-02-03 15:43:29,物流速度很给力，过年没有回去，没有办法给老人家买米面粮油，用京东很安心。送到家门口，给老人家省心省事了很开心的购物。值得信赖。
18733721103,2023-01-30 16:47:09,又大又甜的奶油富士苹果，特别新鲜，放了几天面甜有香味，特别好
18719308641,2023-01-23 20:33:01,很好吃挺不错的下次还买
18704770891,2023-01-17 16:15:48,苹果非常好吃，香甜，喜欢这种淡淡香蕉味儿的苹果，包装也好，个儿大水分足，没有坏果。价格也便宜，超市一斤都八元左右，吃完再买。
18698523782,2023-01-15 20:35:21,苹果收到了，没有损伤。这个价格还是挺不错的，关键是味道很好，脆甜多汁。苹果很新鲜，闻着很香。全家人都爱吃，每天吃一个，还会回购的。
18686624093,2023-01-12 20:04:25,岽山山东  烟台栖霞 黄金奶油 富士苹果 新鲜水果 奶油苹果 白苹果 每个苹果很新鲜 苹果水分很大 口感很清脆 很好吃。
18683096747,2023-01-11 22:05:46,苹果很好吃，脆甜可口，全国的苹果，山东富士，洛川的果，阿克苏的果，还是非常到位和有特色的，这几个一直在购买，喜欢，物流有点慢，！你！
18666630785,2023-01-08 09:03:37,山东烟台栖霞黄金奶油苹果包装很好，质量也不错
18665580267,2023-01-07 21:17:32,苹果很好吃，和描述的一样，汁多香甜，特别爱吃，还会回购的
18645120489,2023-01-03 13:22:05,非常新鲜，跟树上摘的一样
18643196805,2023-01-02 22:26:12,果子挺大个的，香味浓郁，酸甜适中，挺好吃的，物流很快服务态度很好，商家服务挺好滴，值得推荐购买，价格也是可以的，不算贵，质量很好
18608856688,2022-12-26 13:09:13,包装很好，苹果很香。我喜欢
18542490678,2022-12-15 21:13:24,黄金奶油富士苹果非常好，香蕉味的，吃起来棉香可口，吃一口还想吃一口，实在让人回味无穷。包装好，而且没有坏的，是一次非常满意的网购。
18502947166,2022-12-10 09:05:28,苹果收到了，很好吃，甜水份挺多了，价格便宜实惠，值得购买哦，
18500611054,2022-12-09 18:12:38,奶油苹果收到，包装很好，物流也很快，苹果大小均匀，没有坏果，品相不错，性价比高，经济实惠，质优价廉，以后还会再来，五星好评
18499050803,2022-12-09 12:53:32,已经连续买了好几次了，味道真不错，酸酸爽爽催催，很符合我的口味，同事们都说好吃。包装很好，保护到位。物流也很迅速，总之是满意的购物。
18490846799,2022-12-07 15:13:47,这个苹果好吃 很香 又脆甜 脆脆的口感 真的好好吃 我觉得比红苹果好吃一点 吃完再回购啦 推荐给我的朋友同事们 让她们也尝尝
18472874014,2022-12-04 08:41:12,自己买了一次，脆甜又略带酸味，很喜欢的味道，同事们都说好吃，他们自己又买了，他们的家人吃了也说好吃，又不是很贵，大家都很开心。
18469011373,2022-12-03 09:38:00,水分充足，好吃，物流也很快哦，价格便宜实惠，可以购买哦！！！
18446880314,2022-11-27 12:28:30,包装很好，果子还不错
18443424550,2022-11-26 12:41:28,疫情下发货算快，一箱9个，没有坏果，果有大有小，爽脆甜带一丝果酸，不错。比其他店价格便宜，而且包装很好，没有损坏。己再回购。
18435674165,2022-11-24 11:35:27,店家发货速度很快，快递小哥送货也及时给力。，苹果很新鲜，个头大小均匀，口感酸甜多汁，香味十足。没有坏果，赶上活动，价钱划算。
18315104475,2022-11-01 22:05:07,首先说包装，泡沫箱包装的，寄过来一个都没有坏，外表完好。再说味道，有点果酸味，吃起来酸酸甜甜的，口感很不错。最后说价钱，对比重量和质量，算得上物美价廉
17413913446,2022-04-26 12:32:41,一次很好的购物体验，服务周到，物流快速，配送也很周到，态度也很好，物有所值啊，果断好评！一直都很喜欢吃这种奶油富士，这个果子大小正合适，看着很新鲜！物流很快！
17632667873,2022-06-14 13:17:23,买过很多次的店 苹果水分多汁 也很脆 分量足 物流速度也很快 和卖家描述相符 很满意 包装仔细严实 没有坏果 满意的一次购物
17615187278,2022-06-11 08:47:08,包装完好，苹果汁多味香，适合老人，孩子吃非常棒。
17605746029,2022-06-09 09:52:24,妈哟！太棒了！我这被疫情影响的到北京一个多月的苹果完好的到了，也不知道东西好还是顺丰牛还是我运气好，应该是都有！非常感谢！
17595386892,2022-06-07 08:49:08,这黄苹果不错，挺好吃的。和之前的品质虽然不一样，还是很赞的，个头不大，味道还不错的，没啥坏的，这点也是很满意的，现在都京东买东西。
17590092439,2022-06-06 08:42:13,又甜又脆，太好吃了，准备在购一箱
17554030308,2022-05-29 16:15:41,很新鲜，味道酸甜，冷藏之后更好吃！
17528278984,2022-05-23 16:26:12,太好吃了，吃完忘记拍照，准备再下单一箱
17527549861,2022-05-23 13:49:45,第一次订购，开箱后有很浓很苹果香味道。发货快！
17501117468,2022-05-17 07:18:43,一次不错的购物体验 苹果汁水很多 很甜
17499401362,2022-05-16 17:52:39,包装很好，个头均匀，看起来不错
17490293020,2022-05-14 14:55:08,一箱总共十一个，大小均匀。因为疫情在市集散地待了一个多星期，收到货居然还很新鲜呢，吃起来口感脆甜，水份很足，很不错吃完接着买！
17488541111,2022-05-14 06:56:09,很好 一个坏的都没有
17470945736,2022-05-10 09:06:11,这个苹果酸甜可口 还很脆 很喜欢吃 今年第一次尝试
17433471272,2022-05-01 11:36:32,发货快，质量好，5斤一箱共11个苹果，黄皮脆甜，味道不错，物有所值，五星好评！
17378685988,2022-04-17 20:58:51,不错味道符合预期，感觉很好，物有所值
14057689343,2020-04-20 17:03:01,包装得很好一个都没有损坏    到家就迫不及待的吃两个   水果口感很脆很甜
14045418688,2020-04-17 17:03:57,山东烟台栖息金黄奶油富士苹果已收到。非常新鲜，分量十足。水分充足，个大圆润，饱满多汁。脆甜爽口，美味可口，非常好吃。非常喜欢，非常满意，下次还会再光顾的，物流也很快。
20518872579,2024-02-28 09:24:36,嗯，买了好几次了，确实很好吃，这一款水果水分多，而且甜，比那个红富士要好吃，我们全家都特别喜欢，现在我都不在，嗯市场买都是在这里买，全五星好评。
18965709616,2023-03-30 17:33:57,这个黄金奶油苹果买过几次好了，口感非常不错，脆甜水份足，还有点青梅的清香味。 苹果包装挺好的，泡沫袋加泡沫箱，物流也正常 一般三天时能收到，吃完后再回购。
18990158252,2023-04-05 09:27:13,质量非常好，口感甜脆，满意！！！！！！！！！！！
18849839063,2023-03-04 08:34:19,好吃，很脆甜！
18749966130,2023-02-04 16:17:24,苹果很好吃，爽脆、清甜，还有点酸酸的味道，口感很好，买了两次，很值得品尝。，发货也很快，都是在春节前及时收到的，很值得购买。
18499051706,2022-12-09 12:53:50,已经连续买了好几次了，味道真不错，酸酸爽爽催催，很符合我的口味，同事们都说好吃。包装很好，保护到位。物流也很迅速，总之是满意的购物。
20690472215,2024-04-13 20:44:25,常在京东买东西，订单太多，不想每个产品都写好评，所以特地写下这个模板，以前不知道评论可以涨积分，现在才知道好评的重要性，妥妥的每条都来评论下，转积分，下次还能抵现金用。评论80个字以上，可以得到20个京豆，我无论买什么东西都会把这段话复制粘贴下凑够字数。这是第N次在京东买东西了，东西便宜而且质量好，物美价廉，买的放心，用的开心，感觉都买上瘾了买买买根本停不下来，东西东西品种多而且特别全，划算方便，而且实惠，包装很好，而且没有任何损坏，会一直支持下去的，服务好，售后处理好
20748382189,2024-04-29 16:25:25,果大，水分很足，酸酸甜甜，是我喜欢的苹果
20732239829,2024-04-25 11:11:10,很不错
20728159216,2024-04-24 09:28:09,物流快，很甜，没有坏果，值得购买，会再次购买
20726166386,2024-04-23 17:23:53,苹果很甜，多汁可口。分量很足，包装精美。物流很快。强烈推荐大家购买。
20712878895,2024-04-20 02:36:56,苹果很好吃 很大 也甜
20701549245,2024-04-16 21:23:17,物美价廉服务态度好，水果味道好，果断的又下了一单
20699664750,2024-04-16 12:38:32,超级好吃，连挑剔的家人也点赞，已回购
20699663054,2024-04-16 12:37:33,果甜多汁，又不太硬，超级喜欢，又买了一箱寄给孩子。
20685158480,2024-04-12 11:24:52,苹果很好，非常满意，谢谢店长，实实再再苹果很大很好吃
20663477891,2024-04-06 13:29:42,苹果很香很新鲜，没有破损，口感很好
20660513242,2024-04-05 16:02:50,苹果很香甜清脆可口！
20654870058,2024-04-03 20:53:35,太棒了，很喜欢哈，好东西，太棒了，哈哈😃哈哈
20623617191,2024-03-26 15:18:26,收到货比较新鲜，水分很足，个头很大，酸甜适中，个人觉得还行
20618385647,2024-03-25 09:38:44,苹果很好吃，水多不硬，在外面很少能买到这样的苹果，大人和小孩子非常爱吃，经常购买，
20591688611,2024-03-17 22:10:57,收到货有碰伤，客服处理很及时.口感非常好，脆甜水分足，孩子很喜欢，已回购👍
20591310013,2024-03-17 20:32:24,非常好吃，甜脆多汁
20590957147,2024-03-17 19:02:14,很不错，熟悉的味道，个大又甜
20590518043,2024-03-17 17:07:53,苹果收到了，真的出乎意料的好。用泡沫箱装的很仔细，个头很大，黄澄澄的，一口咬下去汁水丰富，非常甜。以后就买这家了
20587968479,2024-03-16 21:58:23,新鲜 蛮甜的 担心网购的不好  很惊喜
20570999407,2024-03-12 11:22:23,回购的，口感非常好&hellip;&hellip;
20537008932,2024-03-03 19:39:14,苹果收到了  又大又圆  洗洗吃了一个脆甜可口，都好久没吃过这么好吃的苹果了  再以后就不会再买那种酸溜溜的苹果了，感谢商家发货速度，感谢物流的认真负责  一点没有破损，吃完接着回购！
18659857177,2023-01-06 15:42:08,苹果有点涩口，甜度还可以。
20522578503,2024-02-29 09:32:27,苹果很新鲜。味道也不错。
20503494973,2024-02-23 19:25:34,很感谢快递小哥一路辛苦护送到达燎原医院，今天天气又冷，真心说声谢谢👍👍👍
20489717657,2024-02-19 17:40:58,又快又好！很满意，下次再购！
20470693694,2024-02-10 13:14:15,苹果🍎很好吃，入口微酸甘甜，有黄元帅苹果特有的香气。买了还想买。
20467497848,2024-02-08 13:42:19,非常好，个头很大，黄皮，口感很脆，汁多。
20434565727,2024-01-29 18:16:13,很不错，个大又新鲜
20430487722,2024-01-28 16:44:14,黄元帅苹果特别好吃，足斤足两，很大个，很新鲜，物流很快。
20429809168,2024-01-28 13:36:52,苹果质量很好，很甜，水份足，分量也足，特意像亲朋好友推荐。快递快达。
20414627036,2024-01-25 21:49:12,多次复购，果大，甜脆多汁，非常满意，还会复购。
20413224387,2024-01-25 18:21:22,赞👍很新鲜，口感也好。
20410369118,2024-01-25 10:58:51,非常好的购物体验，一大箱子，隔天到，真正的次日达！
20410170649,2024-01-25 10:28:29,苹果不错，运送速度快，很不错的一次购物体验
20404354197,2024-01-24 15:25:02,苹果很好吃，个头也还可以，非常好。
20387133578,2024-01-21 21:03:37,很好！
20380391781,2024-01-19 23:21:48,很好吃，大小适中，商家有优惠，我觉得比富士苹果好吃。吃完了，没拍照
20379704592,2024-01-19 20:00:55,这个非常好吃，又大又甜又爽口，商家犮货快，给个赞
20376366261,2024-01-18 20:52:09,物流很快，苹果很甜，性价比很高，会回购
20374553148,2024-01-18 12:30:50,苹果比较脆，酸甜的，包装很好，只有一个撞伤的，大小也比较均匀。忘记拍照了，已经吃完了
20374098202,2024-01-18 10:26:50,非常好吃味道好极了赶紧的买买买值得推荐一下
20362190716,2024-01-14 17:27:32,第一次购买满意度很高喔
20360534074,2024-01-14 09:16:59,模样不太好看，味道真不错，是在网购水果中最实在的，回购
20354325151,2024-01-12 10:18:33,非常满意这边的购物，很好吃
20344387213,2024-01-09 14:20:20,收到苹果，包装非常棒，送货很快，最重要的是苹果太好吃了！
20330388459,2024-01-05 15:53:53,超级好吃，回购多次
20320052090,2024-01-02 19:50:39,非常好。非常大个 也很新鲜
20299367401,2023-12-27 20:41:11,物流很快，东西大而新鲜，京东买东西放心。
20257295890,2023-12-17 05:33:52,苹果非常好吃，很新鲜，包装的很好！
20250236360,2023-12-15 10:43:55,放到黄了很好吃的。
20225356350,2023-12-08 18:31:19,苹果已经是第二次购买了，质量依然很好，很喜欢。
20210891034,2023-12-04 12:22:48,非常好吃，下场还来。赞一个！
20210724864,2023-12-04 11:15:31,很好吃，酸甜酸甜的，每年都会买点来自己吃，很新鲜，快递速度也很快
20195707278,2023-11-29 19:45:28,没有坏果，个头大脆甜吃着有很浓的果香，好评
20190378568,2023-11-28 10:23:53,京东的服务很好 物流也很快 一定得选京东自营的
20178877608,2023-11-24 21:13:10,非常感谢中通快递小哥，一路辛苦护送到达燎原医院，真心说声谢谢，为你的付出点赞👍👍👍
20177096808,2023-11-24 12:31:17,苹果很大，黄金色很漂亮，味道一定不错。
20159924073,2023-11-19 19:36:37,非常好，很甜很脆很新鲜
20152821452,2023-11-17 23:07:25,很大一个，还没开吃，看着很不错
20150989577,2023-11-17 15:31:52,非常满意
20144781527,2023-11-16 08:24:56,非常棒，放好多天都没事
19994729066,2023-10-23 10:53:15,很新鲜，口感很好，好好吃
19055243824,2023-04-25 15:46:38,苹果很好吃包装很好没有一点碰伤
19045383429,2023-04-22 18:29:33,非常好吃的苹果，已经回购很多次，有问题客服很快就处理，棒
19016257823,2023-04-12 18:13:36,很喜欢这苹果，酸甜粉粉的
19005184637,2023-04-09 11:22:57,包装很好，苹果大
19003227916,2023-04-08 21:19:01,很好吃，多次购买了
18991629653,2023-04-05 16:02:19,难以置信得太好吃了。水份大甜脆
18988306733,2023-04-04 18:12:43,苹果口感很好！下次还要再买。
18980879148,2023-04-03 13:59:34,个头很大，水果也新鲜，都是完好品相。
18979960230,2023-04-03 09:55:18,老公说这个苹果很好吃
18971004462,2023-04-01 06:17:01,苹果很新鲜，水分特别足，味道也特别正，好久没有吃到这么好吃的苹果了，已经多次下单
18968160269,2023-03-31 09:22:39,出乎意料的，好吃的奶油富士，非常值得回购。
18967518070,2023-03-30 23:07:33,非常好吃，而且都是新鲜的，下次还会来买
18967518050,2023-03-30 23:01:44,真的很好就2天到货，东西也不错物流更加给力希望生意兴隆越做越好。
18961439575,2023-03-29 22:00:05,苹果很不错，包装很好。
18956171440,2023-03-29 09:09:17,味道和口感都很不错哦！
18955527033,2023-03-28 22:23:28,苹果收到包装完好无损，小孩很喜欢吃。
18953140428,2023-03-28 13:54:01,收到7个苹果，个大量足，非常好吃，很满意！马上再来一单。
18950783411,2023-03-27 21:27:14,很好吃，小孩很爱吃，
18935612169,2023-03-24 05:28:02,年龄大了，越来越喜欢软软的，适合牙齿不好的人，口感非常好
18932168839,2023-03-23 09:20:28,非常好听，特别甜
18930797206,2023-03-22 18:12:58,已经用过一段时间了，效果不错😍，客服服务有耐心，解答详细，赞一个真的很喜欢，完全超出期望值，发货速度非常快，包装非常仔细、严实，运送速度很快，很满意的一次购物真的很喜欢，完全超出期望值，发货速度非常快，包装非常仔细、严实，运送速度很快，很满意的一次购物
18922302911,2023-03-20 20:30:59,很好吃，很甜很脆，果汁很多
18917171786,2023-03-19 19:07:51,物品与推广的相符 很新鲜 口感很好 物流也很快 值得购买
18917092144,2023-03-19 18:59:24,太好吃了，纯甜，点都不酸。还脆脆的，多汁！一口气可以啃一个还意犹未尽。喜欢！
18911498629,2023-03-18 15:29:57,第二次购买了，非常满意，吃完再购
18910148635,2023-03-18 06:40:53,多次购买，口感很好
18906867653,2023-03-16 22:35:30,👍👍👍果子很好吃
18905115158,2023-03-16 13:04:30,这个平果太好吃了，皮薄汁水多，香甜可口，真是不错，谢谢小哥
18890857972,2023-03-12 22:39:39,不错很新鲜！！！！！！
18861500940,2023-03-05 22:22:46,水果新鲜好吃味道很好
18846798097,2023-03-03 10:06:59,很漂亮的果子，会回购的。
18846530896,2023-03-03 08:14:38,没有拍图，之前买过两次，我买的中果，老板给的都是大果，很好吃，吃完又来了，很不错的购物体验，下次还会继续买，我买东西很少评价，这次很意外，就想给个好评
18834287571,2023-02-27 18:51:14,苹果好吃，脆脆淡钳。内包装很好外包装完好无损，继续回购
18828670747,2023-02-26 11:37:53,发货速度快，味道很好，没有坏果
18825098049,2023-02-25 07:38:36,好吃，很甜，三天就到，很满意
18824047966,2023-02-24 18:32:16,味道不错，很脆，很甜
18812338187,2023-02-21 14:37:57,口感不错，很实惠的哦
18810281542,2023-02-20 20:46:15,太好吃了
18807929490,2023-02-20 11:04:47,奶油苹果味道很好，老人很喜欢
18793627995,2023-02-17 00:01:49,很新鲜，太好吃了
18788289625,2023-02-15 16:00:44,口感：脆脆的，甜甜的。本来我以为是粉粉的，还是比较满意，很新鲜
18786245643,2023-02-14 22:25:29,很好吃，汁水很足，超爱黄苹果，物流很给力！
18784355412,2023-02-14 12:56:25,很甜，老人吃和小孩吃都更适合。
18782293708,2023-02-13 19:34:24,东西很好很喜欢，下次还会再来买
18776001884,2023-02-11 23:32:29,苹果酸甜，包装很好！物流很快，会回购！
18766460469,2023-02-09 15:23:51,苹果收到了，很好，
18759511398,2023-02-07 14:00:14,苹果的口感很好，甜度也刚好，酸酸甜甜的，挺好吃
18756121456,2023-02-06 13:56:47,苹果味道可以物流也很快。
18755604134,2023-02-06 11:34:49,很脆，水分多，好吃
18750422638,2023-02-04 17:50:53,到货比预报的提前一天，给物流点赞。平果大小个均匀，很新鲜，很好。
18742880568,2023-02-02 15:04:23,物流速度很快，东西真的很好，价格便宜，很满意的一次购物，谢谢卖家，下次还会光顾，很满意的一次购物，
18739100496,2023-02-01 12:39:02,苹果很好吃
18729564966,2023-01-29 09:20:49,非常好吃，已经回购了好几次啦，非常喜欢
18719851558,2023-01-24 10:37:16,非常认可京东的品质，服务，和速度。
18709938194,2023-01-19 09:22:29,很好吃啊，已经是回购的。
18703279474,2023-01-17 08:46:42,比想象中的好吃，也比想象中的要大些，包装很好，没有坏果。
18675685836,2023-01-10 10:14:06,非常好，很满意！
18674337600,2023-01-09 21:15:35,非常好吃的，酸甜甜的。脆脆的
18671233537,2023-01-09 09:55:13,很不错的
18667329363,2023-01-08 11:58:41,非常好，比较满意
17567271928,2022-06-01 16:14:43,第一次买很好，这第二次没第一次新鲜。有点坏商家及时赔付了。
18661934775,2023-01-06 23:56:09,超好吃的一款苹果！脆甜味道独特！家人都说好吃！还会再次购买！
18659674687,2023-01-06 14:57:31,非常好吃的苹果！比预想的还强👍
18655236061,2023-01-05 14:29:19,又香又脆的，特别好吃！
18650592556,2023-01-04 14:48:26,苹果非常不错 香香的 而且品质绝对好 个也大
18650424621,2023-01-04 14:16:32,非常好吃，不知道是不是原来的黄帅
18649407439,2023-01-04 11:01:04,非常不错，很甜，会回购，挺大个的
18642050774,2023-01-02 19:24:36,苹果脆甜！没有坏果，很好吃！！
18641773702,2023-01-02 18:43:31,苹果很好，一个也没坏，和我以前吃的一样好
18637814437,2023-01-01 22:52:44,疫情担心没有水果吃，商家信誉好！几经周折，最终到货了！非常感谢。
18636794776,2023-01-01 19:08:56,非常非常好吃，特别甜
18636599882,2023-01-01 18:30:56,口感很好。物流也很快。谢谢！
18636442222,2023-01-01 17:57:01,家乡的质量真好，真甜
18627514268,2022-12-30 17:55:00,苹果非常好吃！谢谢！
18620711985,2022-12-29 07:40:40,第二次购买，苹果很好，很甜，邮到东北完好无损，很愉快
18617932087,2022-12-28 14:04:19,果很均匀，不大，不小，快递很负责任，下次还回购。
18615040526,2022-12-27 18:31:36,非常满意的卖家，第一次送货地址是农村，不能送货上门，爸爸年纪大了也不能到很远的指定地点取货。起初很生气，但卖家态度很好，一再重新送货。由于疫情，快递人力严重不足。只好改地址送到自己家 昨天改行，今天就收到了。为买家和顺风点赞
18613624770,2022-12-27 13:24:22,非常棒，讚👍讚👍讚👍
18612678764,2022-12-27 09:44:14,苹果不错，味道很好。
18606350957,2022-12-25 19:24:41,真的很好吃，第一次吃这个品种!
18599243646,2022-12-24 14:08:11,非常好吃
18589648955,2022-12-22 15:44:21,很好吃，脆甜多汁
18564864935,2022-12-18 21:51:41,(*^__^*)非常满意的一次购物，物有所值，比实体店里实惠多了！太好吃了，酸酸甜甜的
18553585957,2022-12-17 10:15:15,很好吃的黄金苹果，吃完再买，包装好运达快，谢谢！
18529171491,2022-12-14 07:07:07,不错不错，全家都很喜欢吃，特别甜。
18526126799,2022-12-13 19:41:12,很不错的一次购买，下次还会买的。
18524146689,2022-12-13 15:01:47,特别满意，之前没用过，无意间看到就买了，后来就一直用这个产品，。
18469648136,2022-12-03 12:26:03,个头很大。满意！
18462764083,2022-12-01 15:42:48,非常好的苹果，又脆又甜，是一次很好的购物体验。会继续关注这家店的。
18437470150,2022-11-24 19:21:00,脆甜脆甜的，很好吃，物流很快
18436793237,2022-11-24 16:23:56,苹果非常好吃😋，已经是回购了。会再次回购的。
18428016932,2022-11-22 15:16:44,没有失望，确实很好，个头均匀，还会回购
18353980210,2022-11-08 22:08:56,收到的苹果大小均匀，洗一个吃了味道很好水分很足，果断回购了，好评
18331934894,2022-11-04 22:05:05,很好吃，还是那个口味，很好很好
18290975338,2022-10-27 22:28:48,特别好吃，从来没有吃过这样好吃的苹果🍎👍👍👍
18266294564,2022-10-23 16:50:50,非常好吃的苹果，一定要再购👍
17855419305,2022-07-31 22:39:39,很好吃的苹果，物美价廉
17709789699,2022-06-28 15:39:58,特别好吃
17694835396,2022-06-25 13:39:24,挺好吃的，个头不小，很甜
17598478858,2022-06-07 19:12:50,苹果特别甜，客服也非常棒
17564034505,2022-05-31 22:02:33,家里人喜欢，非常好吃😋！信赖京东！
17558384519,2022-05-30 17:02:51,苹果甜脆酸甜适中口感很好，下次还会买。
17529240179,2022-05-23 20:06:55,味道很不错，又粉又甜。就是物流时间太长！
17518324165,2022-05-21 10:27:35,口味极佳，物有所值，，个大皮薄，。
17506832013,2022-05-18 13:31:35,很好吃
17505859818,2022-05-18 09:42:33,口感不错，物美价廉，值得购买！
17499721831,2022-05-16 19:14:14,苹果味道还不错，很好吃。
17497998132,2022-05-16 12:27:43,脆甜，很好吃
17492610100,2022-05-15 01:04:09,非常好吃，味道很美
17492163447,2022-05-14 22:05:04,苹果口感很好脆甜，还会回购
17491485610,2022-05-14 19:18:16,就是非常不错的，很好用的。
17482657836,2022-05-12 18:38:28,苹果个个新鲜，又大又香甜，顺丰物流很快。
17470575328,2022-05-10 06:14:32,老婆吃了，说非常好吃，以后苹果就买这个品牌了
17381947492,2022-04-18 16:59:19,很喜欢的味道，大小正合适，非常满意。
17355868101,2022-04-11 21:15:22,苹果很新鲜，好吃，不贵。下次还会购买。
17344568391,2022-04-08 17:49:22,很好的一次购买。。。。
17326653822,2022-04-03 12:43:01,挺好的，很甜，水分多
17186594753,2022-02-27 20:36:02,快递很好
17045121622,2022-01-24 18:00:03,不错的苹果，连续买了两次！家里人很爱吃！
17045120697,2022-01-24 18:00:50,连续下单两次！多汁，还很甜，吃起来很爽口！
16885790491,2021-12-27 13:45:09,很甜很脆，不错，好吃
16771274603,2021-12-05 12:23:23,非常准时，送货及时。需要再来。
15416095725,2021-03-13 16:46:14,苹果很大，吃着很脆，可以放心购买
15360024900,2021-02-27 19:35:55,口感香甜可口，苹果很脆
14220674498,2020-06-01 09:54:49,东西不错物美价廉
14093849708,2020-04-29 20:24:10,苹果还可以，不错，很大很新鲜
20654877829,2024-04-03 20:55:54,太棒了，很喜欢哈，好东西，太棒了，哈哈😃哈哈
20387134087,2024-01-21 21:02:43,很好！
20331300137,2024-01-05 20:04:42,多次购买，口感很好
18956174463,2023-03-29 09:08:01,味道和口感都很不错哦！
18915746480,2023-03-19 15:29:52,物流速度很快，东西真的很好，价格便宜，很满意的一次购物，谢谢卖家，下次还会光顾，很满意的一次购物，
18735126055,2023-01-31 06:57:22,很好吃
20725830815,2024-04-23 15:55:16,很好吃
20387136197,2024-01-21 21:03:05,很好！
18956177636,2023-03-29 09:07:28,味道和口感都很不错哦！
18977745609,2023-04-02 14:30:39,还好吧，价格合适的话，应该可以吧。还好吧，价格合适的话，应该可以吧。还好吧，价格合适的话，应该可以吧。还好吧，价格合适的话，应该可以吧。
18287910204,2022-10-27 11:26:56,奶油黄金苹果收到。外包装完好无损。内包装苹果大小均匀，无烂果。口感好的话，会再来买的。
17531501473,2022-05-24 12:04:43,第一次买黄色的奶油富士，还可以。
20727059940,2024-04-23 21:19:19,物流快 包装精致 无坏果 酸甜可口 性价比可
20721618936,2024-04-22 13:53:39,这款苹果挺不错的，个大，新鲜，没有碰伤，脆脆甜甜的
20690412387,2024-04-13 20:25:01,这个苹果孩子比较喜欢吃，以前不喜欢吃苹果的但是这个奶油苹果孩子喜欢吃，这是第二次购买这种苹果
20683437472,2024-04-11 20:12:51,口感脆甜，新鲜多汁，个头也挺大的，就是吃起来有种不喜欢的味道，应该是品种的问题
20580404920,2024-03-14 20:00:34,好大个的苹果🍎，这种苹果好吃，价格合适，而且还可以用京豆换，吃完再回购的。
20578268248,2024-03-14 10:24:50,汁水充足👍好甜好脆👍幸福的味道💕
20553862353,2024-03-07 21:25:32,过年前的，果大个，口感也可以，一下买了两箱。
20496768231,2024-02-21 19:24:27,不错哎！！！
20468595649,2024-02-08 21:48:59,个头匀称，也没有瑕疵，口感还行吧，觉得水分不是很足的，不过比其它的苹果还是好吃，
20451327826,2024-02-03 11:41:47,苹果有些卖相不好，但很好吃，很甜，水份也足
20449714338,2024-02-02 20:36:13,喜欢吃，它的又脆又甜，而且个又大。
20444658149,2024-02-01 13:54:34,第一次体验奶油苹果，味道还不错
20427840257,2024-01-27 20:41:00,好吃。基本上每次都会买20斤放着吃。大人小孩都喜欢
20413656550,2024-01-25 19:25:54,最爱的苹果，果汁丰富，苹果果味浓郁
20388315738,2024-01-22 10:23:36,苹果新鲜个头大，有香味儿，口感甜脆，总体不错。
20383532247,2024-01-20 21:13:35,发货及时，物流给力，苹果脆甜多汁，好吃不贵。
20380532354,2024-01-20 00:55:27,脆甜脆甜，长的也均匀。。。。。。。。。。。
20368707104,2024-01-16 17:11:04,苹果脆甜 第一次买黄色的 不错
20354585626,2024-01-12 11:31:08,灵灵灵！甜又脆好好吃！水份足！
20354465881,2024-01-12 10:58:16,口感不错，汁水丰富甜度高！品相也可以果子大
20316154307,2024-01-01 20:01:54,发了8个苹果包装较好，泡沫装的，苹果也甜
20307715689,2023-12-30 12:40:33,个头均匀，口感脆甜，店家细心做了防冻包装，值得购买
18876495782,2023-03-09 14:49:02,买了一盒苹果仔 小的一批
20305701120,2023-12-29 19:09:33,卖相不错的苹果，还没有尝呢不知道口感和味道如何
20286432282,2023-12-24 11:17:34,苹果好吃，酸酸甜甜的还挺脆。
20279388070,2023-12-22 14:11:08,奶油苹果好吃爽口脆甜，泡沫箱装苹果质量好好都不会有碰伤
20226019754,2023-12-08 21:51:41,个头大，汁水饱满，酸甜刚好
20198944512,2023-11-30 18:57:35,烟台黄富士个头均匀香甜可口还会回购的
20121928385,2023-11-11 23:08:00,质量不错，一共八个，都是好的。尝了尝，挺好吃，脆甜。
20095591518,2023-11-06 17:32:34,京东品质保证，一直信赖的购物平台。
20094687479,2023-11-06 14:25:56,酸酸甜甜，脆口汁爽。
19121517136,2023-05-17 22:40:19,速度一如既往的快，收到包装完好无损！，黄金奶油苹果好像是一个新品种，以前没有吃过，今年见到后买过一次挺好吃的，汁水大挺甜的，有些脆，好吃这次专门买的山东的，除了压伤多了点，其他还不错哦！
19051516780,2023-04-24 11:40:03,包装完好，苹果口感是脆甜的，可能得放久点才能软绵吧，发货快物流也快，苹果个头大小均匀，也还可以，老人吃不了，小孩还喜欢吃，可以
19008342628,2023-04-10 12:08:51,黄金奶油苹果好像是一个新品种，以前没有吃过，今年见到后买过一次挺好吃的，汁水大挺甜的，有些脆，好吃😋这次专门买的山东的，个子大，一箱有九个每一个有半斤重，不错哦！👍👍👍
19003390783,2023-04-08 21:48:54,今天收到的苹果是大果，正好满盒9个。，这款奶油富士买过很多次了，有时候苹果比较硬脆，有时候软面一点，我不确定是不是家里放久了会软一些。总的来说苹果不错。
18998710357,2023-04-07 21:48:40,还不错，果皮稍微厚点，但是挺甜的，也新鲜。
18996011264,2023-04-06 22:48:19,梨子果大，香甜可口，新鲜脆爽，润喉润肺，大人、小孩都喜欢吃，梨子、苹果煲鸡汤，更是甘甜香润，梨子煲冰糖更是润肺止咳。价廉物美，下次还会光顾。
18994952821,2023-04-06 17:06:59,包装好物流快，果子个头均匀，大小也合适，口感酸甜，脆脆的，水分也足，酸度小，甜度偏大，老少皆宜，价格实惠，好评哦，有需要再来！
18977468498,2023-04-02 13:01:16,苹果个头不大，但口感好！酸甜的，给好评！
18965414053,2023-03-30 16:41:56,味道还是可以的，比较甜，也很脆，水分也多，这个值得表扬，小面开始说问题了，第一个头不均匀，有大有小，第二小的还是比较多。
18950367682,2023-03-27 19:22:32,7个果，苹果很大，到手30.5元。，脆甜多汁 吃着可以，就是个头太大了，一个吃完都快饱了，能选尺寸就好了。
18932413022,2023-03-23 10:41:22,一箱11个，个儿虽不大，但苹果脆甜可口，水分充足，口感细腻香甜，好吃。特别感谢售后服务，因为运输原因，收到时有两个被压坏了，及时给于补偿了，好评哈！
18932386851,2023-03-23 10:31:38,总的来说还行吧，划到两块钱一个苹果，看着还是可以的，包装没有损坏，都挺好的，就是个头不一样，有大的有小的，而且小的占有7成。
18920784792,2023-03-20 13:14:48,苹果不错，蛮脆甜的😊
18906148126,2023-03-16 18:37:00,甜脆可口，有股淡淡的青香，好吃
18906134437,2023-03-16 18:34:45,酸甜可口，有点淡淡的青香，第二次购买了
18897726820,2023-03-14 14:55:00,好吃，没有烂果，继续购了一箱，希望跟这箱一样
18889922192,2023-03-12 18:07:38,苹果脆甜，口感好，大小均匀，一开箱就是一股苹果香
18886384469,2023-03-11 19:36:25,这款黄金奶油苹果一箱共12个，个头不大，整体比较新鲜，包装也不错，只有二个稍稍有点挤伤。收到后马上尝鲜了，不错，水份充足还脆甜。
18849578902,2023-03-04 01:16:39,脆甜，味道不错
18826321974,2023-02-25 15:02:04,苹果味十足，个头匀称，送货快，满意满意🈵
18798845281,2023-02-18 13:46:52,脆甜，，，，，，，好吃
18746104831,2023-02-03 14:32:47,山东烟台栖霞奶油苹果好吃
18740728050,2023-02-01 20:26:45,苹果脆甜、奶油味，挺好吃的
18738361939,2023-02-01 08:52:41,5斤8个，还是挺大的，包装防护也很到位，味道有股淡淡的奶香，挺好吃的，不脆，，(刚收到时候有点冰&hellip;预期中&hellip;)
18736954950,2023-01-31 17:48:05,这苹果秋天买过一次，吃着有点酸甜，口感不错，这次又买了。
18706879194,2023-01-18 09:47:52,苹果新鲜，包装很好，味道不错，就是疫情影响发货了
18706425798,2023-01-18 00:41:46,苹果包装很好，蛋格状的泡沫箱，不容易碰伤摔烂，收到完好，苹果皮色是很淡很淡的黄颜色，不像小时候吃的那种黄焦那么漂亮，口感总体一般，水分很足、很脆，但就是不怎么甜，还略有点酸。
18693327498,2023-01-14 15:16:22,服务态度，苹果也不错。
18688555821,2023-01-13 11:38:34,喜欢小时候的味道，酸甜。第二次购买了
18687717782,2023-01-13 06:00:41,山东烟台栖霞奶油苹果又甜又脆，好吃
18666354002,2023-01-08 05:35:32,奶油苹果🍎味道不错，脆甜可口。
18656540254,2023-01-05 19:13:04,快递耽误了一段时间，拿出来的还是挺好的
18646073518,2023-01-03 16:42:21,到货及时，完好，赞美一下
18642395859,2023-01-02 20:16:24,味道还是挺好的，大小不一，一共八个，三个六两左右的，五个四两左右的，水分挺足，酸甜口感，孩子爱吃，感觉稍微贵了点，应该是不太够称，五斤34块又买了自营的，一份便宜四块钱吧
18642389210,2023-01-02 20:14:03,苹果还是挺好吃的，买过3次一次比一次小，份量缺100克，包装完整，没有破损。33元买过，7元多一斤，还是比较贵的。快递很快就收到了
18642049641,2023-01-02 19:24:59,苹果不错，但有坏果
18638645838,2023-01-02 07:49:12,挺好的
18636106909,2023-01-01 16:51:25,苹果收到了，质量确实没得说很好，但也接近4块一个
18635546872,2023-01-01 15:16:15,口感不错，清脆爽口，果香浓郁!
18598016602,2022-12-24 11:16:54,虽然受疫情影响到货时间有点长，但物流信息清晰。昨天晚上9点多钟，快递小哥顶风冒雪送货到家，真心感动！关键竟然是顺丰快递，包装完好，东北零下二十几度的天气，苹果没有冻伤依然新鲜，赞👍🏻
18592917395,2022-12-23 08:44:57,苹果很甜也很脆，就是个头偏小。
18555904865,2022-12-17 15:53:31,苹果终于到了。个头不大，汁水很多，挺甜，有一股清香的味道。不错不错挺好吃的。
18520386973,2022-12-12 23:50:58,还可以挺香的
18469017433,2022-12-03 09:40:05,包装好，物流快，价格实惠，比超市便宜多了，水分充足哦，值得购买
18450908122,2022-11-28 14:19:19,金黄果实，口感脆甜多汁
18444721742,2022-11-26 18:50:09,黄苹果到了，疫情期间的物流算是很给力了。也算是一种囤货吧。感觉应该是一箱12个，不过有一箱只有11个。不知道是什么原因。味道不错。
18434366339,2022-11-23 22:55:35,苹果味道不错的，脆脆的
18412028377,2022-11-19 07:04:59,快递速度也是比较快的，从山东寄过来两天多就到了，然后这个味道确实是不错，我还第一次买这个颜色的苹果。酸酸甜甜脆脆，给朋友吃了，朋友说再来两个。
17625283505,2022-06-13 06:25:46,价格合理 口感不错  水分足  甜   这已经是第二次买了  还会回购
17599535656,2022-06-07 22:39:35,苹果不错 一次满足的购物，吃完还会购买。
17587824091,2022-06-05 18:02:07,味道不错，冷藏后口味更佳
17550555155,2022-05-28 18:14:09,味道还可以，已经多次购买了
17509817981,2022-05-19 08:12:44,分量足  皮毛也不错  泡沫箱包装  防磕碰   还没吃口感不清楚
17478423837,2022-05-11 19:48:31,苹果不错，个头比较大，口感甜脆，这才是山东苹果的感觉。一箱共有12个，个头还算匀称，给好评。希望一直保证品质，我也会持续关注。
17476807365,2022-05-11 13:55:59,蛮不错的苹果，不好看但是蛮好吃，送人就算了，自己吃还是不错的
17472895024,2022-05-10 16:32:23,不错长得完全是我喜欢的样子味道淡一点
17442879266,2022-05-03 18:19:01,还没吃！物流还可以，看着果儿的样子还可以吧！不过比我朋友发过来的品相差很多，不知道吃起来口感会差多少，但愿还可以吧！价格还算公道
16944781304,2022-01-05 13:16:11,这个奶油苹果口感还挺好，价位实惠。
16661457961,2021-11-16 15:44:22,质量不错，带了2个到单位，再买2箱放单位吃(*^&omega;^*)
19135388083,2023-05-22 13:39:10,速度一如既往的快，收到包装完好无损！，黄金奶油苹果好像是一个新品种，以前没有吃过，今年见到后买过一次挺好吃的，汁水大挺甜的，有些脆，好吃这次专门买的山东的，除了压伤多了点，其他还不错哦！
18479581586,2022-12-05 18:58:48,黄苹果到了，疫情期间的物流算是很给力了。也算是一种囤货吧。感觉应该是一箱12个，不过有一箱只有11个。不知道是什么原因。味道不错。
18493936851,2022-12-08 10:08:38,黄苹果到了，疫情期间的物流算是很给力了。也算是一种囤货吧。感觉应该是一箱12个，不过有一箱只有11个。不知道是什么原因。味道不错。
20692744789,2024-04-14 14:57:02,不错孩子喜欢就好了。。。。不错孩子喜欢就好了。。。。不错孩子喜欢就好了。。。。不错孩子喜欢就好了。。。。
20649093956,2024-04-02 11:32:16,回购的，快递速度可以，苹果个大质量优，不过没有那么多的水分感觉，总之还不错，脆甜可口，好评吧！快递速度可以，苹果个大质量优，不过没有那么多的水分感觉，总之还不错，脆甜可口
20607027416,2024-03-22 05:59:41,回购的，喜欢这个味道&hellip;&hellip;
20577131431,2024-03-13 21:46:39,个头大小均匀，口感清脆甘甜，包装用心，没有磕碰，还会回购
20563544773,2024-03-10 13:05:11,个头好大，好苹果，继续回购&hellip;&hellip;
20553293292,2024-03-07 19:12:34,爽甜可口，水份充足，果实大品相好。
20548127428,2024-03-06 14:42:54,苹果的香味浓郁，口感脆甜，个头均匀，包装完好，成功的一次购物
20543542872,2024-03-05 12:34:14,口感不错，商品基本匀称
20523917463,2024-02-29 15:01:47,苹果绵软香甜、大人孩子都适合吃
20518566689,2024-02-28 06:54:09,部分苹果很大，但不管均匀，口味尚佳
20474427951,2024-02-13 11:21:33,春节期间物流还是一如既往的给力
20433132080,2024-01-29 11:54:53,苹果确实不错错，没有坏果。牛奶西霞苹果也是第一次买。包装完好
20427964065,2024-01-27 21:12:36,苹果脆甜还有果香味，个头中等，没有坏果，好评
20410981859,2024-01-25 12:32:19,多次购买
20385514335,2024-01-21 14:08:52,去年开始买此款苹果，每批货的质量基本一致，脆、甜、水分均不错。
20385497133,2024-01-21 14:04:42,这款苹果已买了好几次，黄焦苹果就认此款。
20380790961,2024-01-20 08:30:24,苹果吃完了才来评价，是哪种脆甜口感的，收到货都是好的，大人孩子都喜欢吃，会回购
20373684497,2024-01-18 07:51:10,苹果不错，香甜可口，物统迅速。
20372250267,2024-01-17 18:19:46,宝贝收到了，给同事买的，她收到就尝了一个说好吃，又想下单多买些，想要买的亲们可以下单了。
20369377986,2024-01-16 20:36:07,口感有点酸，其它都很好
20359144796,2024-01-13 18:20:25,脆甜脆甜脆甜又脆又甜
20358394728,2024-01-13 14:38:17,宝贝收到了，给朋友吃了一个，朋友说脆甜好吃，她也要去买，想要的亲们可以下单了。
20336266068,2024-01-07 10:47:12,苹果新鲜，包装好，物流快。
20333304060,2024-01-06 12:57:49,包装很好：货质量可以不知重量足吗？
20319865155,2024-01-02 19:09:30,包装完整，送货及时，口感不错！
20313854085,2024-01-01 09:49:12,个头大，无坏果。不错。
20307495452,2023-12-30 11:38:44,苹果新鲜，个大，脆甜，就是快递小哥直接把快递放快递柜了，这北京的天气，幸好我在家取了快递
20269540705,2023-12-19 22:42:05,多次购买孩子爱吃不错
20257757789,2023-12-17 10:31:16,还可以，有一股清香的味道
20257136500,2023-12-16 23:55:06,帮朋友买的，朋友说好吃。
20242550793,2023-12-13 11:17:48,不错
20241321104,2023-12-12 23:20:36,口感特好，不错，不错，值得购买快递辛苦
17497283029,2022-05-16 09:41:39,泡沫包装还好，苹果十个，脆的，甜度一般
20208796978,2023-12-03 18:30:57,味道不错
20191532636,2023-11-28 16:06:37,挺好吃的，水分很足，就是甜度不足。只能用完美来形容！强烈推荐！
20052577051,2023-10-28 12:45:25,苹果新鲜没有坏果，吃起来口感脆甜好评
19209647992,2023-06-10 18:19:31,味道巴适
19089568289,2023-05-07 11:34:21,个个都是完好，好吃。
19080682592,2023-05-04 11:06:14,苹果到手时候少了一个，客服立马补了，态度好，苹果也好吃
19053882633,2023-04-25 07:44:52,京东老用户了，物流有保障，品质也有保障
19010357641,2023-04-10 23:53:47,这次买的苹果没有上次的香甜。其他的还可以。
18977826591,2023-04-02 14:55:16,苹果又大又好。
18975157092,2023-04-01 19:54:50,蛮好吃的，也给小朋友科普了一下苹果有红色的，还有黄色的
18952067544,2023-03-28 11:08:11,好吃，酸甜爽口，汁水足口感好
18931218238,2023-03-22 20:27:40,还是不错，毕竟价格还可以
18924235821,2023-03-21 12:52:24,二次回购，和前次买时一样，满意。
18919954854,2023-03-20 10:25:11,还不错👍很好很新鲜，就是个头不算大
18912108310,2023-03-18 18:55:57,黄富士苹果收到了，挺好吃的，苹果清香，酸甜可口。
18899645981,2023-03-15 08:27:56,苹果包装扎实，口感甜脆。
18898882953,2023-03-14 20:53:38,第二次回购了，还是一如既往的好
18898297421,2023-03-14 17:55:24,口感好
18884218637,2023-03-11 09:47:08,好吃，甜，比超市的便宜，一直在回购
18877840886,2023-03-09 19:27:38,好吃又便宜，还是山东老乡实在
18865035889,2023-03-06 16:16:42,好吃，又脆又甜，汁水多
18863099831,2023-03-06 08:05:24,每个都很好，个头很大，刚开始是酸甜口，放了一段时间后变纯甜了。，唯一不好的地方就是快递到了驿站，自己去取的，这小箱带个娃很不方便
18855890586,2023-03-05 11:23:09,多快好省！
18853579394,2023-03-04 21:57:46,苹果收到了，包装完好，没有坏果，挺好吃的。
18849203336,2023-03-03 22:05:48,味道还可以，果子有点小.
18847385524,2023-03-03 12:58:49,甜中带酸，水分足，口感不错，之前也买过，适合这个季节吃
18841759747,2023-03-01 16:53:29,速度快口感不错值得购买了
18837889624,2023-02-28 14:26:26,谢谢你，让我放心
18827408910,2023-02-25 20:53:16,好吃，大小合适，一人正好吃完
18821968935,2023-02-24 00:37:53,还挺好吃的
18819186502,2023-02-23 10:57:22,还可以，买过两次了，比红富士好吃点
18809881951,2023-02-20 18:54:15,发货快、物流快。每个果子都有网套，一共十二个，没有磕碰。脆甜带点酸，水分足好吃
18807210481,2023-02-20 07:59:37,好吃，连买三回，后来本地没货了
18799151321,2023-02-18 14:48:30,味道不错，果子有点偏小
18797963707,2023-02-18 10:38:16,苹果口感还算可以吧，样子挺干净好看。
18789235949,2023-02-15 20:33:31,苹果收到了、脆甜可口值得购买、包装是泡沫箱蛮好的没有坏的
18789048279,2023-02-15 19:41:30,物流块，东西貭量不错，值得购买。
18785006507,2023-02-14 16:16:24,物流快包装好，口感好值得购买。
18783712463,2023-02-14 10:01:37,酸甜口，口感不错
18782193952,2023-02-13 19:07:46,白苹果真的好吃已经是二次购买了
18782190280,2023-02-13 19:10:00,甜甜脆脆的下次也要再购买
18781675695,2023-02-13 16:46:29,发货快，苹果脆甜，汁水多。
18779000740,2023-02-12 20:43:21,还可以吧价格不贵，吃着还行
18766652010,2023-02-09 16:17:09,价格实惠，送货速度快，性价比高！
18746955184,2023-02-03 18:46:25,好
18743791723,2023-02-02 19:21:35,九个大苹果，挺好吃的。
18737737641,2023-01-31 21:49:24,个头适中，确实是新品种，味道不错，品尝起来别有一番风味。
18715806501,2023-01-21 05:28:45,酸甜可口好吃还会再来买
18708624046,2023-01-18 19:00:43,苹果个大，口感甜脆爽口，好好吃！
18703997610,2023-01-17 12:29:37,喜欢这品种苹果，已经二次购买了
18703993025,2023-01-17 12:28:46,这苹果不错，爽甜，家人喜欢
18698632195,2023-01-15 20:59:26,诚信老板，值得信赖，大小统一就好了，口感可以！
18694123592,2023-01-14 18:31:30,脆脆甜甜的，虽然品相一般，但味道还不错。已经买了两次。
18690691670,2023-01-13 20:33:10,这个产品和它价位相比来说，还是很合适的，还不错
18689150432,2023-01-13 14:14:57,厂家发货速度慢，快递服务态度好！
18687436871,2023-01-12 23:31:49,这个果又脆又甜物有所值
18682286750,2023-01-11 19:14:34,大家吃了都说好，货真价实的好水果。
18675292666,2023-01-10 07:58:42,东西收到，看着不错，苹果好吃，价格小贵
18664999047,2023-01-07 19:14:55,苹果还是不错的，比较嫩，甜
18651720012,2023-01-04 18:21:18,商品好也好吃
18646078699,2023-01-03 16:43:29,好吃好吃 下次还买
18633284415,2022-12-31 23:42:57,味道挺好的，会回购
18629817775,2022-12-31 10:37:30,淡淡的清香味，己是再回购，甜脆可口。
18624036550,2022-12-29 21:26:55,一如既往地好吃
18600866837,2022-12-24 18:39:35,不错，还好吃
18600412185,2022-12-24 17:13:33,值得买
18600147104,2022-12-24 16:32:00,挺好不错棒棒哒棒棒哒支持棒棒哒
18597298684,2022-12-24 06:53:20,苹果好吃脆脆的甜甜的
18592692162,2022-12-23 05:07:08,还可以
18584722653,2022-12-21 17:28:54,这个好吃，甜，脆，没有的坏果
18576444575,2022-12-20 14:11:26,酸甜口感，挺好的。
18555125697,2022-12-17 14:11:41,苹果新鲜的，回购的。感谢每一位风雨兼程的小哥，辛苦了。
18537957514,2022-12-15 11:00:15,好评好评
18537951882,2022-12-15 10:57:26,汁多甜脆，满意 。三天后又回购。
18533940560,2022-12-14 19:13:10,京东最好的就是能给送货到门口
18533757132,2022-12-14 18:43:08,奶油苹果味道好，值得购买。
18530528229,2022-12-14 11:21:31,包装完好运达快，无坏果质量尚可，满意。谢谢！
18529771851,2022-12-14 09:36:20,酸酸甜甜，新鲜，好吃
18525450178,2022-12-13 18:17:39,价格实惠   快递也给力
18515453273,2022-12-12 11:36:15,棒棒哒支持棒棒哒支持
18515315155,2022-12-12 11:17:32,苹果香味扑鼻，个头不小合适，脆爽，值得复购
18491611404,2022-12-07 18:03:56,个头不大，不过味道一样好，水分足，甜脆
18481621207,2022-12-06 09:15:26,爽口好吃，果香十足，甜美汁多
18453441425,2022-11-29 07:09:02,苹果比较甜，下次还来。
18424152566,2022-11-21 18:21:54,甜甜甜，一次比一次好，好评
18396566374,2022-11-16 04:20:29,苹果好吃，回购买的，好评
18359427896,2022-11-09 23:35:29,我买的奶油苹果脆甜，还有淡淡清香
18312745175,2022-11-01 15:26:34,大小适中，脆甜可口
17844654592,2022-07-29 16:26:48,已经买了好几份了  喜欢的入手
17844650004,2022-07-29 16:26:21,买了好几份，自己吃着好吃给老妈和恩师都寄了，反馈都不错。，后来下架了 买不上了  还挺难过
17700229115,2022-06-26 15:56:08,小孩挺喜欢吃的
17639099694,2022-06-15 18:58:42,苹果好吃 不错 值得回购
17593249858,2022-06-06 19:14:18,不错满意
17576520241,2022-06-03 14:45:25,好吃!准备再买
17563071581,2022-05-31 18:37:40,苹果品相不太好，大小不一，味道还可以
17560777827,2022-05-31 09:55:33,挺不错的，开始是脆的，放一段时间就面了，个人喜欢吃面的。
20738924444,2024-04-27 08:42:00,个别苹果竟然有股汽油味 搞得家人都不吃 有点浪费
17559359194,2022-05-30 20:48:10,又粉又甜，没有坏果。
17549035090,2022-05-28 12:18:12,苹果和上次一样味道不错，外观稍差，比上次购买的
17532202709,2022-05-24 14:39:45,味道不错，包装完整，个头均匀，没有坏的，价格实惠
17514790719,2022-05-20 11:48:23,物有所值
17504655998,2022-05-17 22:00:28,好吃，物有所值，多汁口感好，是我喜欢的味道
17502958406,2022-05-17 15:28:32,个个苹果🍎都大个，而且新鲜，值得信赖
17483104125,2022-05-12 20:21:14,第二次买，比第一次面了，吃的比较快，可能是同一批吧，喜欢吃面的
17482057948,2022-05-12 16:23:35,好吃 多汁脆甜，值得购买
17454750362,2022-05-06 14:53:38,又甜又脆，好吃不贵，买了五箱了
17451331201,2022-05-05 18:13:06,果大，新鲜，脆甜，顺丰快递服务到家，贴心，满意的一次购物！
17409057255,2022-04-25 09:17:35,苹果味道不错
17407186812,2022-04-24 18:11:47,苹果新鲜，酸甜口，不错
17198122359,2022-03-02 16:00:44,苹果不错，开箱闻到香味。
16819600019,2021-12-15 17:35:15,物流还可以，挺快的，
15703341545,2021-05-22 10:06:13,还行
15700248284,2021-05-21 14:04:27,还可以吧。看着挺不错的，吃着也还行
15349148865,2021-02-24 21:43:02,质量不错价格实惠 发货速度快 满意
15252618846,2021-01-26 17:35:47,好吃甜👍 👍
15196546519,2021-01-13 09:54:16,甜一度，水分都足，没有烂，可以，漂亮
15135449432,2021-01-04 21:19:22,好吃实惠以后还会光顾。
14090341426,2020-04-28 21:42:02,第一次吃这个品种 还不错 有苹果味 不过不是新鲜摘的
14054706808,2020-04-19 22:00:35,我喜欢梨，好甜！！！
14054100779,2020-04-19 19:32:11,甜甜的，包装严实，12个果，好评好评好评好评！
14054066544,2020-04-19 19:23:41,挺甜挺脆的
14049957371,2020-04-18 19:32:03,好吃
13997420289,2020-04-05 10:34:44,前前后后也买了好几次了，重在便宜
20527126791,2024-03-01 11:33:42,好
18855928098,2023-03-05 11:23:28,多快好省！
18445244027,2022-11-26 21:12:55,还行！
16875717727,2021-12-25 21:09:08,好吃😊
17523773765,2022-05-22 15:43:00,好吃
18631133699,2022-12-31 15:28:24,好吃！
18638946146,2023-01-02 09:47:44,好吃
18893987883,2023-03-13 15:55:16,好吃～
20247277501,2023-12-14 14:32:31,好吃
20468836103,2024-02-09 00:13:34,好吃
20586951643,2024-03-16 17:17:30,苹果味道还不错，就是有个别味道不咋滴
20586948365,2024-03-16 17:18:27,苹果味道还不错，就是个别不咋滴
19008274586,2023-04-10 11:53:42,脆甜脆甜的
18933820155,2023-03-23 17:57:01,9个苹果，很不错，唯一美中不足的就是有两个有磕碰。
18897269506,2023-03-14 12:15:01,第一次购买  水分挺足  味道一般
18832066563,2023-02-27 10:30:47,个不太大，味道还可以。
18778667023,2023-02-12 19:13:27,11个苹果
18766577551,2023-02-09 15:57:33,还行吧哦，没有太惊艳，找不到记忆中中儿时的味道，只能有其貌，
18688547432,2023-01-13 11:37:24,酸甜，小时候的味道
18648250957,2023-01-03 23:06:24,吃了再评
18648105708,2023-01-03 22:29:04,真甜
18428914683,2022-11-22 18:35:15,不是很甜，很脆，新鲜，就是有些小贵，不到5斤，还是不错的
20570654558,2024-03-12 09:59:57,苹果好吃，味道好，个头大，就是价格小贵
20286899627,2023-12-24 13:21:53,口感一般
20277401310,2023-12-21 22:03:00,宝贝已经收到了，吃过了，一般吧
20252385449,2023-12-15 19:35:44,还行吧
20222154947,2023-12-07 18:31:52,个头挺大，味道一般
19023396393,2023-04-15 09:34:14,口味还好，就是有碰烂了的
18978667732,2023-04-02 19:23:43,还行吧，没小果甜。
18934778533,2023-03-23 21:56:45,行吧
18934747300,2023-03-23 21:57:13,行吧！
18888792129,2023-03-12 13:26:37,轻断食用，吃完再来！
18881623674,2023-03-10 21:13:27,本来要买粉的给宝宝吃，但是没想到是脆的，只好自己吃了
18832924670,2023-02-27 14:05:31,苹果小了点，但味道还行
18831950859,2023-02-27 10:01:26,嗯&hellip;个子不大.但是一个吃起来没负担.
18715136655,2023-01-20 19:26:16,一般
18706783249,2023-01-18 09:11:20,岽鲜山东烟台栖霞黄金奶油富士苹果新鲜水果奶油苹果白苹果带箱5斤
18698923567,2023-01-15 22:13:08,奶白色的平菓，看到都想吃
18689683724,2023-01-13 16:29:37,收到
18686679823,2023-01-12 20:15:26,烟台的红富士转转了，几次终于到了等见面的时候，他觉得十分还比较足可能是上七天摘得吧，比较年轻一点，能不能放几天以后呢？味道呢，会比刚刚到的时候会好一点。
18637496614,2023-01-01 21:38:56,还行吧，不如以前买的个头大
18618764206,2022-12-28 17:12:58,这
18571965642,2022-12-19 20:57:20,脆，甜
18516396185,2022-12-12 14:03:33,吃着，口感一般，我是被名字吸引的。
18457421013,2022-11-30 08:20:47,还行。就是有点漆的味道
17752722186,2022-07-08 11:24:42,好吃😋？我也。在一起了
17623243611,2022-06-12 18:20:00,还可以的，不过有的苹果已经有点面了。
17449395874,2022-05-05 11:23:21,个头一般，味道换行吧
15590458473,2021-04-22 21:00:10,苹果放几天在吃！特别甜！
18905028043,2023-03-16 12:31:15,一般，不是太好吃
18875089040,2023-03-09 09:48:22,苹果不脆，有点涩，有点哏。
18815210450,2023-02-21 23:43:28,质量不怎么样，有些果不太好
18814886222,2023-02-21 21:57:56,看上去很漂亮，就是不知道有什么黑科技，没有一点苹果味道，咬不动，还又涩又酸没法吃。一个多月了，还很新鲜的样子
18800891002,2023-02-18 19:54:51,没有图片那么好，感觉被骗了，不要买
18758261836,2023-02-07 06:28:39,酸，酸，酸，吃了，都说，酸。
18755176908,2023-02-06 09:46:39,"年前发的,到年后才发,还和第一次买过的不一样,这次明显差多了,不论大小和味道"
18754330908,2023-02-05 21:35:25,不脆   比较面   适合牙口不好的人吃
18753328200,2023-02-05 16:23:08,不好吃，不好吃
18693763787,2023-01-14 17:02:55,不甜，不好吃，发色，谨慎购买，与描述不符
18674239396,2023-01-09 20:54:20,根本没收到货
18650192754,2023-01-04 13:31:35,苹果有些酸，且到货有些已经微脱水了，表面皱了
18638959333,2023-01-02 09:49:38,不好吃，没有水分
18619974484,2022-12-28 21:38:59,苹果不是奶牛富士
18594973073,2022-12-23 16:00:44,理赔二十天了，一直没有反应，几元的理赔，是不是要催促几年呀？制度规定24小时以内，完成理赔。都20天了。
17458143699,2022-05-07 11:25:57,不甜不爽，不好吃
20598127093,2024-03-19 17:23:28,刚收货，才削第一个就这种情况，是好呢？还是不好呢？
20309198639,2023-12-30 19:53:28,一点不新鲜有不少烂果
19026111352,2023-04-16 09:16:11,此商品还可以，但是果子与照片严重不符。包装盒我也不喜欢。反正我是不会再买了
18564053003,2022-12-18 18:48:43,全冻了，包装不好，果也不好和说的不一样
18986933944,2023-04-04 14:17:26,果不新鲜，且品相美。
18931092693,2023-03-22 19:50:30,缺斤少两，包装粗糙，中间少了一亇苹果
18911510777,2023-03-18 15:33:37,收到货箱子打开过  少斤缺两的
18787717280,2023-02-15 13:08:03,整箱承重，份量不足5斤，不实在，缺斤少两
18688133531,2023-01-13 09:51:20,买的是5斤苹果，味道不错，但是只有2200克，这么贵的苹果，重量不够。。。
17390882031,2022-04-20 18:29:40,苹果有点萎，不脆，一般般
17182415071,2022-02-26 20:22:57,味道一般，还差了一个
17162195587,2022-02-22 11:25:59,单纯泡沫箱包装还不错，没有再外罩纸箱，节约环保，果子也未受损。，       金黄奶油富士，收到的果品与命名、与产品介绍差之千里，大小不一，成熟度不一，果皮粗糙，外观实在与金黄奶油搭不上边。，        口感一般，现在京东买果鲜实属选择困准。
17553383772,2022-05-29 13:45:11,品相就这样，口感没有一丝甜味，京东N年，第一次对商品不满意。
17524328126,2022-05-22 17:37:05,被挖了个洞，那走一个苹果。这款苹果不甜也不香。
15192855312,2021-01-12 12:52:42,一共八个连盒4.6斤没有烂的，就是都很蔫巴皮。味道还可以，大家参考吧。包装破损是必须的，外包装保温箱拿胶带缠的还不破啊。
18564321208,2022-12-18 19:42:50,第二次买了，果子好小，没有第一次买的好
20622145851,2024-03-26 08:41:10,看评论说很甜不酸不涩！不知道这是说反话？还是叫其它人购买后体验去吧？吃一个很酸，今天特意选了一个大的，直观觉得会比第一个好吃吧，结果同样很酸！当时客服也叫我在去吃一下第二个尝一尝，你自己家的苹果怎么做宣传的？真无语了！
20397618827,2024-01-23 17:13:55,苹果邮寄过来以后很生，很硬，放好久也没面，由于包装的问题一股塑料味
20282365610,2023-12-23 10:37:35,太难吃了，有一股塑料味
18916097086,2023-03-19 16:14:53,差评差评，发货速度不快，中通快递货到，不送，压的两天不送，还给在不知情的情况下给签收了，我问客服回答说中通快递不送，要自己到自取，我非常不理解什么时候开始可以不送，叫用户自己上门取？
18898659036,2023-03-14 19:48:59,太小，没奶油富士的香气
18881687002,2023-03-10 21:21:50,客观评价，不是正经的奶油富士，吃起来像没嫁接好一样。苹果瓤是白色，完全虚假广告。
18788896339,2023-02-15 18:56:08,像***老树桩子，咬也咬不动，真上当
18686297786,2023-01-12 18:53:52,还不如黄元帅好吃呢  还特别小
18659050133,2023-01-06 12:28:06,真的很难吃
18486251242,2022-12-06 22:22:09,个头合适，买的小果没想到是真小，口感硬！硬！硬！
17815659360,2022-07-23 14:15:31,真差，一点不新鲜，烂
20686354632,2024-04-12 17:10:07,口感好可惜，不知道运输问题还是原本质量问题有坏果
20561398883,2024-03-09 20:15:31,烂果今天收到扔了老公没舍得
20337929349,2024-01-07 18:14:45,看了评价都说好吃，我才买的，没想到收到货真的是不值啊。，打开根本闻不到苹果香，吃了一个说脆不脆，艮艮的，这跟超市里买的一点都不一样。并且咬开的里面靠近上部的地方都缩水发黄了。助农，也不能这样欺骗我们吧
20227130899,2023-12-09 11:19:11,去年特别爱买这个奶油富士，那是今年买了感觉并没有很惊喜，水分没有那么足了，味道倒是还差不多。什么苹果都吃，换着来吧，随便买。
20097735763,2023-11-07 07:15:20,苹果已收到没有烂果，京东品质保证。
19076576213,2023-05-02 20:49:14,同一家买苹果已经第四次了，然后有瑕疵联系了客服，然后就没有然后了&hellip;&hellip;
18954487844,2023-03-28 18:04:10,第一次买的时候觉得口感不错，水分足，有点小清香，基本没什么酸味。唯一的不足就是包装都快碎了，苹果都快掉出来了。好在果子不错，又买了第二次，神奇不神奇，竟然发现第二单的快递包裹在泡沫保温箱的外面还有塑封！为什么第一箱没有塑封，并且箱子都快破碎掉了&hellip;&hellip;包装也是随机的么？
18942520807,2023-03-26 08:53:48,第一次在你家买的苹果个头比较大，果的颜色也比较深黄一点，吃完个人感觉蛮粉的，也比较清香，这次再买，果的个头比较小，颜色也偏青黄一点，吃起来比较硬，有点涩，感觉没熟
18942191530,2023-03-26 00:01:57,实不相瞒，没有想象中的好吃，虽然说说不出什么感觉，但是觉得没惊喜，也许不是要记忆中的味道吧？十几个🍎，快一个月，到现在还没吃完。。。
18932999347,2023-03-23 13:34:30,第一次吃这种奶油富士苹果，口感可以说是相当惊艳了，但是感觉还可以更好一点，因为看品相稍微有点小，长得不够饱满，咬开里面也没有图片颜色看着诱人。
18909515981,2023-03-17 20:54:54,商家发货速度太慢象蜗牛，经过17天终于收到货了，以后不会考虑购买。
18905219151,2023-03-16 13:36:56,第一次的回购了，不是因为好吃，只因很多人没有吃过，都送礼了。越来越多小，越来越酸。还是京东的品质吗？冲量冲成这样。我也是服了。
18905208843,2023-03-16 13:35:45,第二次的回购了，不是因为好吃，只因很多人没有吃过，都送礼了。越来越多小，越来越酸。还是京东的品质吗？冲量冲成这样。我也是服了。
18900424981,2023-03-15 12:26:59,这次的苹果第二回购的，包装还是一如既往的好，苹果没有损伤。不知道是不是因为天气的原因  ，苹果吃起来有些绵了， 没有那么脆爽了  ，适合牙口不太好的人吃
18866053848,2023-03-06 20:37:46,有点小，口感一般，不甜，还没红苹果好吃，没上次买的那家好
18848792896,2023-03-03 20:08:28,太小没拳头大，和另一家买的比差远了。
18656574520,2023-01-05 19:20:21,苹果缺斤短两，带皮5斤有图片，
18640351403,2023-01-02 14:44:05,苹果一共有9个。是黄元帅苹果。
18632452374,2022-12-31 19:57:59,随便拿了四个，和宣传的图片不一致
18632087648,2022-12-31 18:41:48,苹果太小了，35元，共4.5斤，7.7元每斤，太小了，不值，好贵呀，慎拍
18584385092,2022-12-21 16:41:54,也许这年头生意不好做吧，很生气还是给个好评！！！
18545339750,2022-12-16 09:00:40,首先质量一般，吃起来根本不糯，是脆的。其次，还给我混入了其他品种的苹果。你怎么好意思？，ps，我收货好几天了，基本吃一个拿一个，直到今天，才知道混入了其他苹果。
18530357651,2022-12-14 10:59:39,这款苹果收到货有点失望，太小了一入5公分多点，有的果还是绿的，刚收到货，还没吃不知味道怎么样。购买前干呗购买后都有跟客服联系，客服态度很好／只是对果子这么小有点失望。还买了两人箱。物流很慢，疫情期间可以理解。
18428973294,2022-11-22 18:51:27,少重，不应该。
18318981281,2022-11-02 17:30:37,此商品和图片上不一样，质量不好，希望以后对客户负责，推荐好的商品！
17724487281,2022-07-01 19:36:14,货物收到了但是份量不足才2斤半要求补偿
17483585498,2022-05-12 22:14:26,一般般吧，不是很甜还有点酸。然后最让人受不了的是他箱子里有个空。。逼死强迫症啊。。2箱都是这样，虽然够5斤
17563652089,2022-05-31 20:54:17,小点无所谓，主要是真难吃。大家谨慎购买！！！
17560751382,2022-05-31 09:46:03,没有差评过，但不知道这种苹果怎么吃
17541930785,2022-05-26 16:33:56,都烂了，不能吃。
17532892460,2022-05-24 16:57:18,又小又抽吧，第一次在京东买水果，品质这么差，很失望！十分无语。第一次差评。
17530608880,2022-05-24 09:07:55,很失望，坏果有赔付
20253143420,2023-12-15 22:52:20,不是真的奶油苹果。假的
17391655940,2022-04-20 21:27:07,第一次在京东买苹果，打开发现少了一个
14879135689,2020-11-11 12:46:39,这货是不是太真实了，真实得不要不要的，看着都没食欲，11个苹果个头都还不大，有5斤吗？？？哎
20613448140,2024-03-23 21:05:29,苹果好吃，就是份量不足
20604420857,2024-03-21 12:21:35,苹果比较大，看着很不错。开箱削皮吃了一个，有奇怪的味道，不知道是不是包装久了，隔一天又削皮吃了一个，有坏果，削皮时看着都正常，其他还没吃
20589311287,2024-03-17 11:43:22,来讲讲我为什么要给差评，首先是快递员没按照我上面的地址送货，他把货送到了别处，我没收到通知任何通知，结果我打了投诉电话。其次就是苹果不新鲜干巴巴的，没什么水分，一共8个有三个大一点的，5个小的
20557916142,2024-03-08 22:07:15,个头比较大，水分充足，有几个撞伤的客服也补偿了。第二次买了
20372144343,2024-01-17 17:49:37,商品基本符合要求，就是有点酸，我不喜欢
20328048977,2024-01-04 20:49:21,怎么说呢，有点酸，以为会很甜
20269824553,2023-12-20 00:52:28,一点都不好吃 一点点水份 哪里来的奶香苹果，还带酸
20239316846,2023-12-12 15:36:54,份量不足，净重相差半斤多点。
20231993949,2023-12-10 17:29:49,稍微有点酸，东西还可以
20195695044,2023-11-29 19:42:18,多次购买，苹果吃着是正味，有点小时候吃的味道，
18841779661,2023-03-01 16:56:00,真的很差劲，看图吧
19069970917,2023-04-30 10:23:18,总共9个苹果，7个都有伤，不知道怎么回事，我是在异地的山东人，本来想品尝家乡的味道，结果落差很大😂
18823929930,2023-02-24 17:58:22,量不足，质差！
18977739503,2023-04-02 14:26:01,口感一般，不酸也不甜。
18946439875,2023-03-27 00:35:24,味道不是很好
18940524762,2023-03-25 14:53:11,个头没有想象的这么大。吃的还可以。但感觉和正宗的还是有差距。毕竟价钱便宜。
18878185717,2023-03-09 21:00:15,不好吃，又老又不甜，和之前吃的差好多！颠覆了我对这品种的认知
18867384426,2023-03-07 10:29:30,就是黄色的苹果，不怎么的，呵呵呵呵
18825227557,2023-02-25 08:59:19,缺斤少两，五斤果只有四斤二两，歪瓜裂枣与宣传完全不符，虚假宣传坑害百姓，不良商家应该处罚！
18807909775,2023-02-20 11:01:01,有点硬，估计得放几天
18805721187,2023-02-19 18:51:56,放了很长时间，苹果浓缩变小，甜度提高了。
18784151692,2023-02-14 11:59:23,苹果🍎挺甜的，就是物流太慢了
18783772254,2023-02-14 10:16:38,蛮甜的，就是有点硬，老人没法吃
18781052547,2023-02-13 13:57:24,有烂芯，客服态度恶劣。
18781024238,2023-02-13 13:56:12,千万别买，质量，服务极差。
18780667483,2023-02-13 12:06:03,这个苹果和图片上的不一样。
18763710240,2023-02-08 18:10:00,苹果不好吃，吃到嘴里有股药味
18750583154,2023-02-04 18:25:48,虽然速度慢了点。果子买的小了点。但微甜🙃
18748098294,2023-02-04 08:01:11,好吃好看，春节买的发货略微有点慢
18745423162,2023-02-03 11:09:01,不是很大，5斤有12个苹果，还行吧。
18736673607,2023-01-31 16:26:05,苹果不好吃，好象不新鲜似的。
18715541512,2023-01-20 22:23:50,太奶了，有点小，是不是都这么小？
18696052598,2023-01-15 10:23:40,不怎么样，与描述不符，很酸！
18670779040,2023-01-09 06:28:31,苹果优点是甜、水分足，缺点是个头小，带箱不到四斤半，嫌麻烦也没找客服。
18657001901,2023-01-05 20:41:39,货收到了和图片描述的完全不一样，十多块钱一斤，个头太小，而且口感有二分之一的味道不行，有点上当受骗的感觉，一次失败的购物。
18640858332,2023-01-02 16:13:26,口感一般，酸味比较重吧。
18639787838,2023-01-02 12:46:34,特别垃圾，京东最差购物体验，小苹果跟猕猴桃一样大
18637043326,2023-01-01 20:00:12,完好运到。，味道就是一般的富士苹果味。不如红色的富士苹果脆。还是觉得红色的好吃一些。
18632755813,2022-12-31 21:03:12,与图片不符
18632124292,2022-12-31 18:48:11,不好吃，感觉像没长大的苹果宝
18620077091,2022-12-28 22:07:30,不是那种想象的脆甜，水分不多，不够脆！有点硬！
18619745349,2022-12-28 20:51:10,苹果收到了，疫情期间送货还是挺快的。个头有大有小，口感一般不太甜，不如我去年买的好吃。
18613805237,2022-12-27 14:05:35,一般吧，太小了
18606043879,2022-12-25 18:37:49,特殊原因:北京12月10下单23日收到货，没报什么希望只想着是一箱烂苹果，第二天才打开，结果惊到女儿了，苹果的清香味扑鼻，再一看整整齐齐的12个金苹果开心，正好平安夜，女儿说不是硬的是清脆汁水的没有果肉，说我这次给买的是最好吃的苹果
18570623106,2022-12-19 18:20:48,黑龙江的还是别买了容易冻
18560760333,2022-12-18 07:05:01,假货！又枣又不好！骗人的！
18508713917,2022-12-11 10:51:34,好曲折，快递到了被封了一个多星期，联系一直要等
18484014008,2022-12-06 16:14:31,好吃，脆甜，大小不一，净重4.24斤，离4.5差点
18465590912,2022-12-02 11:18:19,打了不少蜡
18404223000,2022-11-17 14:28:17,脆脆的，很甜，个头不小，还有一种味道不知道怎么说
18370207758,2022-11-11 20:40:32,我还没有收到货，点收到了货，点错了。
17743631751,2022-07-06 06:47:44,因包装问题而退货，至今仍未收到换来的苹果
17494453057,2022-05-15 14:35:37,苹果的香味不大，而且皮好厚，水分一般，口感一般，有些小贵。
17403062324,2022-04-23 17:39:43,名不符实！普通苹果！不会再买了！
17026829805,2022-01-21 21:00:25,物流速度太慢了，都快一个礼拜才收到货
17650013523,2022-06-17 21:24:47,只有九个，性价比不太高
17558586829,2022-05-30 17:47:32,苹果少了两个，无语
17552645787,2022-05-29 10:53:00,不怎么好吃，每个苹果上面像长了斑一样的
17526899061,2022-05-23 11:20:28,个头大，水分足。就是甜度差点。
17513461061,2022-05-19 23:35:35,苹果一半不是很甜，口感差
17501336220,2022-05-17 08:58:36,产品质量一般，下次继续惠顾。
17486046859,2022-05-13 15:04:28,照片与实际有少少出入差别还可以吧
17469463223,2022-05-09 20:35:21,以前买过特别甜，这次不好吃，什么味都没有，又交智商税了
17455096997,2022-05-06 16:05:30,可能快过季了，感觉没那么新鲜了
17455093648,2022-05-06 16:06:05,可能快过季了，感觉没那么新鲜了
15298545698,2021-02-06 12:44:51,非常好吃，就是发货包装不太好到家都冻了，可惜了！
20334837739,2024-01-06 19:59:42,相当不错不错不错不错
18930319432,2023-03-22 16:08:55,物流很快，👍产品很快就收到了，口感还不错，不错不错！
20733461464,2024-04-25 16:54:55,质量没得说，跟专卖店一样，特别特别喜欢，而且价格优惠材质结实，手感好，很得劲，物流也快，性价比很高，值得购买宝贝收到了，太惊喜了，质量非常好，性价比很高，真是出乎我的意料！
20698317714,2024-04-15 23:35:38,真的是黄金苹果哦，颜色黄灿灿的，水分也很足，甜度比普通的红苹果甜很多，家里人都爱吃
20695547609,2024-04-15 10:55:02,个头挺大，份量还比较足称，颜色有的比较黄，有的如图比较浅，吃起来都是比较甜的，水分也足，比一般红富士更好吃，还是挺不错的。
20635150793,2024-03-29 16:08:56,商品质量非常好，与描述完全一致，性价比很高。
20494914039,2024-02-21 10:45:00,非常好的一次购物体验。个头够大，还会再没沟买。
20400221565,2024-01-24 01:30:18,品质非常好，下次还会再次购买的。
20366335085,2024-01-15 21:22:20,不错，好好吃
20364014564,2024-01-15 10:07:06,质量很好，苹果挺甜的东西
20345106416,2024-01-09 17:02:07,非常好，下次还会再次购买的。
20334436877,2024-01-06 18:11:32,京东商城购物的体验非常好，京东物流也很快，基本都是第二天到达，商品质量有保障，我和我的家人都喜欢在京东商城上购物。希望京东一直保持下去，可以给我们带来更好更专业的购物体验。
20331535006,2024-01-05 21:08:44,挺好的！比较喜欢比较好吃？香甜脆！
20328291328,2024-01-04 21:52:44,苹果很大，酸甜酸甜的口味，喜欢吃的可以入
20217277143,2023-12-06 10:17:42,挺好吃的，甜甜酸酸的。
20179127896,2023-11-24 22:32:19,东西很喜欢，质量也很好的，这个价格能买到是真的很划算
20115078259,2023-11-10 20:50:55,以后都不会来京东买东西了
20115052408,2023-11-10 20:47:35,以后都不会来京东买东西了
18995240406,2023-04-06 18:38:36,苹果还可以吧      有的好吃      有的不好吃    不知道为什么   个头比较均匀   但是味道有的都没有苹果味&hellip;
19204388367,2023-06-09 12:44:49,包装很好，没有味道！很棒，颜色很鲜艳，好吃的很，大小也刚好，到货就迫不及待用上了，都很赞，生动形象，卖家发货快，客服态度赞，包装很好，快递很快，总体来说很满意。
19139055865,2023-05-23 16:09:22,购买两次了，很好吃。
19072984270,2023-05-01 14:15:41,很甜，很脆，孩子很喜欢吃，有活动下单还是很划算的
19044315708,2023-04-22 12:32:36,味道不错，还会继续支持。
19035272154,2023-04-19 11:07:15,货已收到，买了两箱，包装很好 没有任何破损。一箱大的 一箱小的 果子很漂亮，待会儿吃个 尝尝味道 呵呵。
19031319026,2023-04-17 22:06:52,质量非常好，与卖家描述的完全一致，非常满意，真的很喜欢，稜全超出期望值，发货速度非常快，包装非常仔细、严实，物流公司服务态度很好，运送速度很快，很满意的一次购物店家很讲信誉，而且很不错哦，在这家店买东东，我很满意。
19031316957,2023-04-17 22:06:23,质量非常好，与卖家描述的完全一致，非常满意，真的很喜欢，稜全超出期望值，发货速度非常快，包装非常仔细、严实，物流公司服务态度很好，运送速度很快，很满意的一次购物店家很讲信誉，而且很不错哦，在这家店买东东，我很满意。
19031313568,2023-04-17 22:06:37,质量非常好，与卖家描述的完全一致，非常满意，真的很喜欢，稜全超出期望值，发货速度非常快，包装非常仔细、严实，物流公司服务态度很好，运送速度很快，很满意的一次购物店家很讲信誉，而且很不错哦，在这家店买东东，我很满意。
19022098473,2023-04-14 18:17:08,公司同事推荐的一款奶香苹果，口感还不错。
18990228312,2023-04-05 09:49:37,虽然也脆甜多汁，这次收到的大果8个装，没有上次小一点的12个装味道好。
18981515568,2023-04-03 17:08:01,苹果让人垂涎万分，忍不住&ldquo;咔嚓&rdquo;咬一口，香甜的汁水进入口腔顺着喉咙，直入肺腑，清新的果香瞬间从口腔袭上鼻腔，整个人都沾染上了苹果的香气，沁人心脾有那么一瞬只觉得人间值得。，吃过苹果的朋友都说：&ldquo;这就是小时候吃的苹果味道&rdquo;，恰到好处的酸甜比例，吃完嘴里还留有一丝的微甜。
18950275835,2023-03-27 18:58:15,脆甜多汁，好吃！这次是回购了；而且两三天就到货，表扬！
18905217255,2023-03-16 13:35:27,第-次购买，~刷到不少，介绍很好。不要不要的。不是因为好吃，只因很多人没有吃过，尝尝新鲜。感觉还是较好。是不错的体验。
18907070339,2023-03-17 01:02:42,香气不正常，闻着像喷了香水一样
18896433855,2023-03-14 06:50:45,物超所值，一直信赖京东品质
18776634579,2023-02-12 10:16:05,可以，价格不贵也好吃
18768473149,2023-02-10 08:43:28,个头很小 很不满意
18743341992,2023-02-02 17:13:30,第一次买时是12月初，苹果品相很好，个头中等，口感很好。于是就很信任的买了两箱。于是问题来了！2022年12月18日的订单，居然拖到2023年1月31日早上才到货！而且基本都是小果，还有畸形果，小果居然有那种死肉现象。相必大家也碰到过，就有些位置咬下去是脆的，有些地方却是艮的咬下去棉花套那种感觉。而且有些苹果还有些有暗伤。难道是拿送果汁厂的以次充好在网店卖？！细思极恐！希望大家慧眼躲**，优选商家，买到称心产品，网购愉快。
18723953763,2023-01-26 18:58:21,京东购物多年，家里大小事物几户都是京东上购买的，不仅质量好，性价比高，送货快，而且快递小哥态度还好，虽然不能送货上楼，依然感谢这些快递小哥们！
18680223378,2023-01-11 11:01:56,服务非常好速度非常快
18669949471,2023-01-08 21:11:44,好吃，酸甜口，孩子爱吃 一天一个，
18668976962,2023-01-08 18:03:56,一如既往的好，送人了，不知道如何鉴定
18647728296,2023-01-03 21:26:09,不错 个头挺大 没有坏果 吃口很好吃完再来
18645568026,2023-01-03 15:03:32,发货速度很快，东西包装的很好，价格优惠，我很满意👍，还会回购
18610311501,2022-12-26 17:54:05,黄元帅苹果收到了，包装完好无损，果子非常新鲜，甜甜脆脆的，非常好吃，真是物有所值
17761616414,2022-07-10 15:59:53,苹果很好吃，个头挺大，还是有保证的
17540451202,2022-05-26 11:12:42,建议你们不要买，第一次发的还可以，当我买第二次的时候发十二个那么小的，一点也不好吃，而且有五个是烂了的。没见过这么@的
17588993458,2022-06-05 21:53:36,不甜不酸，老人说一点不好吃
17555288463,2022-05-29 21:14:34,满意 特别好吃 脆甜多汁
17526583400,2022-05-23 10:20:34,非常好
15334413252,2021-02-20 18:13:21,收到后一直没做评价，便宜没好货嘛，一直没怎么吃，今天拿出来大吃一惊，刚开包时，大小不一但颜色均匀黄灿灿的，如今象花脸猫一样，颜色竟然是喷上去的！放在鼻下有一股蜡味！这店家太可恶，打蜡的水果要吃坏人的！太**
15213971861,2021-01-17 20:24:14,奶油富士，看着就好吃，诱人。
20162311016,2023-11-20 12:42:30,常常购买的，价格适中，方便美味！感谢京东感谢京东快递员！
18643155469,2023-01-02 22:19:00,这个苹果真是恶心到我了，35.9元买了一堆坏的果子。问客服说给补差价，艾玛，这差价补了3天还没给。一问就说我查一下，我看一下。收款码，***号要这个要那个就是不补，而且态度也不好。建议大家不要买他家的苹果。不好吃。图片与实物完全不符，欺骗消费者玩呢。想吃就别图便宜去他们家买。12个苹果7个不好的。不知道好评是不是都刷来的。
18648642565,2023-01-04 06:51:22,包装好，物流快，价格实惠，比超市便宜多了
18571976206,2022-12-19 20:59:35,比平时要便宜，囤了不少，特别特别满意👍，超级好看😍，客服很有礼貌，很客气，良心商家，支持！
18488869810,2022-12-07 07:47:30,👌从没想过这么实惠的价格，😴能买到这么好的宝贝，😃性价比非常高，我很喜欢哦😃
18431833320,2022-11-23 12:35:31,苹果跟他们介绍的不符，很酸，还不给退货
19063406360,2023-04-28 12:40:08,一次很好的购物体验，服务周到，物流快速，配送也很周到，态度也很好，好评！
19006030281,2023-04-09 16:14:46,发货速度很快，东西包装的很好，价格优惠，我很满意👍，还会回购
