id,time,content
19026111352,2023-04-16 09:16:11,此商品还可以，但是果子与照片严重不符。包装盒我也不喜欢。反正我是不会再买了
20598127093,2024-03-19 17:23:28,刚收货，才削第一个就这种情况，是好呢？还是不好呢？
17524328126,2022-05-22 17:37:05,被挖了个洞，那走一个苹果。这款苹果不甜也不香。
17390882031,2022-04-20 18:29:40,苹果有点萎，不脆，一般般
17497283029,2022-05-16 09:41:39,泡沫包装还好，苹果十个，脆的，甜度一般
18758261836,2023-02-07 06:28:39,酸，酸，酸，吃了，都说，酸。
18754330908,2023-02-05 21:35:25,不脆   比较面   适合牙口不好的人吃
18659857177,2023-01-06 15:42:08,苹果有点涩口，甜度还可以。
18650192754,2023-01-04 13:31:35,苹果有些酸，且到货有些已经微脱水了，表面皱了
18815210450,2023-02-21 23:43:28,质量不怎么样，有些果不太好
18671721242,2023-01-09 11:45:57,就是黄冠苹果，换个高大上名称而已。
15192855312,2021-01-12 12:52:42,一共八个连盒4.6斤没有烂的，就是都很蔫巴皮。味道还可以，大家参考吧。包装破损是必须的，外包装保温箱拿胶带缠的还不破啊。
18638959333,2023-01-02 09:49:38,不好吃，没有水分
18688133531,2023-01-13 09:51:20,买的是5斤苹果，味道不错，但是只有2200克，这么贵的苹果，重量不够。。。
18787717280,2023-02-15 13:08:03,整箱承重，份量不足5斤，不实在，缺斤少两
18753328200,2023-02-05 16:23:08,不好吃，不好吃
17567271928,2022-06-01 16:14:43,第一次买很好，这第二次没第一次新鲜。有点坏商家及时赔付了。
20282365610,2023-12-23 10:37:35,太难吃了，有一股塑料味
18674239396,2023-01-09 20:54:20,根本没收到货
18875089040,2023-03-09 09:48:22,苹果不脆，有点涩，有点哏。
18907070339,2023-03-17 01:02:42,香气不正常，闻着像喷了香水一样
18905028043,2023-03-16 12:31:15,一般，不是太好吃
18486251242,2022-12-06 22:22:09,个头合适，买的小果没想到是真小，口感硬！硬！硬！
17588993458,2022-06-05 21:53:36,不甜不酸，老人说一点不好吃
18785286419,2023-02-14 17:41:27,缺斤短两
