id,time,content
17195199455,2022-03-01 20:48:40,颗粒小，不值这个价！将就吧，不退了
18671108349,2023-01-09 09:20:05,很多不开口的，也不大，不再购买
17473429609,2022-05-10 18:13:15,小果挺多的，感觉品质没有评论看到的那么好！
16339285774,2021-09-21 11:39:19,如果是自己买就不建议买了，东西少，价格还挺贵的
17130044601,2022-02-15 12:54:39,刚买完就降价6块多。商家没开通保价。生气😤
19273206281,2023-06-25 18:20:52,口感：感觉时间长了，受潮了
14664721045,2020-09-20 20:21:40,一点都不香，好像是去年的，不好吃
17508940914,2022-05-18 21:48:57,坏的太多，不如前两次！
16496400578,2021-10-21 17:25:22,一点儿也不香，不好吃
18562159927,2022-12-18 13:29:10,买过最不好吃的，不是今年的新货。
18687729462,2023-01-13 06:07:17,这次买的不好吃，陈货，上当的感觉
16645329869,2021-11-14 22:47:58,分量：感觉差一点，产品包装：真空包装吧，口感：一般般吧
18654137459,2023-01-05 10:14:41,这次没有上次好 坏果比较多
16999863756,2022-01-16 18:14:54,包装严重有问题，都是漏的，本来要送礼的送不出去了，只能送其他的了
17018403760,2022-01-20 10:40:13,好多烂果，苦的！是几年前的？差啊！
16934422435,2022-01-03 15:42:24,说的是净重、结果尼、包装就够100克
18307641116,2022-10-31 16:36:43,食物不满意说是大子开口结果不是。
19317202616,2023-07-09 11:58:51,不好吃  没有松子的味道
18751671870,2023-02-05 01:19:30,颗粒不饱满，坏的特别多
18080819032,2022-09-18 18:40:37,有一点烤糊的味道   味道不香
18926362678,2023-03-21 20:51:18,颗粒小，不新鲜了，上一当
15271325962,2021-01-30 21:46:54,坏果太多，便宜没好货。
17325527646,2022-04-03 00:08:30,这家商户良心是大大的坏了！颗粒小，坏子和瘪子不少。
18071342008,2022-09-16 18:39:50,长芽了，味道不太行，希望用心做
18506883543,2022-12-10 22:14:46,双十一买的，比第一次买的质量差远了，坑🕳️
14982583646,2020-11-30 18:19:38,打开包装直接漏的，吃了几个不是新果，真是一分钱一分货，下回还是直接买自营的了有保证
16679509845,2021-11-18 14:41:17,感觉不好吃，没有在实体店买 的好吃，感觉留了很久的
19065737323,2023-04-28 21:14:25,松子好多都是陈的，吃起来苦了
18406693991,2022-11-17 22:29:51,没有以前好了，个头小很多。
18314602722,2022-11-01 20:43:51,口感一般，坏的不少。感觉不是当年的新品！
20009466422,2023-10-27 07:33:57,没宣传的这么好，此款属于比较差的，绝对不值这价
17108235547,2022-02-10 13:58:59,跟描述差远了，坏果，不均匀，变味什么都有，有一包还泄气了😒
18699870623,2023-01-16 10:15:36,快递丢失，一直没找到
20433357289,2024-01-29 12:53:37,质量不行，抓了一把吃出来三个坏子。味道也一般。
18808358446,2023-02-20 12:30:52,没收到任何东西，没收到任何商品，也没有电话，莫名其妙的签收了，莫名其妙的确认收货了。
17038824509,2022-01-23 20:39:51,产品包装差。快递5天时间 有2包这样的 情况。包装破损  松子都不好吃了。面了。
18415436513,2022-11-19 20:16:08,有一小半没开口，吃啥啊，拿牙磕吗？
17182629001,2022-02-26 21:15:36,买了几次了，这就发的比较差的了，基本上是炒过头了，焦的，苦的，空的比较多了！！！
20476853420,2024-02-14 17:33:27,这次松籽买的质量不好，吃到嘴里不新鲜，里面有陈的
18656115311,2023-01-05 17:45:35,颗粒小，分量估计不足。
18386320119,2022-11-14 12:07:30,松子有好多是不脆的，有好多口没有开
17990654456,2022-08-31 06:51:02,陈年老货 本来可以吃到今年的刚打下来的松子 越吃越多坏掉的
18314606504,2022-11-01 20:44:36,口感一般，坏的不少，感觉不是当年的新品！买的很亏！
18502760322,2022-12-10 07:21:23,果粒小，佷多不开口。
18764035777,2023-02-08 19:45:30,为什么这么多好评，吃10粒中有一粒是坏的，或者是瘪的，搞不懂这么多好评哪来的
20433361902,2024-01-29 12:54:22,质量一般，抓了一把吃出三个坏的，松子仁的味道也一般。
18669936971,2023-01-08 21:10:10,忘记第几次买了，这次换包装了，本质也下降的2个档次，坏的好多
18413680469,2022-11-19 14:16:55,之前买过还行双十一买了两斤感觉是剩的，不开口多还小
19991838888,2023-10-22 11:35:59,味道不怎么样。，口感：怪怪的，像炒糊的又不像炒糊的。
16330268138,2021-09-19 20:46:11,一开始买是看着评价还不错买的，买回来有点皮，以为就几个正常，没想到越往下吃越多皮了的，而且好多憋的，发苦像是坏了的，不知道好评是怎么来的！理性购买！
18403140416,2022-11-17 10:54:42,这是第三次买，不如前两次好，坏的非常多，因为买了两次觉得不错，就回购了，谁知道质量差太多了
18731767438,2023-01-29 21:52:39,松子都发芽了，口味不好，还没有55元500g的好吃。
18236771291,2022-10-19 14:29:55,说老实话，枯壳不少，个头也不大，怎么说了，要有个四分之一是枯的
16157169616,2021-08-18 17:20:43,丢了，10颗有5到6颗坏的，看见是助农产品才进来买的，打算饿时吃的，不懂好评哪里来的。。。。，，
20488419577,2024-02-19 11:03:08,买过好几次了，之前的都很好，这次的有齁味，还有很多那种发苦的。这次质量极差啊！！
16150101319,2021-08-17 13:11:48,看评分还不错才买的，味道和颜色感觉不像新货，或者掺着卖，坏子率感觉超过卖家承诺3%，卖家有退货险的，这个还不错，只不过嫌麻烦没退。
16681911654,2021-11-18 20:00:34,应该是新货里面参了老货，平均大概每吃十颗里面就有一颗是带苦味的，比较干煸，没有我在百草味买的好，百草味的500克装的，很少能吃出来苦味，这个开口率倒是还可以，没开口的少
18273482990,2022-10-24 21:35:13,发苦还有点儿臭鸡蛋味儿，一点儿油性都没有，应该是陈货。
17145927079,2022-02-18 21:10:57,抓了7把100个松子进行了随机测试，发现坏果率大概是在8%-15%这样子，不是商家宣传的3%，闲着没事干测了一下，反正我这一袋坏果率是这样子
20517729529,2024-02-27 20:41:32,第一次买的不错，吃完后便又买了，第二次的品质特别差，杀回头客！不是良心商家。这样经营早晚关门！！！
18255323380,2022-10-21 19:55:03,商品符合度不一样，大小不一致，关键里面很多苦的，恼火
20436100449,2024-01-30 07:49:20,上当了，不是大颗粒，个头小，味道不好，有点发苦，不建议大家购买！
14566433798,2020-08-24 18:17:40,吃到的第一个***瘪的松仁  苦 ，以为一斤松子里面难免有几个，可是抓了一把吃起来后才知道不是有几个，是好些个  只能说质量不咋的
18387422826,2022-11-14 15:10:13,10个有2个不开口的，还得有3个开口但是打不开的！用钳子打开后里面的仁儿都不新鲜！不回有第二次了
18294852161,2022-10-28 15:21:26,跟以前不一样了，大家别买了，应该是陈货，不好吃，没有油脂的感觉，干巴巴，一点不香
18690591599,2023-01-13 20:12:50,我买这家松子不下10包了，一直都不错，不然也不会回购那么多次，但是这次买的大小不均匀，整体偏小，不如之前吃着香，只是吃了两小把就发现比之前坏的也多。找客服说是批次问题，但我认为这是品控不过关，不会再回购了，但麻烦的是还要再找好吃的松子。说是可以退货，但我也不知道我吃的有没有超过10%，超过就拒收，退货也麻烦
15222196944,2021-01-19 20:34:54,这个松子坏子很多，不建议大家购买
14786750427,2020-10-23 10:29:27,不是开口松子呀，骗人了
16795444304,2021-12-10 21:57:16,松子太小了，不值这个价！
17081746019,2022-01-31 15:49:14,商家严重失信，服务太度差
14971326278,2020-11-28 02:48:24,超级不值得！贵而且还不好吃！
15752836625,2021-06-03 07:55:35,松子太小了，本来冲着扶贫产品买的。
17001262661,2022-01-16 23:18:32,物流太慢。熟了，有的都发芽了。
16162125849,2021-08-19 14:40:01,坏的有一大半，上当受骗的感觉，都不要买
17245023604,2022-03-13 09:43:30,坏果真心不少。失望的购物体验
15233488254,2021-01-22 12:42:49,这辈子吃过的最小松子，没有之一！！！
16284973804,2021-09-11 05:30:38,好多都没有开口 好多坏的 差评
16834319480,2021-12-18 14:19:28,太小，口没开开不好剥皮
15121910198,2021-01-01 16:54:09,松子有坏的，苦的也不少，质量非常不满意
17081948400,2022-01-31 19:37:24,空的太多了 没开口的也多  完全不值这价
15739759013,2021-05-31 11:54:03,松子太多坏果，有一半都是坏的，好苦，良心评价
15224998988,2021-01-20 14:32:13,跟其他家比起来不饱满，还有瘪的，差评
14646926870,2020-09-15 22:45:39,松子吃起来一点都不新鲜，基本是陈货，口感很差
14816764842,2020-10-30 16:53:31,臭子很多，不值这个钱。必须差评，口感：臭，产品包装：垃圾，分量：少
15194706429,2021-01-12 20:37:54,全部都是这种走油的，说是新松子？骗鬼呢？
17513174655,2022-05-19 22:03:54,东西不咋样，坏的太多了，苦的也多
16157854119,2021-08-18 20:20:33,这次非常差，很多坏果，而且不新鲜，希望你们改进不要卖这种质量问题的
16643975378,2021-11-14 20:12:38,拆开来吃，发现很大比例的过油了，不新鲜
15900680272,2021-07-01 08:36:34,坏粒太多，坏粒达到10%，没有我之前买的那个商家的好，人家比这家一斤还便宜10元钱
18232703838,2022-10-18 18:35:48,差评，太小，而且坏的还多
16543151571,2021-10-30 19:54:05,这样的货，只会买一次。砸牌子。太差小个，真的不建议别人买
18673176532,2023-01-09 17:19:40,好多坏的，而且比市场买的小很多
16687749339,2021-11-19 19:32:44,98%都长发芽🌱，卖给人吃，良心不会痛吗？还打着助农称号
16161220796,2021-08-19 12:17:16,说实话真不咋地，你就这产品还助农呢，欺骗消费者助农吗十个有八个范油的，这也不算便宜啊，怎么能这么差的品质
17124327488,2022-02-14 10:57:33,一个星期才到货也就算了，我买两袋，还少一袋。问客服还一直不回消息。
20465985945,2024-02-07 20:01:47,假货，贴牌货，货不对板，千万别上当。
20554894257,2024-03-08 09:21:48,本次购物太差了，大把坏的，差评
20069616739,2023-11-01 14:53:52,史上最垃圾，没有之一。还是不要上当了。
17153681430,2022-02-20 14:00:26,一般，大的大小的小！还有空的，坏的！！！！！下次不买了！！！！！！
18193675102,2022-10-10 19:42:31,刚买来吃了一把就扔了，品质差远了，垃圾食品。
16720950471,2021-11-25 16:47:40,只有给你差评了大部分都是黄子  没有松子的味道
17937166379,2022-08-20 13:47:55,一次比一次小，有很多没松子仁的，质量明显下降很多
18410090054,2022-11-18 17:44:48,松子没有不好剥皮，空心松子不少，差评！
16834361704,2021-12-18 14:30:08,口感觉得三年陈松子，一点味道都没有！上当了，实在是无语。
20195138920,2023-11-29 17:00:39,超级垃圾。妈的客服那态度，**了。赶紧关门大吉吧。
16086431551,2021-08-04 16:39:17,平均4个坏一个，跟客服反馈竟然还保证坏的在3%，睁着眼说瞎话，最糟糕的一次购物。
20600122039,2024-03-20 09:51:32,卖的垃圾食品，有一半是烂果，有需要的不要买
16819106637,2021-12-15 16:12:47,真的很差，基本无法食用，吃起来一股蛤喇味，应该不是新货。购买须谨慎。
15059405670,2020-12-17 14:58:44,基本每个松子都生了芽，我上网查了一下，生了芽的松子不能吃，差评
17050363314,2022-01-25 16:34:33,颗粒太小了不值这个价，街面上比这颗粒大的价格一样
20510533493,2024-02-25 20:59:20,买了这么多次 松子质量越来越差了 坏果多松子小
17883468807,2022-08-07 17:59:41,坏的的比例太多了，几乎达到了百分之十，给差评！
16714325156,2021-11-24 12:09:33,非常不新鲜，松子应该是放了很久的，味道很奇怪，有坏的苦的
18541787303,2022-12-15 19:53:00,质量太差了，有小一半要么坏的，要么就是不开口
15766902117,2021-06-05 23:18:24,多次购买这家的开口松子，这次的收到的开口松子是最差的一次，而且这次拍了两袋都不好，都是放沉变质.变味的松子。本人从未给过商家差评，因为这次拍的二包松子也不是挺便宜的，价格这么贵的产品给客户发的全部变质变味的松子。大家想想是给好评吗？
17460092912,2022-05-07 18:49:29,4.27下单预计五月四号到5.7号才到，中间那么长时间干嘛了，我催单才和我说我们那疫情原因没办法发，然后呢今天到了，这不是可以发快递吗？而且别的快递都可以。
15315225195,2021-02-11 18:58:39,货收到了，不过货不是当年的松子吃，起来不香～一股唔性味！，口感：陈年旧货味道很差！
18179106301,2022-10-07 20:01:38,坏果特别多 很差劲 打着助农的口号再这欺骗消费者
18388742529,2022-11-14 18:44:43,颗颗太小了，而且还10%的没有开口
18255355903,2022-10-21 19:58:46,都不想评论，大小不一，苦味很多！
14678494234,2020-09-24 12:40:56,吃几个就有一个苦的得吐掉，个别新鲜的味道还行，榛子没一个是能吃的。。算是**，客服还说熟的都这样。。。估计是新货陈货混在一起，客服说开封试吃退回去的都随机赠送出去，不会再包装销售，真是谎话张口就来。。
20012424166,2023-10-27 21:09:16,太差了，这能叫大松子吗？去年买的还好，今年咋这样了？
16697722725,2021-11-21 16:40:52,第一次购买 商品发的顺丰快递 1天就到了 质量也还不错 结果第二次购买发的韵达 邮寄了一星期 松子质量小的比较多 坏的也明显增加 客服一直强调百分之三 我天天是陪你数松子的么 服务不怎么好
17242100258,2022-03-12 14:01:26,超级小&hellip;怎么还好意思叫特大&hellip;.头一次买这么小的松子
14471443744,2020-07-29 13:28:37,好评都是托吧，松子瘪的不计其数，黑的就更不用说了，差评!
15264845906,2021-01-29 12:53:00,最近买了五家的松子，价格都差不多，这家最差。小，甚至有些不开口。左边是这家的，右边是别家的。对比超级明显。
16219554933,2021-08-29 20:10:34,买了多次了，之前买的都很新鲜，这次一次买了10包品质就下降了，色泽很黑，口感很柴，明显是陈年的松子。坚持做好品质就那么难吗？非要挣**钱
18698813908,2023-01-15 21:43:01,坏果有点多，买之前没看差评，刚才看了下以前的差评，和他们说的一样。
20413496338,2024-01-25 19:02:46,极度难吃，一点都不香
18674504044,2023-01-09 21:50:55,和描述的不符，买回来后小的可怜，感觉和大号的瓜子有的一拼，建议大家谨慎购买
18638966145,2023-01-02 09:51:48,商品一般般，客服超级垃圾，一颗星都得不到，如果再用这样的客服，估计店家会被它坑垮
18663499582,2023-01-07 13:37:21,明显不如第一次购买体验好，质量越来越差，大小参差不齐！冬季出油率还那么高！无语😓
20436627317,2024-01-30 10:53:51,很多坏的，毫不快夸张20个里面就一个坏的。希望卖家多把控品质，买给孩子吃的，孩子吃了说妈妈很多坏的，
18189275894,2022-10-09 20:07:29,返松子已変味，一股哈喇味，太难吃。全丢掉了！
20008362166,2023-10-26 20:07:25,大颗粒？是发错了吗，太小了吧，和去年的比差得不是一星半点
18529834499,2022-12-14 09:49:28,颗粒小，未开口的多，坏的比较多，商家**！与广告严重不符
18265304566,2022-10-23 13:30:49,臭子，不开口，规格不均匀，体验很差，不会再买
16605454120,2021-11-09 13:30:38,我是按上次购买的链接再次购买的。便宜了十元是因为我使用了双十一的优惠，这不是你们给差一点的东西的理由。这次买的明显比第一次小颗。你可以老实在做一个链接，以便宜的价格卖小颗的。而不是我趁特价，你给我这样的。
20192361999,2023-11-28 20:04:48,前三次买的都是真空包装的。这次进气了。变质的有很多。跟前三次完全不一样。太差了。
16688973565,2021-11-19 22:44:22,第一次买的松子还可以，后面买的两包，打开完全不是那个味道，像是去年的存货，每科都是带发芽的那种，这个太让人失望了吧。还有坏的，很失望
19783042447,2023-09-21 07:01:11,很多坏的 整体不新鲜 网购就是把实体店里不新鲜没人要的东西发走吗？网购就没有真实保质期吗？商家自重！
19865282040,2023-09-29 13:57:37,标的是新果，实际上发的是陈的。都油掉了有味道了。非常差劲。发芽的陈年果子拿出来卖。
18055394770,2022-09-13 09:50:04,：京东原承诺购物送到家，我购买了几次松子.夏威夷坚果，都要我跑三公里去取。京东是在搞欺诈吗？如是则请在电视上声明吧。
18422337162,2022-11-21 11:49:56,连续买了三次，第一次好，再买，第三次坏仁多，味道差，可能是陈货，差评，辜负消费者信任
18470957699,2022-12-03 17:57:01,第三次买了，这次包装变了，松子品质也变差了，吃了多几个都有怪味，不新鲜的那种怪味，已经全部丢了，特意来给个差评，给大家提个醒，以后不买这家店铺任何商品。
16489427049,2021-10-20 11:55:52,说实话，你这松子为啥便宜，个头太小了，都是塞漏子，真的太一般了，不想退了，麻烦
18177768926,2022-10-07 15:29:25,上当啦，很多坏的，大部分没法吃，哎，买了一斤，坏了一半，真是上当受骗啦，别看图片，都是假的
18239496879,2022-10-19 22:45:43,多次购买后，口感最差一次，买的时候标是今年新子，现在已经不标是新子了，口感明显不行，有大量坏子
17663671682,2022-06-19 21:51:54,这次的品质太差了，不但个头小，还有很多是坏子，让我很失望。之前在他们家买了三次，松子的个头和饱满度都非常不错。这次为什么这么差？
18870231649,2023-03-08 05:26:27,大小混装，非大颗粒，吃过的松子当中，这个口感最差劲，太酥了。
18220681118,2022-10-16 15:39:20,好像是第三次买的，必须差评，颗粒小不说，口感太差了这次，都是硬的！，一星给物流！
19120034863,2023-05-17 14:47:46,坏果比较多，然后就是口感跟刚开始买的不一样，有种放久了的那种味道，就商家的态度和产品质量来说以后不回再回头买了，网购很多年很少给谁家不好的评论，很失望
18262743174,2022-10-22 23:36:07,很一般，吃十粒里面至少有一粒坏的，坏果率很高，有点失望，不会回购。
19189075199,2023-06-05 18:04:38,纯纯的**，松子掺一多半小颗粒松子，可以说全是小颗粒的，，他家东西大家别买了
20267088083,2023-12-19 12:55:27,松子太小了根本不是大粒子，与图片上广告区别太大了，有点欺骗消费者的嫌疑！希望京东平台严格把关要求这些商户！！！
19544899851,2023-08-17 09:03:17,松子收到了，哈喇味的挺多，不好吃，有点被骗的感觉，不像商家描述的那么好。不会再购买了！！！
18415661009,2022-11-19 21:02:33,百分之十五的小果，还没有黄豆大，百分之五的坏果，还有百分之十的未开口的，真的太垃圾
20742343521,2024-04-28 00:32:27,京东没的说，关键是这个降价，商家也太鸡贼了，都不敢开通价格保护，之前一直在这家买，到手不到一个星期直降10元，真的很过分
18267295032,2022-10-23 20:03:04,连吃了几个都是哈喇味儿 全扔了 实在是对不起长白山助农馆这个招牌
17851883620,2022-07-31 09:53:03,这次的松子真的很不好，很多坏果子，后面我就不给孩子吃了，第一次买的时候真的特别好，整袋都没吃到三五颗，这次回购很失望，抓一把吃最少五六个坏果子，不是酸就是苦的，不会在回购了，很想助农，但是希望把自身品质做好，这才是做生意
18383181790,2022-11-13 20:27:00,太次，很多都是不开口的，吃着太费劲了，口感也像沉货，味道不像新的！
19139178973,2023-05-23 16:46:43,年前年后这是应该是第三次购买了，不知道是不是时间原因，这次的质量简直堪忧。坏的多，而且明显感觉走油严重。
16717207256,2021-11-24 21:01:05,这是第二次买了，非常不好很多坏的，十个就可能有一两个是坏的，苦得我是吐都吐不过了，开始给我女儿吃我自己没舍得吃，因为剥皮太辛苦让她吃看她吃几个又不吃了也没太在意，后面发现前面买的那包一口气可以吃两抓 ，这次的就吃几个就不吃了，剩下我吃发现太多苦的难怪不吃了，真不推荐买，客户一直说它家是筛选的没有坏的，我买回来才一两个星期，难道就放坏了
18638662424,2023-01-02 07:59:11,差评 没什么味道 吃起来根本不香 开心果特别咸 太咸了对人体不好 客服态度也差 爱鸟不鸟 说话阴阳怪气，口感：差
18394775401,2022-11-15 19:11:51,果子小，不建议购买。他标志说是大果，但松子太小，与描述不符，口味像去年的松子，放时间太长，不好。还有快递，盒子送来都烂了，送货时间也过长，打着助农名号骗钱是吧。
18557038229,2022-12-17 18:00:47,啥破烂松子，疫情给女朋友买的，说不好好吃，我还以为有多不好吃，还以为女朋友嘴刁，过年放假了拿回来我吃，是真难吃，十个里面有三四个苦的，还有三四个感觉放了好久的！
18191386904,2022-10-10 10:21:46,千万别买了！现在买就是上当，之前买了两次，包装是银色口袋的那个，确实是新货，质量好，这第三次包装换了无所谓，但是明显的个小了，而且最重要的是，不是新货了，一点儿不香，原来果仁是白色的，现在的都是黄色的，还写22年果，商家的良心呢！，口感：差，不是新果！
19116381210,2023-05-16 12:13:15,不好，果子小，而且有油哈味！这味道一开袋就闻到了，真的是太差了！也不知道好评是怎么来的，早看到一两个差评我就不买了，还买了两斤，后悔死了！真的是难吃！别家吃一大把都不会感觉喉咙不舒服，这家吃图片上的一点点，喉咙就感觉不舒服了！
18113280855,2022-09-24 21:23:37,东北松子今年是小年？你大概不看其他博主的是吧？松子小也就算了，别找借口！包装的口很难撕开，大家都懂！同样的价位视频号可以买到很多比你好的！
20464976626,2024-02-07 13:55:54,好评哪里来的？果子虽然新鲜，但是很多很多很多坏的，眼睛看的见的坏果子也很多，有些还外表看不出来，吃的好好的突然吃到一个苦的，很倒胃口。再也不会买这家的了。估计这些好评很多都是刷的，无语至极。京东买松果第一次买这么烂的果子。
18439609787,2022-11-25 11:57:33,林谷森园 开口松子 大颗粒净重500g 坚果休闲零食手剥东北红松子散装，之前在他们家买过其他产品觉得还可以，结果这次的松子真不行，个头不大不说，关键是又霉味的太多了。
15216397354,2021-01-18 13:52:42,手部过敏严重  敏感体质的 不建议
16662534411,2021-11-16 16:34:50,这松子不是今年的现货，一看就是去年的
17453629781,2022-05-06 11:15:57,此用户未及时填写评价内容
17572749650,2022-06-02 17:46:34,是油炸的，不喜欢，不是健康食品
16988997699,2022-01-14 16:02:07,质量太差了糊弄人不良商家以次充好
14552537658,2020-08-20 19:10:11,口感：差差差差差点没我油耗死。从来没吃过这么拉圾级别的松子。碰到这样的卖家，算我倒霉。呸！
16976496089,2022-01-11 20:20:45,降价无常，不靠谱
18746561063,2023-02-03 16:48:57,吃了好多苦的，跟超市买的差别很大
19197434029,2023-06-07 17:29:14,与商品描述严重不符，上当受骗，不再买京东平台的东西
15956298802,2021-07-09 20:56:10,买了几次，一直不错，这次坏的特别多，失望了
14487617264,2020-08-02 20:55:20,变味的比例太高
15184221802,2021-01-11 13:04:43,#商家，烂的很多，吃起来苦，请大家慎重选择
14542544160,2020-08-18 02:58:11,不好
18209375552,2022-10-14 13:20:38,巨难吃，苦死了都扔
18451982437,2022-11-28 18:45:31,口感太一般，不好吃
18604186996,2022-12-25 14:08:06,味道一般没有香味
18695179582,2023-01-14 22:46:17,很多坏的，还特别小
18236920796,2022-10-19 14:56:24,质量非常差。大量坏果，还有大量打不开的
18869750951,2023-03-07 21:50:52,不建议大家买，陈货
19018014561,2023-04-13 11:22:19,您没有填写评价内容
19099758754,2023-05-10 18:54:13,果子小，坏果还多
19106920725,2023-05-13 10:16:26,有点霉了，下次不买
15877205523,2021-06-27 12:16:39,有点失望
16193916019,2021-08-25 21:30:56,坏的太多了
16286060867,2021-09-11 10:21:43,好多都发芽了明显不是今年的问客服说是内部压出来，内部压出来的会发绿芽，而且客服这个态度真的是，
15034547664,2020-12-12 15:31:34,跟芝麻一样大
20421371938,2024-01-26 19:37:46,购买失败 无性价比
20434624941,2024-01-29 18:31:25,陈的，什么也不说了
15119493439,2020-12-31 21:41:35,跟对象买的，说里面很多苦的。京东啥时候都比不上~了
20543791314,2024-03-05 13:36:28,个头小，很多苦的
20570439338,2024-03-12 09:01:05,比较多坏的，粒小
15604189718,2021-04-26 15:12:48,有好多坏了的
14458228195,2020-07-25 21:21:04,好多坏的
16978494398,2022-01-12 11:26:24,颗粒小了
17024632605,2022-01-21 14:07:34,松子非常小
17083928488,2022-02-01 19:39:33,差差差
17198582218,2022-03-02 17:43:50,难脱壳口感差
17257723561,2022-03-16 11:42:56,2月27买的快递，3月16都没送到，第一次说京东忘记取货了，3月12说补发，3月16都没发货，每次问都说好的，每次都不解决问题&hellip;&hellip;
20535948334,2024-03-03 15:33:10,没有第一次购买的品质好！陈年老货！店家#商家伤害回头客！
17111169638,2022-02-11 10:01:14,以前买过几次这家松子，给过好评，没想到这还坑起老客户了，这两袋松子能坏了一多半，真是再不会买，这吃了又不能退货，想买的要小心点，
20531342118,2024-03-02 12:50:18,松子好多发黄发苦的，陈果多没法吃
18869661596,2023-03-07 21:24:18,太差了，明显和上次买的就不是一个档次，专门欺负回头客的，店家太#了！
17312171345,2022-03-30 14:35:48,第一次买还行，第二次买时卖家写错了单号导致发货去了北京，人都会犯错，这也能接受，不过询问了多次发货情况和包裹派送情况，卖家没有一次回复的，装聋作哑的多日，8日后终于送到了，期间申请退货了三次，向京东反应了两次，没有一个回音，真#啊。
19267138191,2023-06-24 04:06:15,不香，有股变质，湿潮的味道，籽小。
18233868302,2022-10-18 22:13:50,只是真实评价一下  松子沉了 不咋地，口感：差
17074429544,2022-01-29 20:10:11,这京东现在是越做越大，是不是店大就开始欺客了！！！，22号下单的东西，显示26号派送，现在都还没收到，问客服，客服退物流，物流说回复，到现在也没消息，厉害哇！！！！！！！
18869665802,2023-03-07 21:26:42,这回买了12包，每一包都很差，明显没有之前买的好，店家欺负回头客，先用好的当诱饵，等你回购的时候给你差的松子，太#了，大家不要回购！
18177754644,2022-10-07 15:26:34,非常差，很多坏的，变味啦，吃了容易得病，商家良心没啦
18695164688,2023-01-14 22:45:35,有很多坏的
18871561082,2023-03-08 14:20:26,坏的很多
19992701313,2023-10-22 16:35:36,里面好多坏的
20459519967,2024-02-05 17:21:38,颗粒不大
20475125759,2024-02-13 18:33:07,不好，有苦味
16814539209,2021-12-14 18:06:38,真不知道好评是怎么来的，这家的东西不够称，还声声的冤枉他，谁愿意上当谁买吧。我是被骗了两次，幸亏第三次发现了
20483422687,2024-02-17 15:53:44,松子很差劲，大部分都是苦的，不好吃，最后一次购买
18399657556,2022-11-16 17:05:12,一点都不好剥，指甲都疼死了。又不舍得扔掉，慢慢来吧。，以前2天能吃一斤，这次买的一斤估计要吃至少1个星期了，这倒是省钱。
20461668625,2024-02-06 12:00:26,从不在京东上恶意评价，都是打好评，这次太不好了，店铺上干果不好吃不好吃真不好吃
20000366254,2023-10-24 20:18:54,由于信任，回购这款松子很多次，但这次非常让人气愤！，虽然包装日期很新鲜，但松子品质参差不齐，里面还有很多坏果！详见下方图片，不建议大家购买。
17649574320,2022-06-17 19:44:59,去年买了两次。口感可以服务可以，现在不行了，是库存品吧！收到的也不是真空包装，说是运输问题。今天又是同样问题袋子没有真空回软了，口感不好，要求换货，不麻烦吗？，口感：回软，不好吃，产品包装：没有真空包装，收到袋子鼓鼓的
14629220363,2020-09-11 08:32:03,打开口袋就是一股霉味，抓了一把，吃了几个大多是苦的。根本不是正常的味道，要么发霉的。要么烂掉的。要么黄褐色的果子，仓库挤压的网上卖！快递还送了6天多。不会再买了。不知道那些好评怎么评出来的！
18375522731,2022-11-12 17:12:13,一般不评论的，如果可以，一颗星都不想给，我以为松子都一个味，真的没想过能这么难吃&hellip;&hellip;一点香味都没有，还不如嗑瓜子&hellip;&hellip;这个松子，是真心真心难吃，而且还有的扒不开&hellip;&hellip;
