id,time,content
16496377119,2021-10-21 17:19:28,松子好小，买了才知道
20461339869,2024-02-06 10:16:02,颗粒挺大但是味道一般
17109961632,2022-02-10 21:00:32,颗粒小，好多没开口的
18390952493,2022-11-15 05:17:39,比起上次買的，同樣的價位，小了很多。
18232476512,2022-10-18 17:53:06,第二次购买，没有第一次的品质好。
15276872208,2021-02-01 09:51:27,包装挺好的，但是松子有点小，有个别坏的。不过挺好吃的
19129141751,2023-05-20 13:23:20,味道，口感都不错，是东北原产地
18874217886,2023-03-09 00:03:22,松子还可以.开心果有很多空壳不
18201067099,2022-10-12 16:43:17,第一次买的还行，回购后质量不行了，吃着不香
17535068854,2022-05-25 07:50:17,第一次买一包质量最好，个个大粒。买多了，熟悉了小粒多起来了
16955899191,2022-01-07 16:46:11,共买了三家的，这家相对小颗粒的多，变色的多，长芽的多
17180680891,2022-02-26 13:36:43,物品质量一般，里面有的坏的。但习惯在京东购物，家里的大小件基本都是在京东买，售后服务也好。
18711093197,2023-01-19 14:31:03,饱满度和味道都可以，但属于中小号，不推荐
18381736926,2022-11-13 16:58:49,松子还好吃，就是很多没开口的，也不知道咋吃
15086191190,2020-12-23 16:25:27,口感：第一次买非常好每个都很新鲜颗粒饱满 但是这次回购吃起来好多都是变味的还有空壳
16349078684,2021-09-23 11:09:02,松子个挺大，就是闻着，吃着感觉不是太香，总体来说还行吧
18400725279,2022-11-16 20:14:59,买了好几次了，以前感觉挺好的，这次的开口率很低，感觉也小了
17174401535,2022-02-24 23:43:53,经常买，但是最近买到的闭口的，还有半开口开不开的很多，这样就浪费了很多，味道不错，很香，没有以前买的好，现在物流很快了。
20008437195,2023-10-26 20:23:50,我很少评价商品。这次购买的东西日期新鲜，但是，坚果可能是新鲜的和陈货混装的，部分坚果剥开有油哈味
17025556990,2022-01-21 16:46:37,整体一般。先说口味，还是不错，有松子原本的香味；再说个头，只能说是中小子，大子完全算不上，所以这个价格也不能算多实惠吧。
17963240232,2022-08-25 16:11:06,第一次买的还挺好的，这次就买了两袋，谁想到这次的不好，好的里边总是有几个坏的，吃的正兴起，突然就有发苦的，好扫兴！
18445144794,2022-11-26 20:46:03,原来这种颜色均匀的都是炸过的，棕榈油炸的本来为了健康吃这个，棕榈油一炸瞬间不健康了，只能怪自己无知，商家给科普了下，那种黑斑点的才是炒的没炸过，希望别的买家注意吧
19805781011,2023-09-23 14:36:05,之前买过，非常好，颗粒大果实饱满。很久没买了，这次买的比之前的小了很多，基本上都是小号的，虽然价钱优惠了10块钱，但我还是愿意买之前那种大个的，口感差了不是丁点
16542075210,2021-10-30 16:06:43,外观，口味等都很不错，口感也很好，问题就是颗粒太小😡😡😡，每500可1100粒左右，这还声称大颗粒的！性价比太差。买此类货一定要买商家标明每斤有多少粒的，这个价格能买到850&mdash;900粒的啦！！！！
15423249421,2021-03-15 15:30:22,和我平时买的大小差不多，没有感觉大。
16847647890,2021-12-21 10:00:42,为什么有一袋不是抽真空？
15609161628,2021-04-27 20:05:07,有5%的坏的，没有描述的那么好
16673346402,2021-11-17 17:46:31,没去年的好，不新鲜，剥开油
15097607706,2020-12-26 12:29:20,没有对比就没有伤害，实话讲，很一般。
15208505733,2021-01-16 12:53:25,颗粒小，有一部分长芽了
16610663989,2021-11-10 10:37:32,怎么全有芽儿呢，主要是有个别的发苦
16699414632,2021-11-21 21:33:55,松子大多都发芽了，应该时间长了
16559986029,2021-11-02 15:37:42,不怎么样，吃起来感觉不新鲜。
16677598956,2021-11-18 09:53:17,不是很大，而且有些没开口
17010557069,2022-01-18 19:15:26,松子吃起来不脆，是软的
16052500316,2021-07-28 20:55:37,刚买没两天就降价了，不想多说
16078047967,2021-08-03 10:15:08,一般，有好多坏的，说百分之三，我觉得比那多
16689837306,2021-11-20 07:23:05,不太好吃，不新鲜，不会回购
16635030290,2021-11-13 16:09:41,松子跟描述的大小有差别外，其他还好
16675188864,2021-11-17 21:47:19,很多坏的，发苦了，出油，不是今年的，慎买
16200628896,2021-08-26 18:28:32,有苦的，一小把吃到仨，配料还有棕榈油
16582431397,2021-11-05 19:58:18,松子不够大，甚至可以说比较小
16821371493,2021-12-15 23:37:42,口感一般，坏果和空壳比较多，不推荐购买
15700398743,2021-05-21 14:42:20,这次买的不如上次好，不仅个小还有土。
16927490201,2022-01-02 08:13:20,一般般，坏果比较多，不建议买。
17046850139,2022-01-25 00:00:36,好多没开口  咬不动   感觉是陈货
17051866328,2022-01-25 20:31:55,明不是新松籽，沉的已经发黄了，也不香
17551970106,2022-05-29 07:07:56,松子颜色不好，味道不鲜
14443904113,2020-07-21 21:53:53,应该是放的时间有点长了，部分有异味。
17003914455,2022-01-17 16:23:18,未签收快递，快递点自动签收，订单自动完成，厉害！
17178598386,2022-02-25 21:34:31,买过多次，最近的一次质量不太好，坏的比较多。
17551354655,2022-05-28 21:52:15,参有小颗的，吃了一会就会有颗坏的。
17094868974,2022-02-06 16:32:59,我只能说这个不是新货，不大有五分之一是坏果！
17083481316,2022-02-01 16:55:44,松子有的仁儿，是长芽的，一分钱一分货
15416348190,2021-03-13 17:54:33,不怎么好，感觉买贵了。
16646614707,2021-11-15 08:15:50,没有按预订的时间送到，且收到货袋子破损，有一袋已经漏气了
16643253939,2021-11-14 18:45:29,松子比第一次买的小很多，而且口感感觉有些是坏的，品质不好
17087694213,2022-02-03 20:37:47,没开口的比较多，抓一把，总是有好几个是不开口的。不开心☹️
15108086481,2020-12-28 21:44:17,东西是好吃，不过长得太小了，口开的小
16064609384,2021-07-31 17:08:08,一般，最大的和其他的不是一批，大的几乎都是坏的，其他的就是45一斤的品质，实话实说！
18396310444,2022-11-16 00:02:58,不好，陈货，好多坏的瘪的。
16636996496,2021-11-13 20:29:55,松子不大，味道一般，吃起来不够香。
16226301116,2021-08-31 08:48:12,不好吃，籽都发暗黄了，有种出油的味道！扔了！
19179231918,2023-06-03 15:27:09,这次买的松子有点不新鲜
19120907754,2023-05-17 19:35:41,不新鲜没有真空包装有坏籽
18437434287,2022-11-24 19:10:22,没有第一次好，这次有好多坏的
18622853532,2022-12-29 17:11:41,味道一般没有去年的好
17910242372,2022-08-14 10:21:07,不是很新鲜了，而且有一些都坏了。
17148902074,2022-02-19 14:17:15,大小均匀一点，未开口的和坏的再少一点就更好了
16351025381,2021-09-23 19:03:15,应该是陈货，没有应季的松子吃着香，有点发哏，
18837967351,2023-02-28 15:04:15,开口松子，说实话，品质一般般
14614518091,2020-09-07 10:02:52,味道一般，开口的并不是很多不是很满意，懒得退了而已
17230474438,2022-03-09 18:47:54,比上次买的还要差  都多没有开口的  里面好多干的。
17685406879,2022-06-23 16:20:05,已经回购几次了，这次的坏果明显比之前的多。
17685064773,2022-06-23 15:12:36,比较多破壳的，不如双11买的好，快递盒子有点薄
16763419253,2021-12-03 15:49:33,颗粒小，个别有苦味。
17042160714,2022-01-24 11:07:22,松子不如前几年的，不开口的多了不少，而且小的也不少，而且今年没有架子额。
17897473903,2022-08-11 09:12:15,这次的不好吃  有一股味道
17554329406,2022-05-29 17:20:11,价格也不算便宜，里面的坏的也不少，不知道是不是个例
17159650542,2022-02-21 19:04:18,松子有点小，品质一般
20115632664,2023-11-10 22:21:35,大小一般般，比那个开心果强点
20352394152,2024-01-11 16:56:32,想问一下，有没有吃了几颗就嗓子疼的？
18411328305,2022-11-18 22:22:47,产品品质不是很好，很多是不开口的，有些是坏的。
16727200690,2021-11-26 19:06:13,口感还好，果子小了点，
20585374454,2024-03-16 10:05:23,松子味道一般，坏的比较多
18237972191,2022-10-19 18:03:40,东西不好，应该是去年的，大家谨慎购买
18431292714,2022-11-23 10:31:39,总的来说还行，有不少没开口的，咬合力不够的慎买
18422895015,2022-11-21 13:57:21,一般，松子没有开口和坏仔的有点多。
17230894791,2022-03-09 20:11:28,新的旧的掺卖吧，十粒里面两三粒坏的没开口的，大中小都有。
18601635844,2022-12-24 20:58:36,一般，感觉没以前好了，这次吃到了苦的
16118598514,2021-08-11 13:21:15,没有以前在这买的好啦，大小味道还行就是坏的有点多。
15735657160,2021-05-30 10:47:29,这是第n次购买了，之前买到的都挺好，这次的坏松子太多了，吃着吃着一颗苦的～货不好
18206043281,2022-10-13 19:12:39,松子大小不均匀，里面掺了小的。
20465267356,2024-02-07 15:44:47,比较小颗，有一些是苦的，不是很划算
18206031154,2022-10-13 19:08:46,不是今年的，吃着没有香味，口感一般
16216788372,2021-08-29 09:49:39,第二次购买了，这次味道不如以前，颗粒小且有不少坏果，有苦味。
15072908325,2020-12-20 16:33:44,还可以吧，觉得果子小，吃起来也不想，觉得一般般，不如我在超市买的好
18826325942,2023-02-25 15:05:19,以前有买过好香，这次的不一样不香
16157171458,2021-08-18 17:23:22,苦的比例高，而且不香，有香味的也就10%，不如另外一家，贵几块有贵的道理
17457351668,2022-05-07 07:36:39,虽然包裹里有温馨提示，说不排除有不好的籽，但是，这不是有陈籽的借口。
19181304023,2023-06-03 23:03:23,味道没有恰恰的好，不知道是啥原因
20488896355,2024-02-19 13:27:59,松子比较大，但是有的个别有点苦
18411655610,2022-11-19 00:10:17,一般吧，是回购的，这次的十个有五个都没有开口
18650843476,2023-01-04 15:37:37,为啥我买的松子袋子和别人发的评价不一样？是不是我的是贴拍的？
18408910471,2022-11-18 13:33:29,没有第一次买的好，好多没开口的，开口的也不好剥
19163229837,2023-05-30 17:37:57,没多少，味道一般，这个价格随便那个超市都能买到
18400525060,2022-11-16 19:41:47,一般，口感：口味一般，空颗粒比较多
18144050917,2022-09-30 21:12:12,不太满意 坏的有点多
17929072389,2022-08-18 18:20:57,颜色深的有些炒过了，没有前两次的好吃。
18172688490,2022-10-06 14:33:36,挺大的 就是不香 缺少松子的香味
15708817789,2021-05-23 15:52:11,参加那个就是给我搞你就是有大的有小的好像是大大的小子参快完了颜色还不一样还有色差特别那什么拷贝到倒还行主要这一点不太满意
18466406059,2022-12-02 14:53:47,不满意，觉得不是新货。
17123172442,2022-02-13 22:38:25,买了好多次了，这次的品质明显不好，清香味不足，有的还有哈拉味
18921375176,2023-03-20 16:05:31,一般般吧，有好多不开口的，咬的牙都痛死了
15309759454,2021-02-09 14:04:03,说实话，松子的味道可以，也还算饱满，但这个松子的大小和市场上60多的还是差一些，原本以为会不错，但真是有点失望。
18387694331,2022-11-14 15:56:55,不大啊，价格也不便宜，
19283013784,2023-06-28 16:38:20,商品有部分开口不好，难拔开，少部分变味
20078431475,2023-11-03 09:34:41,感觉不好，松子干，没有香味，便宜没好货。
16553023589,2021-11-01 16:08:01,这次发的货不新鲜，不香没有回甜味，有哈后味，坏的也较以前的多，估计是去年的陈货吧。
16415941434,2021-10-05 20:01:02,松子比较小，开口也小，没开口的也多，难剥，喜欢吃的话还是买好一点的
19318794604,2023-07-09 20:19:09,松子有坏的，不值得买！
20577339582,2024-03-13 22:47:02,跟预期想的有区别，打开里面有未开口，还有坏了的。
17252109980,2022-03-14 20:50:35,这次一般吧，只是有京东物流能发货无阻。去年前年也是这家买的，但这次买个头不大，也有坏果，包装上年年说是松子小年，品质不能那么好
18710059278,2023-01-19 10:16:22,包装与图片差异较大，颗粒中小为主，大颗粒很少。
17168660115,2022-02-23 17:36:40,请不要相信它包装上说的什么坏果不超过3%，说什么没有任何工厂做得到100%无坏果，我买的百草味的就没有，比这个贵十几块钱没有坏果，还比这个香
18599815207,2022-12-24 15:37:37,比较饱满，就是很多剥起来费劲，不好打开
18428970620,2022-11-22 18:48:30,大小不一样，有大有小
18519040576,2022-12-12 20:10:09,口感：一般，没开口的太多，个头小，口感一般
18232935928,2022-10-18 19:18:44,松子干枯无油，口感差
18051317148,2022-09-12 12:15:58,口感：炒的有点糊 不怎么好吃 有点发苦
20526734506,2024-03-01 10:05:08,第二次购买，不如第一次的籽粒饱满、苦的多
18734186495,2023-01-30 19:18:02,有点小贵，不是很好。
18755809058,2023-02-06 12:38:13,只能说一分钱一分货，松子质量参差不齐，味道偏淡，含油量挺多。
18826280361,2023-02-25 14:46:31,口感：一般般，没有香味
19136730342,2023-05-22 20:36:59,大小一般，饱满度一般！
17081183344,2022-01-31 10:42:01,不是红松子，颜色不是很新鲜的，我要退货。，口感：不是很好。
16972460545,2022-01-10 22:00:10,价格不贵，就是小了一点，开口有大部分，没有宣传那么大，中评
17910166373,2022-08-14 10:03:02,爱生活爱点评，经常买他家的松子他家，买的东西不能说有100次吧，但是十多次肯定有了～这次的品质实在是有点一般，一半以上有点苦，可能是天气的原因吧，看来三伏天还是不适合吃松子。
18684448172,2023-01-12 11:28:38,松子不是新的，味道不好一点不香，还有哈喇的
17084774829,2022-02-02 10:21:55,吃完才来评价的，这次的松子不好，有坏的，有扁的，有一半都只开了一点点口子，根本弄不开，得用嘴咬
16580854506,2021-11-05 15:56:42,这家的松子买了四次，前几次都不错，但这次的明显不香不酥不脆还有点出油，写的是新货，但口感不像。很遗憾。
19293901074,2023-07-01 23:06:21,开口率还可以，就是没有三只松鼠的好吃，不香
20182398579,2023-11-25 21:49:58,油炸的，味道淡，油腻
18485180459,2022-12-06 19:13:34,咋评 双十一那会买的。经历了快递管控和丢包 。关键快递丢包还状态改成已签收。目前还在等卖家能发货时补发。一次心累的购物历程。好在卖家回复还是及时的也配合一起联系快递公司。继续等货中。
18497120734,2022-12-08 22:01:43,没有去年的质量好了！有坏籽，还有许多没有开口的的！拨不开
18657967557,2023-01-06 06:09:38,没有描述的那么好，颗粒小，而且感觉不太新鲜，有的出油，价格虽然比市场便宜了一些，但是品质差了太多太多。
17643080827,2022-06-16 15:48:20,松子吃着不是很新鲜，松子仁大部分都有点黄，白白的松子仁少，部分吃着还有点苦
16643790414,2021-11-14 19:49:54,产品包装：包装纸盒太小，把东西压缩得难以打开，口感：感觉是新货炒的，但好多苦的，口感一般，分量：应该足
18295728524,2022-10-28 18:32:59,不如去年好，不香，嚼起来也没往年的甜味。不会再回购。
18842815413,2023-03-01 21:55:44,味道还行，但没有第一次买的那么好，感觉和上次买软了点，也小了点
18136854452,2022-09-29 12:25:46,买第一袋没注意重量，就是松子很小口感还行，到今天收到第二袋发现重量不够，**商家，大家别买！商家
18260467136,2022-10-22 16:35:05,感觉不像是今年的新松子，我年年都吃，味道肯定还是有差距的，口感：一般吧
18460096561,2022-11-30 20:45:45,其他还好，就是颗粒有的太小，还有好多没开口的，太难剥了
18682306114,2023-01-11 19:19:33,差不多10颗里总有吃到几颗坏的怪味，应该不是今年新鲜的，大大小小的不均匀，很一般不会再买了。
18390398781,2022-11-14 22:54:24,见照片，吃了不到三分之一，坏的、不开口的占比大约15%。比上次买的，差太多。品控不稳
18346776098,2022-11-07 17:06:01,收到的貨和商品不服，大小都有，什麼大顆粒，商家缺少信譽。此次上當了。
18652117990,2023-01-04 19:34:19,说是大颗粒，但实际收到还是比较小粒的。大颗粒价钱同实物不符
18425426144,2022-11-21 22:52:06,分量足的，但是很多都没开口或者开口太小剥不开。松子有一些坏果。个头一般。
16963128726,2022-01-09 09:04:11,买的特大的，收到货感觉一般，大小不一，有的没有开口。里面的果仁是黄色，颜色较深。口感一般，不是很新鲜。希望提高质量。
18415046487,2022-11-19 19:00:00,看朋友买的，觉得挺好，也买了一斤，收到后跟朋友买的不一样，没他的大，好多小的，还有好多没开口的，感觉就不是一个批次的东西
18715236613,2023-01-20 20:08:26,快递很快，松子挺香的，但是太小了，拍的是大颗粒，是不是发错了，都是小颗粒
18403436220,2022-11-17 11:48:02,便宜是有一些便宜 比牌子货便宜个10块问题还挺多不开口的一大堆  坏果也不少   有的不是脆的还是软糯的  问完客服有试吃还可以
20410646140,2024-01-25 11:40:09,不推荐购买，带装完全看不到里面的松子大小。口感一般，只是价格上占了优势。
18658179562,2023-01-06 08:40:10,颗粒大小不一，而且剥出来像是侵着油，不像今年的松子，关键吃起来不香，比我从实体店买的差太多了，糊弄人的。
19054784632,2023-04-25 13:06:26,质量真的差，个头小，有些还没有开口，坏果很多。有些坏的，有些潮湿了，有些打不开
16134739004,2021-08-14 15:46:43,口感：松子打开看起来挺好的，都挺大，但是剥开松子壳里面的松子仁发黄的多数，占80%，显然是放了很久的松子又拿出来卖，吃着也不坏，但是油性大，果仁小，个别深色的就是坏的发苦味.总体来讲，松子难吃，不是好松子，不会回购！
18420228550,2022-11-20 21:05:37,口感确实不错，原产地发货也很放心，但是没有对比就没有伤害，在**买的虽然不是原产地发货，但是有一点绝对完胜，那就是开口率的问题，吃的时候老感觉好多没开口的，晚上闲来无事随手抓了一把数了数一共44颗，里面就有7颗没开口。**买的一把42颗里面就一颗没开口。这就是区别，希望店家在做好助农的时候能提升咋们这个开口率的问题。
18660007813,2023-01-06 16:14:56,发货和快递还是蛮快的，前几次买的都挺好的，比较新鲜，没有臭子。这次又买了两袋，比原来的还贵了还几块，但吃起来发苦，臭子也比较多，有点郁闷！
20609440770,2024-03-22 19:01:33,今天尝了一些，味道还可以，就是有好些没有完整的开口，不好剥，这些没开好口的不知道有什么好办法开
18435637109,2022-11-24 11:25:01,很多打不开，吃起来很费劲。味道还是可以。你有个别的。嗯，不是不太好，这个东西可以理解。还可以。只是吃起来费劲，没有开口，要是开口就好了。
16157231201,2021-08-18 17:38:34,大小不一，很多小的、没开口的。
17321335924,2022-04-01 20:44:27,这次的松子好多发霉了，差评
16801120857,2021-12-12 09:38:30,买的大果，里面的小果太多太多
16265240415,2021-09-07 15:39:48,坏果很多，果也很小不会再回购了
16985248093,2022-01-13 18:45:00,太小了！   太小了！不会再买
14690958491,2020-09-27 17:16:59,松子未开口的太多，很难剥开，不满意。
17295502713,2022-03-26 10:04:07,商品描述完全不符合，太小不好剥。
16888640358,2021-12-27 22:01:27,中小颗粒，口味一般，坏颗很少。
15416820149,2021-03-13 20:06:30,这次买的不怎么样颗粒太小了还不如99二斤的好呢
17166411188,2022-02-23 09:20:54,以前买个带装很好，但是这次买的很差，以后不会再买了。
15826477414,2021-06-18 11:44:02,松子收到，但很遗憾霉的太多，吃了十颗就有3个坏的，上当受骗
16841123953,2021-12-19 21:12:23,这次买的没有上次的饱满，而且里面吃着苦的坏果特别多
18719952707,2023-01-24 11:38:13,太小了个人感觉不是太好吃
16491128679,2021-10-20 17:45:40,松子颗粒太小了，不新鲜，吃着没有松子的香味
16599698219,2021-11-08 15:14:42,一分钱一分货，活动价格是优惠了，可品质下降太多，一手油，而且感觉是陈货，比第一次买的差了很多
17162024451,2022-02-22 10:45:16,松子太小了，不太新鲜。
18418883326,2022-11-20 16:21:09,松子里面配料表居然还有棕榈油无语
17104051380,2022-02-09 11:22:25,66元1斤的松子质量态差！果了小还不开口！不入我当地商店58元1斤的！
18390679624,2022-11-15 00:19:18,有很多都没有开口，小的也比较多
18643754873,2023-01-03 06:47:54,感觉好一般 特别小 味道也一般
18431012104,2022-11-23 09:24:16,很小，很多都不开口，不值得购买
17074850851,2022-01-29 21:19:44,坏籽率太高，根本不是包装上描述的百分之三以内，对于我买的这包来说坏籽率至少百分之15。
18406603261,2022-11-17 22:07:58,真心不怎么样，大小不一，还有不少没开口的。
15229032506,2021-01-21 12:22:34,二次回购，颗粒不饱满，坏的多，而且无油，这次的品质和第一次购买差很多
15127366203,2021-01-02 22:58:33,松子香气不明显，与良品铺子比起来，相差太大。一分价钱一分货啊。
20478497748,2024-02-15 14:18:51,太小了，比去年小了两个等级，以后再也不买
20478496984,2024-02-15 14:19:24,太小了，比去年小了两个等级，以后再也不买
20478494341,2024-02-15 14:19:33,太小了，比去年小了两个等级，以后再也不买
17209867111,2022-03-05 11:39:30,这次真空装漏气了，大颗粒的那瓶可以，袋装的里面有很多很小的。
15107726525,2020-12-28 20:20:10,下次再也不会买啥扶贫名义搞的促销了，肉不够饱满，空的多，不开口的也多！！！
16032493640,2021-07-24 09:38:31,没有图片中的好，很小个体，而且感觉整包松子炒的有点过火了。
18811855567,2023-02-21 12:15:28,商品质量太差，里面有坏的，请家人们不要买他家的松子，**商家
18395164829,2022-11-15 20:12:20,松子收到了，普遍偏小，并且很多没得开口。不会再买。
18389457176,2022-11-14 20:24:42,这是第二次买，无论是个头还是口感都差太多了。
16971058057,2022-01-10 17:17:22,买了三次，前面买的是罐装的就比较好。便宜了几块钱买袋装的就烂的超级多了。不会再下单了
14968478959,2020-11-27 12:47:42,这是第二次购买，比第一次差了很多，第一次都是大颗粒的，这次确是大小都有，而且还有个别的坏的。不会为了三元钱昧心的评价。
19052767721,2023-04-24 18:35:37,松子大的大，小的小。中通快递客服我是服了😡
18187217896,2022-10-09 12:42:01,质量不好。大小不均匀。大的少，小的很多。
17074268594,2022-01-29 19:44:24,瘪子太多，小籽不是坏籽的借口，刚吃了两袋别人家的，基本上一个坏果没有，真实评价，懒得拍照
18454429666,2022-11-29 12:54:44,很多坏的，最少有20%坏的
20425673086,2024-01-27 10:52:21,买了N多次了，这次很差，不开口的太多了，希望改进
19873564138,2023-09-30 11:41:09,买了无数次，这次比较失望，没以前好吃，还好多坏的
18967205816,2023-03-30 21:41:33,没有去年买的质量好！无论是个头还是香味，都有些失望了
17148306641,2022-02-19 12:20:51,颗粒太小了，和我之前买的特大松子差几个档次，60一斤一点都不便宜，炒的火候也过了点
18197292351,2022-10-11 18:30:00,哪是大颗粒，太细小了
15004157105,2020-12-05 18:58:34,口感不好，感觉是往年的陈松子，苦的不少，而且很多都发芽了的。挺失望的，想着是扶贫的，以为质量能保证。太失望了，打开袋子就是一股苦儿
16955452572,2022-01-07 15:24:52,哪是啥大松子，就是好小的那种，第一次买是大的，第二次不一样了。不会再买了，没诚信。
20470682598,2024-02-10 13:01:50,颗粒大小不一样，小颗粒很多与商品介绍不符
16240993277,2021-09-02 20:02:56,抓了一小把 ，就有**个坏的，最主要是吃起来太不新鲜，感觉潮了似的，而且果仁都不饱满，都没有贴着皮，感觉不是今年的
18869651663,2023-03-07 21:22:27,以前买的还不错，这回买的明显没有以前好，太敷衍了，越来越差，品质下降严重。
17214097898,2022-03-06 07:00:24,太失望了，一次比一次质量差，小就不说了，一半是苦的，坏籽占比太多。你家是专门坑老顾客的吗？再不会回购了。
16029069076,2021-07-23 13:17:17,大小果情况严重，非常小的松子数量很多。不一样大小不一样钱就行了，这里大的里面渗小的，给人感观非常差！
18652911764,2023-01-04 21:43:01,这个松脂颗粒太小，嗯吃起来不过瘾，味道也一般。
17000343048,2022-01-16 19:49:37,之前都是在粒上皇买的松子108一斤，看到京东只有62所以买来试试，从颗粒大小，口味和坏果率来看，贵还是有贵的道理，到上海物流要四天，下次不会再回购了
17094754641,2022-02-06 16:02:40,松子不推荐给大家，一般，里面坏的太的，还有不开口的也不少，也不知道69买的是不是便宜的问题，去朋友家吃的都比我买的好太多了
16600016300,2021-11-08 16:00:10,第二次购买，但颜色没有第一次新鲜，色泽发乌，口感没有了第一次的香，失望！再不会买了。应了经商的魔咒：好品质难以持久。悲哀啊！
17141819088,2022-02-17 21:41:05,没有之前的好，春节吃小而且还有好多死豆，没开口，挺失望的，买几次了，就这次比较失望！
16366846731,2021-09-26 18:54:21,快递速度是真快.，味道不行，感觉有哈拉味儿. 孩子都不爱吃，说有怪味. （买的另一家松子仁，孩子爱吃）. 看评论里说质量好没坏籽才来买的.，口感：失望，，整体感觉就是失望.
18704998215,2023-01-17 17:14:54,说实话，看这扶贫才下了几单，松子收到后很多软掉的，不禁怀疑是参了之前的存货，客服说服不了我，口感不好就是不好，扶贫希望是真的！
18830420617,2023-02-26 18:38:52,这次买的松子太小了，和上次的不一样不知道为啥？包装也不同
18826440823,2023-02-25 15:40:03,真的不咋地，一袋下来有三分之一不开口的，没法吃，口感也不咋地，差评
17232914168,2022-03-10 10:52:43,都出油了，个头小，口感一般，只能给个一般。因为确实很一般。不会再买，助农口号别乱喊。
17086047646,2022-02-02 22:28:39,都是陈的松子，照片为证，口感很差。应该是真空包装，收到的却不是是真空包装，联系客服，只是各种的理由，很是失望，只能差评。
18712158698,2023-01-19 18:57:00,回头客第三回购买了，但这次和前两次差别很大，生产日期绝对不是打码日期，。这次比前两次差远了，口感太差，不新鲜，要么就是货源有问题，要么就是陈货
18551368320,2022-12-16 22:42:12,比较失望。先不说大小不均匀，坏的就不少，吃十颗至少就有两颗是坏的。
18194769443,2022-10-11 06:05:57,尝了尝是陈年旧货，苦的。十个里有三个烂的，很多空心烂货充斥。，包装上没有日期。，吃的东西咱们最好实打实，当初买的时候说是今年新炒货。任何伪劣都会被我实打实的揭露。，请尊重自己的品牌尊重自己的信誉！
16957723964,2022-01-07 23:43:11,小区里卖的69一斤的，大的很均匀，这里66一斤的大小不一，比不上小区里的。买了三斤，已经吃了半斤，好多颗粒真心不算大，这个价不划算。性价比不高。
18719337788,2023-01-23 20:58:29,价格便宜但是一点都不香。线下店里卖80元一斤的味道差很多啊
18205362835,2022-10-13 16:29:16,多次回购的店，没想到这次品质这么差。是陈货。好多没开口，肉质也偏黄，干瘪的也好多，这次很失望。
20008350301,2023-10-26 20:04:00,太小了吧，和去年的没法比。和石榴籽一样大，这也能叫大松子？
18678098949,2023-01-10 19:28:23,颗粒很小个，本想好再回购的，不会了，有点失望的，口感：一般
17679716649,2022-06-22 15:15:26,第一次买了一袋松子个大，不开口的很少，但第二次买就不如第一次买的了，小时非常多，不开口的占一半！
18912689870,2023-03-18 22:13:18,第一次年前买的，真心不错。想着再买一次，然，个头小了，开头不良多了，坏果也出来了&hellip;&hellip;想来，我想多了。，是品控出了问题，是概率问题，还是有意而为之？
18392339064,2022-11-15 11:54:25,说是大颗粒，拿到手的是小颗粒。不知道商家是不是欺骗客户。这就是所谓的大颗粒
18428631512,2022-11-22 17:29:53,最近几次买的松子真是不尽如人意，大小不一，开口处理欠佳，所以包装都不一样了，以显示产品不同吗？原来可是闭着眼放心购的一款松子呀！希望商家加强品质管理！
19108607390,2023-05-13 20:09:32,说实话，买过很多次，这次特别不好，感觉是陈的，口感不好，比之前买的小了不少，还有坏的！很失望&hellip;
18400951376,2022-11-16 20:53:33,和前两次相比产品质量明显下降，没有开口的松子明显增多，前两次没有软的松子仁，这次有很多软的松子仁，产品质量下降太厉害。
18585477402,2022-12-21 19:27:21,松子就是小粒的太多了，和描述的根本就不一样。都是东北的，本想支持一下，但收到的真的让人很无语！
20380223204,2024-01-19 22:19:41,颗粒较小，味道还行，购买后发现包装写的是棕榈油炸的，但是从商品介绍页面没有配料表介绍用的是棕榈油。不要管别人家用的什么油，你自己起码要写出来告知消费者！
18227913540,2022-10-17 20:24:24,商品描述&ldquo;大颗粒&rdquo;严重误导，比这再小粒点的松子应该是很难见到的了。商品图片与实际收货也不同、收货包装上没有颗粒大小的描述。
20489598692,2024-02-19 17:05:53,好评都是刷出来的吗？松子个头很小就算了，抓了一小把，就吃了几颗苦的，漱了几次口。
18189508154,2022-10-09 20:56:01,相隔两周购买同样的商品，这次的松子，小子、坏子明显变多，质量明显下降！之前还给五星好评，留言希望商家做好品控！是我想多了&hellip;&hellip;
18391850075,2022-11-15 10:27:50,松子是近来买的最差一次，一半不开口，开口的里面三分之一个头小发黏，另一半不开口的个头也都很小，总之太差了
18669967410,2023-01-08 21:15:13,口感：买了两次了，第一下单回来三袋松子很新鲜，家里人都觉得好，于是又回购了第二次，结果发来了一些陈年旧货，吃进嘴里发苦还特别硬，这么对待回头客我还是第一次见，要是家里孩子老人黄霉曲中毒怎么办。
20462312646,2024-02-06 15:36:55,松子收到，物流很快，包装也很好，就是松子质量太差，不好剥，烂的多，口感不好，不新鲜，很失望，只有给予差评。
18411009384,2022-11-18 21:10:01,第三次购买了，因为第二次购买的好所以又复购了一次，结果这次好多不开口的，又小的也挺多，和上次购买的差太多。不会回购了，好坏参半的卖
18298480443,2022-10-29 12:49:33,松子大小一般，最重要的是有很多不开口和半开口的，牙齿都咬痛了，不如楼下干果店的品质，不会再选择这个了
18407036043,2022-11-18 00:17:56,寄来的松子与图片不符，松子大小不一。这次购物卖家货也发错了，又重新换货发货。总之，搞得这次购物感觉非常不好！卖家客服挺好，不停道歉，积极安排重新发货，也算是圆满吧！
18433727581,2022-11-23 20:10:36,第一次抱着试试看的态度买了一袋，收到货，确实很好，基本上没有那种没开口的，第二次果断买了两袋，结果不一样了，包装还是跟上次一样的包装，但是很多都是没开口的，随便抓一把都有很多没开口的，而且很多小的，浪费极大，不知道什么原因
18404031462,2022-11-17 13:46:46,第二次购买，有点失望，松子口感还好，个头小粒，不开口和只开了一小缝根本无法掰开的比较多。吃了半袋了，起码有四份之一没法掰开的。
20370571792,2024-01-17 09:59:54,幸亏买了一袋，大小不匀，和原来买的差太远了，坏果也多，图上这些就至少有一到两个坏籽，那个黑的就是，还有吃到臭籽的。图片不显，颜色深浅不一，应该是旧货。买了他家有几年了，第一次买到这种。
18262237101,2022-10-22 21:46:42,第N次购买林谷森园的松子了，之前的松子虽然是减包，但松子个个饱满，很少坏子，口味很好。这次收到的松子换了全新的漂亮包装，然后感觉松子也换了，坏子很多，整体味道都不好，松子吃到嘴里一点都不香，这次购买特别失望。
18233133012,2022-10-18 19:53:22,今年的松子明显不如去年，无论从个头还是口感，都是差了很多，去年的个大味香，买了好几回，今年的个头小，味道也不如去年香，不想再买，今年的包装倒是比去年的好。叫大颗粒有点名不符实
20322736150,2024-01-03 14:36:44,这个松子我感觉一般，里面个头不大，还有很小的，味道也一般，而且这个松子我记得买的时候写的是原味松子，但是这配料表第二就是棕榈油，这个在商品详情里面可没提，这是用棕榈油炸的嘛，松子都是这样的嘛，那样的话还不如吃点垃圾食品得了，还吃什么坚果呢
14642578603,2020-09-14 20:04:58,一般好的，一般差一点的！
15261745060,2021-01-28 17:39:16,实物和卖家图片差距很大
14636687550,2020-09-13 10:05:43,买的是大颗粒的，收到的是小颗粒的。无语
15291906725,2021-02-04 18:06:39,质量没有前一次买的好。这次发的货有问题
16701543119,2021-11-22 11:58:17,质量还行就是粒子太小了。不像视频那么好
17640901780,2022-06-16 08:11:43,一般般吧，控制占3%的损坏率。
17094470378,2022-02-06 14:47:50,老妈说味道没有上一家好 还是不错
14972555571,2020-11-28 12:22:18,和街上买的差太多很小
14399742896,2020-07-10 07:40:08,不是新鲜的感觉，
14559955286,2020-08-22 21:53:31,口感：不好吃，好多坏的
14878511050,2020-11-11 11:10:50,一般吧，有大有小
15030726384,2020-12-11 19:08:16,口感：口感没之前的好，
15394932392,2021-03-08 10:58:14,没有写的那么好
18389369853,2022-11-14 20:13:54,一般，吃两把有十来颗不好
16135995289,2021-08-14 20:36:24,坏的太多，东西一般
18391081637,2022-11-15 07:05:04,双11的东西不能买，质量比上次的差多了
19050367492,2023-04-23 21:52:33,未经允许私放自提，主要是包装破损污浊
20633184833,2024-03-29 00:11:48,很一般，很一般，很一般。不会再买
17108759560,2022-02-10 16:07:55,颗粒大小不均匀
20599352823,2024-03-19 22:53:26,以前经常买，这差不多有半年没买了，这次买了感觉质量没以前好了。
20457256649,2024-02-04 22:13:19,买了很多次口感都好，这次的真的差强人意了！好多苦的！退又没法退，唉&hellip;
17538463706,2022-05-25 20:12:57,这批烂的好多 有点失望 图片没拍好 扔掉了
14731171222,2020-10-08 22:31:03,松子有点小
15015887764,2020-12-08 13:30:53,凑合吧，小贵
15272182618,2021-01-31 08:21:10,一般般
15319295092,2021-02-14 14:53:42,不好，好多坏的
15790776405,2021-06-10 23:13:55,坏的比较多
17764877796,2022-07-11 13:00:05,还可以吧，不太香！
17883059907,2022-08-07 16:27:02,一般般般般般般般般
17883057182,2022-08-07 16:26:41,一般般般般般般般般
18419508523,2022-11-20 18:34:03,没开口的也太多了吧
18538385005,2022-12-15 11:48:19,放了很久的样子
18697636751,2023-01-15 17:12:06,没有宣传的质量好
18724027036,2023-01-26 19:31:01,松子很小的，不太值
18193374486,2022-10-10 18:24:18,味道不说了，好多炒焦的，苦
16120809375,2021-08-11 21:42:29,有坏果
16222456074,2021-08-30 12:20:12,坏果，空壳很多
16226110509,2021-08-31 07:14:35,坏的挺多的
16733406603,2021-11-27 21:42:48,味道很一般
16865490564,2021-12-24 08:45:09,没开口的较多
18673885084,2023-01-09 19:49:15,松子有坏的，颜色深的就是坏了。
14526389945,2020-08-13 16:15:30,挺多坏的
19818070002,2023-09-24 19:47:59,不新鲜，有一半油了
15468286618,2021-03-27 16:52:30,有股油臭味
16998578139,2022-01-16 14:03:14,一般，
17093693535,2022-02-06 10:31:53,烂子1/5左右
17143794056,2022-02-18 12:57:13,全是油，涩味
17241065914,2022-03-12 10:07:47,一般
17381413010,2022-04-18 14:57:12,有点小
17606051488,2022-06-09 10:56:00,一般，过得去
16443541226,2021-10-10 17:58:03,实物包装和图片不符，照片大而且两大，误导消费者，助农商品不退了，望改进，产品包装：不符
16082317024,2021-08-03 23:36:00,第二次购买了，给宝宝和家里面的老人吃，起先没有留意配料成分，以为是裸炒的无任何添加，结果今天一查傻眼了，不敢给宝宝和老人吃了。
16152766390,2021-08-17 21:03:54,废的太多
18105063677,2022-09-23 11:06:56,没有对比就没有伤害，虽然便宜，但质量太差了。以后不会买了
16620921579,2021-11-11 17:36:18,收到货以后包装箱子是烂的，并且箱子里面往外滴着水。立刻马上给商家发过去图片。他们说再给邮一份。我也相信他们说的一直等邮件，今天他们来电话说內包装盒没有烂，当时我已经给他们拍视频并且松子都是湿的。快递来到市里带三天并且有一晚下的特别大雨。商家说从新发一份过来，等几天说没有发货。为商家言而无信差评。
15303884621,2021-02-07 20:01:58,这个就这么大点，我怀疑我的眼睛有问题了还是，他确实就是图片和现实的不一样，确实是贵，但是你照片能不能真实点啊，东西没问题还没有打开，我不知道谁惊喜还是惊吓。
17685182138,2022-06-23 15:37:06,颗粒小
17833490066,2022-07-27 10:38:53,颗粒太小
18030252167,2022-09-07 17:54:16,太小个了
18070900037,2022-09-16 16:59:01,还行吧
16869120388,2021-12-24 20:25:10,包装压缩可以，但松子粒偏小，没有我在~买的松子仁大，但还算新鲜。希望店家提高松子大小，支持东北老乡事业
18272831984,2022-10-24 19:40:02,东西一般
18345715319,2022-11-07 13:46:10,里面有烂果，
18396780258,2022-11-16 07:37:05,松子没抄熟
18424017578,2022-11-21 17:53:50,一般吧
18470602167,2022-12-03 16:33:36,质量一般
18474711895,2022-12-04 16:50:20,这次买的不好
18523642585,2022-12-13 13:50:04,不开口的太多
18548508182,2022-12-16 16:59:55,个头很小
18647809141,2023-01-03 21:41:00,还行吧
18657849716,2023-01-06 02:00:11,不错不错不错
18760529500,2023-02-07 19:01:33,一般般&hellip;
18909450674,2023-03-17 20:25:58,就是有点小
18997124000,2023-04-07 12:37:36,烂的有点多
19088770770,2023-05-06 23:59:46,很小很小
19087802824,2023-05-06 17:36:05,质量太差
19107600490,2023-05-13 14:12:49,颗粒太小了
19580602916,2023-08-26 23:24:19,不新鲜了
20315872201,2024-01-01 18:53:59,一般
20315418498,2024-01-01 17:00:55,松子有一点小
20419926202,2024-01-26 15:48:30,太小
20474490678,2024-02-13 11:58:05,一般般吧
20493518802,2024-02-20 20:04:36,很多不好的
18673884773,2023-01-09 19:48:35,口感还可以，就是有坏的，颜色不一样，深色的就是坏的！
20687486167,2024-04-12 22:42:42,有坏的，空壳子
18410887535,2022-11-18 20:43:49,口感一般不香，有很多都没开口没办法吃，果子有些小
20074990492,2023-11-02 15:19:36,收到了 还可以 ，就是和之前购买的几次品质不一样，有发芽的，之前买的都没有 卖家说不是发芽，并且态度极其不屑，意思是你愿意要就要 不愿意就退款。 买了多少次了，这次买之前还问说和之前品质一样，那发过来的不一样还不予许别人说说了？一副傲慢的态度。再也不会买了，气人
18599621958,2022-12-24 15:03:18,好的评价要么是一群狗腿子，要么是一群没吃过东西的#，这是小的松子，不大，但是跟这个价格的话也就还好了
20508362037,2024-02-25 11:17:58,包装还行，就是个头一般般，不是期待中的样子，一分价格一分货吧，跟超市70多一斤个头明显小一圈。有个别坏果个没开口的，总体来说及格吧。
18427805022,2022-11-22 14:27:42,这次的不理想，好多没有开口的，还有很多半开口的，吃的我很着急！？，前两次这样的很少，这次出奇的多，给个中评吧
18511354068,2022-12-11 18:15:55,商品味道还行，偏中等的口感，嚼起来的口感是个人较中意的，包装简陋而不失优雅，十分大气，货运也十分到位，我在去快递的时候还闻到了手抓饼的味道，十分美味，谢谢你们的松子，我十分喜欢，希望下次还能再次吃到你们家的松子。
