id,time,content
19255838313,2023-06-21 08:14:28,这次收到的饼丝儿拆开包装后有一股子酸味儿，估计是饼丝儿没有凉凉就打真空了，加上路上申通快递慢的要死&hellip;&hellip; 不知道还能不能吃，先放冰箱里&hellip;&hellip;
17916745473,2022-08-15 18:57:10,漏气了啊。这。。
15906370132,2021-07-01 22:51:06,买过好几次了，这次买回来直接全部漏气了，打开已经酸了，全部扔掉，东西是好东西，只是可能夏天的缘故，所以，再想吃等秋天来买了，懒得售后了，没几个钱
19616157934,2023-09-04 10:10:53,建议换个物流吧，物流太慢了，刚拿到就已经酸了。。全给扔了
14702867566,2020-09-30 19:48:16,饼确实好吃，所以想回购。但是第一次买19.5还包邮，现在23还不包邮&hellip;&hellip;那就只好去别处买了
15646527544,2021-05-08 08:28:23,以前买过几次还好，这次买的估计是干燥剂失效，收到都是水，隔天拆开已经生霉了，只好都扔掉了，天热了购买慎重
16013133342,2021-07-20 17:59:08,回来以后，里边有气，不是真空的，额，还得敢快吃了，不然坏的可快了，上次也是，一包里边有气，一包是好的
15578264888,2021-04-19 18:02:26,我不知道为什么这么多人说这个好吃 我觉得不好吃 可能不是我喜欢的，应该不会回购，但质量应该可以
15951135101,2021-07-08 23:24:17,饼丝是饼丝，就是快递员给放菜鸟驿站太**了，我想知道放菜鸟里坏了算谁的？
15317498017,2021-02-13 12:47:05,疫情期间就不要发货了嘛，何况你辛集离那个藁城去只要20公里远，我是没敢吃，直接扔了
17190489305,2022-02-28 19:01:43,真空包装破损，标签也破损了，快递极其垃圾！
16282814037,2021-09-10 20:04:36,炒着吃不脆，烩着吃成糊，不是千成饼做的，太差了
14933141084,2020-11-19 19:57:40,一开封映入眼帘的就是一个小虫，一般情况虽然不影响食用，但食欲大减。品控还需提升！
15830859867,2021-06-19 01:23:45,做了变成了一坨一坨的
18025453816,2022-09-06 18:47:39,前后吃过很多次了，这次收的货失望，打开真空弄散的时候就不是条状而是断裂状
18167108972,2022-10-05 12:54:19,不好，都脱成一堆。不喜欢
14565008056,2020-08-24 11:49:32,其他都还可以，就是这个快递给我运了一个星期，盒子都裂开了。
14582933729,2020-08-29 13:51:13,不咋的哦，没法打散，粘一块了，
14704124510,2020-10-01 08:58:10,还没有吃呢，下次来评价
14171036441,2020-05-19 14:54:53,吃到了家乡的味道！
15694026531,2021-05-19 22:52:09,第二次购购买&hellip;&hellip;但是这次都漏气了，并不是真空包装回来放冰箱没两天全部发霉了不行
14801980271,2020-10-26 22:30:32,一般般，质量没有我以前买的好。味道也不行
14886391030,2020-11-12 13:00:16,收到后有一袋漏气了，不好！
15765526109,2021-06-05 18:08:07,一般
14747043362,2020-10-13 08:40:55,还行
20255848732,2023-12-16 17:21:15,网购还没给过差评 ，快递极差 几百公里 六天
14704124510,2020-10-01 08:58:10,还没有吃呢，下次来评价
14702867566,2020-09-30 19:48:16,饼确实好吃，所以想回购。但是第一次买19.5还包邮，现在23还不包邮&hellip;&hellip;那就只好去别处买了
14582933729,2020-08-29 13:51:13,不咋的哦，没法打散，粘一块了，
14565008056,2020-08-24 11:49:32,其他都还可以，就是这个快递给我运了一个星期，盒子都裂开了。
14006885271,2020-04-07 17:08:29,一般，粘在一起了。不知道是咋回事。
13993512853,2020-04-04 11:02:56,此用户未填写评价内容
13882047284,2020-03-06 21:24:30,真空包装漏气了，不知道还能不能吃，二号就到我这里了，快递公司今天才送过来，都不知道什么时候漏气的还能不能吃
13523184065,2019-11-26 08:19:46,这个算生鲜吧，快递不送货上门
13516952994,2019-11-24 18:21:37,包装比较简单粗暴，不过还好真空包装没有破损！还没有尝试，看起来不是很好吃！后面吃了再评价！
13514201943,2019-11-24 06:29:16,不如去年的质量了
13309981100,2019-10-09 20:28:57,挺腻的，，没有预想的好，
13295526726,2019-10-05 17:17:26,产品收到了，快递员到了一天也不给你打电话，自己不去网点拿绝对不跟你打电话派送
13205863767,2019-09-09 14:46:13,包装很一般，不是冷链包装，就是随便用一个盒子包装，而且还破了，好在没少。，饼丝也不好吃，很酸。跟去年买的没法比，非常失败的一次购物。
13150570676,2019-08-24 15:09:18,外箱烂。 真空袋漏气
13125819251,2019-08-17 10:15:44,可能是我的手艺问题，不好吃
13124392533,2019-08-16 19:10:50,一包漏气酸了味道
12994205081,2019-07-09 09:27:41,不太好吃，放了几天坏了
12990159398,2019-07-08 01:56:18,太多了感觉吃完得好久，蒸出来不错，不过打开里面全都碎小截这样
12960492076,2019-06-29 14:23:03,一个包装有真空，一个已漏气
12694898852,2019-04-26 15:35:10,有一袋漏气了不知道坏没有
12647108804,2019-04-14 10:15:15,太多了，吃不了，送货速度慢
12630681182,2019-04-09 16:52:29,感觉像是炒面...
12535963245,2019-03-12 15:53:33,饼丝是不错的，快递垃圾啊！中间曲折无数！从发出到收到货用4天，而且是我没收到货情况下快递自己签收了。我打电话问，口口声声说发快递箱了。但是压根没有啊。后来又说没我这个快递，让我查查。之后晚上给我来电又说确实是他配送的但找不到了。说第二天来赔我，结果第二天晚上又把包裹送来了。整个包裹都快散架了，里面的面都漏出来了。啊，真是无语啊！！！
12531963694,2019-03-11 13:27:28,有一袋是漏气了吗？
12510953870,2019-03-05 06:28:16,真空度太大，吸在一块，不好分开
12493495301,2019-02-27 17:25:33,饼丝压的非常敦实，打开袋子半天都不松散，只能用手一点点掰开。快递速度一般，也不送货上门，直接扔到自提点。饼丝的味道还是不错。
12478928669,2019-02-23 00:06:24,年前买的，过年回来就发霉了
12450099429,2019-02-13 17:05:01,味道还可以，快递不咋样，箱子都快摔烂了
12445127893,2019-02-11 14:29:59,比较信任京东，发货快 送货到家，质量有保障，有问题能及时得到反馈。安心 省心啊。
12439933800,2019-02-08 09:09:27,可能吃不习惯吧，吃完觉得嘴麻
12429206641,2019-01-31 18:49:57,不好吃，没有去河南当时吃的饼丝好吃，那个饼更脆，这个饼丝感觉不新鲜
