id,time,content
20728070265,2024-04-24 09:01:39,真空包装不好涨袋了，已经发霉了
20356087677,2024-01-12 19:26:52,明明漏气了 非说是快递路上颠簸 还不给退 真有意思
20639326561,2024-03-30 19:04:40,此用户未填写评价内容
16754257591,2021-12-01 20:46:48,收到的第五天，要吃的时候发现已经长毛了，商品单子上写的可以常温保存，但是客服说商品详情页有写收到需要冷冻保存，购买的时候并没有去看详情页，就当花钱买教训了，包装上所写的保存方式和实际保存方式不符合不知是否合理。
16754253721,2021-12-01 20:46:16,收到的第五天，要吃的时候发现已经长毛了，商品单子上写的可以常温保存，但是客服说商品详情页有写收到需要冷冻保存，购买的时候并没有去看详情页，就当花钱买教训了，包装上所写的保存方式和实际保存方式不符合不知是否合理。
19114059067,2023-05-15 16:52:15,快递配送一塌糊涂。一共两件，未经确认其中一件直接丢到代收点，也没有通知我们。在快递点待了两周都坏掉了。
19952974167,2023-10-09 19:49:10,此用户未填写评价内容
16802096288,2021-12-12 12:45:37,开始网友说发霉，我还不信，想吃的东西怎么也不可能吧！没想到是真的。这也太**了吧！把人吃坏了怎么办？必须找京东客服给解决这个问题
18530908832,2022-12-14 12:10:10,大家要小心 商品都发霉了
19604167098,2023-08-31 19:07:45,此用户未填写评价内容
19359437762,2023-07-22 12:10:44,真空袋完全漏气了。不新鲜
18700129294,2023-01-16 11:28:58,此用户未填写评价内容
20615237653,2024-03-24 12:33:12,不多说了
18325565611,2022-11-03 19:46:38,是大包装，食用起来方便，包装太简单，有漏气。
18339989645,2022-11-06 13:48:02,千万不要买.到家就发霉了.运输时间很长！
15597817366,2021-04-24 20:57:55,可能因为物流原因时间较长（10号下单，18号到达），导致食物到达后涨袋且有异味。建议慎重选购。
16061872662,2021-07-31 00:57:09,垃圾，不多解释，难吃，不多解释 谁买谁亏
16267008922,2021-09-07 20:57:41,全是碎的，不知道是不是就是这样，每一根饼条很短。
17780486644,2022-07-15 11:41:42,拍错了，也不退货，，，，建议慎购
16055059727,2021-07-29 14:54:07,已经买了这么多次了，之前的都挺好。这次的昨天刚拆开，发现漏气了，居然不是真空的了。味道怪怪的，不知道是不是坏了。
15594526370,2021-04-23 23:06:38,吃了三次，每次吃完了喉咙发炎，特别规律，每次都是吃了发炎，过一周多好了，吃了又发炎，循环了三次就扔了，五行相克吧
16545188215,2021-10-31 09:37:30,物流超慢，已经四天了，还没有送到，客服说话来气，可以解决问题
15660064473,2021-05-11 16:27:34,超级差，**商家，明明下单5斤，却只寄了2.5斤，还懒帐，真是无语😓 非常之差，请千万谨慎下单
15637192572,2021-05-05 18:47:48,不好吃，煮出来有股怪味，吃了一次就放发霉了
19421476742,2023-08-10 18:38:53,一股子酸味
16026808150,2021-07-22 20:54:47,都坨一起了根本就没有用
15514877956,2021-04-09 07:40:37,此用户未填写评价内容
15600816734,2021-04-25 17:18:57,物流非常慢
19080505711,2023-05-04 10:15:03,东西在驿站放了几天，都没有个消息没有个电话，想申请退货还不行，我买个饼丝还要时刻关注东西到哪儿了吗？上次买漏气了，觉得没有必要计较这么多，这次买发现更过分了，给个差评都是轻的啦。
16061852588,2021-07-31 00:55:06,真厉害，店里平均一天收到两个炒饼的差评，就是说难吃，真心不想说啥，比别人家卖的贵，而且还比别人家难吃，真是厉害了
17872401797,2022-08-04 21:09:12,差评  三天收到货保质期七天   结果买回家发酸了  夏天打算入手的小伙伴慎买  包装就一个纸箱没有什么防护措施  容易坏掉
15677622575,2021-05-16 03:02:08,不按地址送货，私自放鸟巢，差评！
15677631229,2021-05-16 03:02:36,不按地址送货，私自放鸟巢，差评
15551624556,2021-04-14 23:48:41,一包真空包装，一包漏气了，打开漏气的，有明显的酸味，跟卖家沟通后，卖家说让我凉凉就好了，我问卖家会不会坏掉，卖家只是一味的回答让我凉凉，最后说是退一包的钱，这快一个月了也没有后续了&hellip;漏气的已经扔了，不敢吃。一星都不想给
15514877956,2021-04-09 07:40:37,此用户未填写评价内容
15507671643,2021-04-07 08:58:27,此用户未填写评价内容
15506280291,2021-04-06 19:37:46,此用户未填写评价内容
15450306700,2021-03-22 19:30:02,都发霉了一个星都不想给
15404112074,2021-03-10 14:27:33,共两包！有一包不是真空包装（袋子漏气发霉了）？！唉！
15360475029,2021-02-27 21:40:46,收到里面已经发霉了，已经扔了，
14793051529,2020-10-24 20:25:33,发货超级慢，短短的从河北到吉林用了6天时间！客服态度也不咋地，饼丝不筋道！差评
14747772016,2020-10-13 11:52:35,大家都不要買&hellip;騙人的&hellip;太垃圾了，客服解釋不清楚&hellip;所以問題算在買家頭上，長毛毛了，說真空包裝，結果都進氣啦&hellip;垃圾
14689812214,2020-09-27 12:12:11,收到货已过期，一起下单的，分俩次给我寄的，也没提示，到代收点也没及时电话联系我，，商家也不给解决，只是说和他们没关系，他们发货了
14685680553,2020-09-26 11:08:20,唉，咱也不知道为啥人家可以理直气壮，不想多说了~
14615613489,2020-09-07 14:41:43,漏气了竟然说是正常，6的一批
14576397365,2020-08-27 15:11:54,很不满意的一次购物，东西不好
14559325065,2020-08-22 18:35:48,快递时效不行，商家售后不处理
14347563752,2020-06-26 21:38:09,吃了拉肚子！准备投诉！不要买大家
14284982284,2020-06-15 00:07:46,真是良心商家    面里加了纸一样的东西    别问为什么    剔牙剔出来的
14254032350,2020-06-08 10:15:24,吃着不好吃不建议大家买而且京东都是七天价保这个卖家买完第二天就降价就是不给退差价连~都不如！！！
14219875738,2020-06-01 01:06:39,东西不敢恭维，吃了后拉肚子了，可能是因为先开的漏气的包的。买了4包剩下的都丢了。
14106528946,2020-05-03 11:19:37,自己看吧，两袋。真空包装漏气也就算了，关键一袋有日期，一袋被撕掉。你们撕掉生产日期是什么意思？剩的掺着卖？这不此地无银三百两吗。漏气那袋打开已经有酸味了。联系卖家，一直强调没问题，漏气也能正常食用。你见过什么食品真空漏气还没有生产日期的情况下，消费者敢放心食用？，给后来的消费者提个醒。没几个钱，但是慎购。
14079774387,2020-04-26 10:24:44,什么快递，吃的东西到了电话都不打，不是自己看物流都不知道已到。
14036564340,2020-04-15 12:23:27,里外包装都是坏的 客服不给解决  大大的差评，有没有投诉商家电话什么的给我一个
14022474145,2020-04-11 17:52:12,晚上收到快递，打开一袋都漏气了，当时没注意，放冰箱里了，第二天吃的时候发现发霉了，跟客服说，客服也不处理，说是储藏的问题，另外一袋都没事。是储藏的问题吗？
14021604276,2020-04-11 14:11:26,收到货时一袋已经漏气 发霉了！ 客服说上面的是面粉！笑死人 我不认识面粉吗？ 漏气这袋明显和包装完好那袋不一样！9号放丰巢由于不在家  10号取出来， 客服就说是因为我没及时取出，他们不负责&hellip; 你们怎么不检讨自己送货的速度呢？这种食品类的5天才送到，这种态度第一次遇到！
14013449600,2020-04-09 12:04:28,刚到手还没吃就发霉了
14005502137,2020-04-07 11:20:29,不满意，刚发货就降价，店家也不处理，快递发的韵达
13992386244,2020-04-03 22:28:51,虽然这个可以满足我炒饼丝的小小愿望。但是包装也太简陋了，连一个生产日期保质期都没有。严重不符合相关食品生产规范。
13992318747,2020-04-03 22:08:02,包装上写着-18度冷冻保存，结果寄的时候就个破纸盒子，韵达普通快递，没有冰块保鲜，四天到货，来的时候箱子已经破破烂烂，有一袋已经漏气了。什么破玩意！这还扶贫农产品？真给农民长脸。
13970776534,2020-03-29 11:59:05,真空袋子收到货发霉漏气相当的差，
13946819881,2020-03-22 22:37:57,东西收到了，总共四袋，有两袋真空包装漏气了&hellip;&hellip;
13941879824,2020-03-21 17:35:00,1.买了两包，有一包漏气了，客服说没影响，2.标签上写的是零下18度可以保存三十天，但是快递就是常温运输，可能也没影响？，3.包装很简陋，综上所述，想买的慎重
13905946803,2020-03-12 13:16:17,保质期就7天，你第八天才到我咋吃？退货还不给退？22块送给你了。
13858528264,2020-03-01 12:06:50,此用户未填写评价内容
13858527790,2020-03-01 12:06:45,此用户未填写评价内容
13792135487,2020-02-11 14:21:55,垃圾太#垃圾了，年前下单17号下单五后到了就没动静了，快一个月了在看显示已经送到，目前我还没见也没有接到电话，主要客服从去年到现在都不回信息，一直都没有人
13753393006,2020-01-24 09:42:01,这种东西竟然发圆通，5天才到，都#臭了
13592193677,2019-12-13 00:50:22,漏气，且不退换，放在冰箱一周左右后发霉
13590308128,2019-12-12 17:49:39,七号下单，十一号到，物流真给力，呵呵
13565401071,2019-12-06 14:20:41,买回来一包就胀气了，冰箱放了两天就发霉了，
13516855878,2019-11-24 17:58:38,包装不是真空的 深坑  到货打开后一股酸味 联系客服说是没有冷冻保存 还怪我离他发货地址太远 一直胡扯 本来就是看着扶贫才买的 现在让我对这些打着扶贫的东西没有一点好感  穷山恶水出刁民 活该 不好好做服务 就想着坑钱
13464757153,2019-11-14 12:30:25,有霉变的饼丝
13438084259,2019-11-10 17:16:28,真空包装漏气
13433289607,2019-11-09 17:47:10,此用户未填写评价内容
13415095750,2019-11-05 21:10:55,炒饼本身不错我很爱吃。但是这一次送过来的包装破损，里面的真空袋漏气。这样就放不住了要马上吃掉。但是现在又吃不下去。。。
13342636223,2019-10-18 16:09:35,不要买。说常温六七天不会坏，特意挑凉快的日子买的。5天到，已经漏气。包装非常简陋，就用泡泡垫随便裹一圈就寄了。到的时候，纸箱子已经烂了，泡泡垫已经乱七八糟缩在一边，袋子也不知道是漏气还是胀气了。里面的食物闻着有些酸。而且有金黄色的东西，很多，占到了30%，问卖家，答案就是没问题，能吃。还说我没及时取？怎么及时？快递照顾都没打就放快递柜了，我不主动查进度都不知道已经到了！而且我马上就取了，并没有超过承诺常温不会坏的天数啊。，卖家说没有坏，我也想过可能是快递暴力弄破的袋子，不是胀气，但万一就是胀气呢？慎重起见，还是倒了。当买个教训，以后这种扶贫馆的，一定要看评论啊，看评论啊，看评论！不能脑热就买了。
13322340469,2019-10-13 10:10:48,买了两份，其中有一袋胀袋漏气了，店家客服说没有异味可以正常食用，也没法给换一袋，但我不太敢吃，只能扔了，可能我瞎讲究吧，附上客服对话截图，后面想买的朋友自己考虑下，面吃了一顿了，味道还行。如实评价
13170453606,2019-08-30 12:26:14,态度很不爽 吃的也不好吃  不爽
13113661300,2019-08-13 15:34:04,快递到了之后，短信和电话通知 一个都没有，看到的时候已经一周了，炒面打开后都有股酸味，生气，韵达差评！！！
13083983307,2019-08-04 18:08:00,漏气
13077982630,2019-08-02 20:17:04,太黏不好吃
13057709716,2019-07-27 17:56:56,收货后发现涨袋变酸，直接扔掉了。
13057706325,2019-07-27 17:56:01,收货后发现涨袋变酸，扔掉了，联系退款商家说必须要照片，没照片不退款。呵呵，家人觉得味道大，才直接扔掉的，怎么懂得还要拍照片？你们要照片，是觉得会有人骗你们吃白食吗？爱退不退
12992623144,2019-07-08 18:06:40,第二次购买了，确实劲道好吃。但是你家包装真的不结实，真空袋每次都是漏气胀开的，第一次两包都漏气，第二次 一包漏气。我一次也没有找过你们，熟食天气热，希望包装加厚些，保鲜保真空
12725138824,2019-05-04 20:14:54,此用户未填写评价内容
12624548735,2019-04-07 22:51:53,不能退货，看着没有食欲，浪费了
12623806361,2019-04-07 19:04:44,刚刚从蜂巢取出来，已经是被别人打开的了！能不能包装用点心呢？包装是真空包装，两代中有一袋已经漏气了。只能丢掉了
12601144865,2019-04-01 00:49:40,袋子都破了，里面干硬
12536370591,2019-03-12 17:52:34,商家服務態度不佳，不按照要求發貨，其中有一袋有霉點變味，以後不會再買
12523469211,2019-03-08 21:49:32,垃圾快递，基本没给过差评，这是第一个。未收货签收。京东也是个垃圾。
12505073283,2019-03-03 11:26:45,打开后里面居然有老鼠屎，这卫生，是良心卖家吗
12446825170,2019-02-12 11:18:12,不行不好吃，太油，以后不买了
