id,time,content
20601803156,2024-03-20 17:23:25,1.商品质量非常棒，与描述完全一致，非常满意！，2.卖家服务态度非常好，发货速度快，包装精美，非常满意！，3.商品质量非常好，使用起来非常方便，非常满意！，4.卖家发货速度快，包装精美，商品质量非常好，非常满意！，5.商品外观精美，使用起来非常顺畅，非常满意！
20137609100,2023-11-14 17:51:52,炒饼丝收到了，在京东上买东西就是放心，饼丝质量非常好，有一种很香的味道，很筋道，都是真空包装，一袋分装了四小袋，孩子喜欢吃炒饼，会一直购买下去的，超级赞！
20347123899,2024-01-10 05:08:50,很不错，真的很不错，量足，价格优，关键是品质很筋道，耐煮，宽窄合适，不用二次加工，支持河北产品
18717472693,2023-01-22 13:24:46,高筋饼丝日期非常新鲜，是抽真空包装的，份量十足，看上去很好吃。等到周末全家人到齐了再做好了给大家都尝一尝，然后再来晒单。买了的亲们一定要记住放冰箱冷藏。 正好碰上搞活动，真的很划算，这个是一个很不错的选择，已经是第二次购买了。味道很正。还清楚记得，当时大学同宿舍的哥们就是辛集的，当时他多次夸赞老家饼丝如何的赞，是学校门口不能比的。这几年网购的发达让人吃到了辛集饼丝，确实可以的。下次还是会继续回购的。
19976875442,2023-10-17 14:39:31,买了好几次了，做为生活在南方的北方人，有时候自己做点北方饮食还是很不错的，炒饼做起来也很简单，饼很有嚼劲，价格也还可以，一如既往的好吃
20428992137,2024-01-28 09:57:22,收到货后很惊喜，专门称了一下足斤足两，饼丝包装打开后还有一股饼香味，饼丝是抽过真空的，第一次做，掰了一块抄了吃结果做好后才发现做多了。作为北方人很喜欢吃面食，吃完后还会购买。
19976881895,2023-10-17 14:41:33,饼的味道还可以，也很有嚼劲，做起来也很简单，几分钟就做好了，加些自己喜欢吃的菜，在南方可以吃到家长的味道，也算不错了，会再来。
19997988058,2023-10-24 09:59:09,河北的炒饼丝收到，抽真空包装特别好，饼丝很细，很香。在南方的北方人想这一口变得简单了，发货很快，快递也快，饼丝很新鲜。
20749194101,2024-04-29 19:57:07,挺好的，打过来两袋，压缩的，一袋里面有三团，弄散开还挺多，一团够两个人吃，需要放到冰箱冷冻里面，拿出来也很好化冻，口味不减
20506785390,2024-02-24 19:53:09,我想了很久的炒饼丝，一直不知道哪里可以买到，偶然发现京东上这个饼丝，就买来自己炒着吃。不过刚才看了价格，涨价了。我买的时候20多，现在39.9！
20572980149,2024-03-12 20:07:03,饼丝收到了，之前在网上看到的，觉得挺不错的，就买了。买回来当天就做了，放入自己喜欢吃的配菜，做出来味道绝了，超赞超赞超赞，值得推荐！！！
20694890106,2024-04-15 07:15:10,这款饼丝十分劲道，做炒饼焖饼烩饼都好吃，是老同学推荐给我的，真空包装，方便保存，吃多少取多少，剩下的放冰箱下次吃，很满意
20596217313,2024-03-19 08:52:41,饼丝很不错，我是河北人，喜欢吃焖饼，出差在安徽，根本吃不到，干脆网上买点回来自己做，就在京东选了这家的饼丝，很好吃，价格还不贵！
20513751637,2024-02-26 19:12:34,京东销售的这个产品对饼条的本源及未来有着深刻的理解，在这个领域做出了突出贡献。产品制作精良，包装完善，值得购买，京东及客服都很给力！
19024301608,2023-04-15 14:53:30,去年买了饼丝，因为疫情，一直没有发货，后来自动取消了，最近又看到了，就买了些，平时可以直接拿来炒，节省时间，不用去和面。感觉蒸一下会软些，直接炒有点干。
20486993858,2024-02-18 19:35:14,炒饼我和老公都很爱吃，炒饼物美价廉，炒的过程中加入了甘蓝丝，味道很不错，配料表很健康，生产日期也很新鲜，打开包装后冷冻保存
20434957176,2024-01-29 19:52:28,已经多次购买了，口感确实不错，值得购买拥有的高质量产品，味道不错，很筋道，很有营养含量，是一款非常不错的产品，值得购买。。
20219679083,2023-12-06 22:07:22,饼条已收到，在他家买过很多次了，非常满意，发货很快，塑封效果很好，没有漏气，快递很快，很满意，在家自己做，非常方便。好评！
20193292530,2023-11-29 07:38:59,节日期间，京东搞的活动力度相当可以，物流也相当给力，到货速度极快，商品质量没任何问题，大家赶快趁着这波福利加油冲一把吧。
18093294024,2022-09-21 02:19:54,终于得到了一个快快的快递，太不容易了韵达，这么多次，这次最快
20746437254,2024-04-29 06:27:47,多次回购了，自己做的跟买面卖的一样好吃
19966487238,2023-10-14 09:45:36,太好吃了，一家人正好两顿一袋，很方便，特别筋道，家里人都好爱吃，还会继续买的，很实在，价格也不贵，让南方人体验到北方菜的快乐
18544002360,2022-12-16 01:33:22,再次购买了，因为大家觉得好吃。适合做早晚餐，炒肉素炒，加鸡蛋炒都不错。高筋饼丝，筋道，味道好，家中常备方便又快捷，老少皆宜。
18512662315,2022-12-11 21:54:40,快递非常快的，第三天就收到了，炒饼的量非常大，两大包，四口人一次也就吃三分之一包，加上鸡蛋，火腿，绿豆芽，简直就是人间美味。
18992757380,2023-04-05 21:36:46,已经买过这家多次的饼丝了，打开袋子有麦香，饼丝很劲道，抽真空发货也很放心。北方人最家常的就是炒饼烩饼了，对于上班族来说，晚上多放几样蔬菜炒一份饼丝，简单又营养。
18178174656,2022-10-07 16:54:10,还是喜欢的味道，饼丝很细，吵起来很好吃，放点肉丝豆芽芹菜，不错的，包装有一袋不是很真空，先开袋吃了，东西没问题，快递也不错的
18069081538,2022-09-16 10:05:25,在遥远的南方让我吃到了家长的味道，很筋道，配上长豆浆绝了。卖家态度好，包装真空发货，买了慢慢的两大袋可以吃好几顿了。一如既往地支持
17999547701,2022-09-01 21:51:45,满意的一次购物，疫情当下，送货超快。，真空包装，干净卫生，饼丝筋斗，炒饼烩饼都适用。，高筋饼丝，作为一个北方人，天天吃都不腻。
18934001098,2023-03-23 18:59:46,到货就迫不及待打开了，果真没有让我失望，质量特别好，颜值也相当高，满意的一次购物宝贝非常棒，是自己想要的那种风格，到货也很快，谢谢老板，服务五颗星
19193945213,2023-06-06 20:18:10,老公自己买的炒饼，虽然我不是很懂炒饼的快乐，姑且相信这个是好吃的吧，哈哈哈，尊重很重要，可能是河南河北南边那边一带的特色吧
17299492814,2022-03-27 10:48:16,很好，多次购买了，一如既往的好。
17524557678,2022-05-22 18:23:11,近几年来经常在网上买饼丝。店是老家河北那里的，河北人都爱吃饼炒饼。来了贵阳好几年了，竟然没有见过有店里做炒饼的。他们不知道炒饼很好吃吗？
18978941240,2023-04-02 20:48:00,家乡的饼丝，一直再买，不想做饭了，简单做个炒饼，好吃省事，又能想起家乡的味道，也一直再买，质量还不错，真空包装，份量比较足。
18955242853,2023-03-28 21:18:12,饼丝很新鲜，密封包装。收到后打开放到了保鲜层，尽快吃完。炒饼或者焖饼都可以，搭配喜欢的蔬菜，肉丝或者鸡蛋，美味就可以出锅啦。
18654732812,2023-01-05 12:31:49,买过几次了，这次因着疫情，半个月才收到货，一共两袋，其中有一袋里面有些空气，密封的并不好，不过没有坏，饼丝很劲道，也很方便做，适合我这种懒人
20166002942,2023-11-21 11:42:09,包装无破损，密封好，味道不错 筋道
18265062444,2022-10-23 12:43:45,好吃实惠。量大。一个人买四袋够吃一个月的。没时间做饭，感觉麻烦但还得做，做个这个挺好的。五六分钟还好吃！洋白菜，胡萝卜切丝，豆芽洗净备用。不用断生，利用菜里面的水汽把饼丝变软，加入佐料出锅。
18353326356,2022-11-08 20:18:13,老家的饼丝味道真的很正宗，在外地也能吃到老家的味道，多次回购了
18567821950,2022-12-19 13:36:47,虽然因为疫情影响物流不是太顺畅，到最后收到的真的是超级超级好吃的饼丝，并且一斤的量也可多，四个大老爷们一顿饭才用了一袋的三分之二，这分量杠杠的，推荐购买
20519714834,2024-02-28 13:02:47,运来的包装都是真空压缩好的，今天做了一次午饭，感觉还不错～
19748034031,2023-09-18 17:23:38,经常购买了，很好吃，自己做比在外面吃，要划算多了
19832717405,2023-09-25 19:26:20,河北饼丝质量很不错，常購
19591734322,2023-08-29 09:17:01,该饼丝的品质很有保证，多次回购
17784787545,2022-07-16 08:27:59,朋友推荐的饼丝，说是口感不一样，买来尝尝果然不错。真空包装不用担心吃不完，放冰箱可以保存很久，做炒饼或者烩饼之前，饼丝要抖散一些，吃起来劲道，再来碗鸡蛋汤，完美。还会回购的，可以推荐。
20529356454,2024-03-01 20:45:11,比较劲道，非常好吃！储存也方便，自己动手吃到美食
20432738855,2024-01-29 10:16:45,饼丝炒出来超级好吃，推荐购买，收到货就分小袋装了，很不错
20333874188,2024-01-06 15:47:10,老家河北的 就馋这一口 辛集发货 真空包装 回来分小包放冰箱 吃前拿出来 特别方便 要吃完了 准备再买一次 细的炒宽的烩
20112859803,2023-11-10 12:48:52,很好吃，经常回购了
20654970502,2024-04-03 21:22:49,河北细饼丝质量很不错
20587514465,2024-03-16 19:54:58,包装完好无损，运输快速。
20577433654,2024-03-13 23:27:58,河北细冰丝质量很好，常购
20549373486,2024-03-06 19:43:47,身在外地.想念老家的味道
20379239441,2024-01-19 17:55:32,作为一个河北人能在上海吃到炒饼，很幸福。
20365705602,2024-01-15 18:26:37,产品收到了，包装完好的！回购的好产品！
20693765188,2024-04-14 19:33:44,完美！炒了一碗不错😊
20447572609,2024-02-02 10:33:01,嘎嘎好吃，建议蒸一下再炒
20568535196,2024-03-11 17:24:42,发货速度还行 多次回购了
20396448035,2024-01-23 13:58:37,快递送的很快 很快就到了 饼丝很好吃 赞
20305225946,2023-12-29 16:45:15,多次购买了，不要做饭或者是不知道吃什么的时候，就来做个炒饼，很方便
18050375534,2022-09-12 08:15:46,第一次在网上买烙饼丝，感觉还不错，个人比较喜欢吃焖饼。东西邮寄过来是抽空的包装，短期内吃的话，不要放冷冻，化开弄散需要时间。
20365683165,2024-01-15 18:19:37,此用户未填写评价内容
17180728784,2022-02-26 13:35:20,炒饼，河北特产，我老公是河北人，喜欢吃的不得了，看京东上有的买以后就经常买，我们一家人都喜欢吃了，虽然我的江南的，但是对于喜欢吃面食的人来说，真是好吃啊，就白菜鸡蛋炒炒就很美味啦
20090610212,2023-11-05 17:26:53,真空包装的。小小的一袋可以装2斤。做了几次炒饼，还可以。主要是方便。支持家长产业。
20353826699,2024-01-12 03:00:55,这是一个好评模版，因为喜欢 京东，买了京东PLUS会员，常在京东买东西，订单太多，不想每个严品都写好评，所以特地写下这个模版。以前不知道~评论可以涨积分，现在才知道好评的重要性，妥妥的每条都来评论下，赚积分下次还能抵现金。评论80个字以上，可以得到20京豆。这是第N次在京豆买东西了，东西便宜而且质量好，物美价康，买得放心，用得开心，感觉都买的停不下来了，东西种类多而且又特别齐全，划算方，便，而且实惠，包装很好，而且没有任何损坏，会一直支持下去的、服务还可以一超级好用，好评，下次再来收起加入购物车立即购买
17969666017,2022-08-26 21:19:41,家长的味道，美味极了。操作简单，焖饼或者炒饼就能呈现。物流很快，包装完好。最好分成几部分，暂时不吃的放冷冻，这样更久一点。
17900237172,2022-08-11 21:34:32,特别好吃的饼丝，已经买过好多次了，很有嚼劲，作为北方人的我，对焖饼有抵抗不了的诱惑，老家的味道就是这么简单，非常好的一次购物体验
17638137349,2022-06-15 15:28:33,非常不错的饼丝，买过几次了，老家的味道，做炒饼非常好，分量绝对够足，不愿炒菜时，做炒饼简单好吃。当然也可以做焖饼，也是非常不错的。
18067150070,2022-09-15 19:50:28,"质量非常好,与卖家描述的完全一致, 真的很喜欢,完全超出期望值,发货速 度非常快,包装非常仔细、严实,京东物流公司服务态度很好,运送速度很快,很满意的一次购物质量很好, 希望更多的朋友信赖京东. 客服态度特好, 我会再次光顾的，发货迅速，态度很好，很满意！很好很好！下次有机会再找你，客服人蛮好的，东东很不错,淘到心意的宝贝是一件让人很开心的事，比心。"
19955706901,2023-10-10 17:58:52,东西已收到，买了两袋，包装很好。够吃一阵了。蒜苔，尖椒，茴子白，豆芽，土豆丝都好，哈哈。
20503371743,2024-02-23 18:49:56,终于收到货了，非常非常喜欢，已经被很多人夸了，真的太开心了，已经是他家的忠实粉丝了，以后还会继续买买买的
17511421477,2022-05-19 14:54:49,到货就迫不及待打开了，果真没有让我失望，质量特别好，味道也相当好👌🏻，满意的一次购物，量上很大方，品量非常好，价钱也很合理！
20159377929,2023-11-19 17:26:25,饼丝收到了，还是很新鲜的那种，应该是现做现发货的。
20412565205,2024-01-25 16:53:58,真空包装，份量足，收到后马上按照页面的拆包分装方法分装成小袋冷冻了。闻着很香，饼丝还有柔韧油润感，很新鲜。
18459305151,2022-11-30 17:16:10,这是第二次购买了，这回外包装挺好哩哈！真空包装也没有漏气，饼丝摊开还是挺新鲜的，不错！！
18543971673,2022-12-16 01:26:15,多次购买了，饼丝筋道好吃，配合肉丝一起炒，鸡蛋炒饼丝，菜叶一起炒都好吃。早餐，晚餐都可。有宽细之分，大家觉得还是细的好吃。
20089499901,2023-11-05 13:47:38,真空包装的，暂时还没打开，晚上回去可以炒两盘！
18648626223,2023-01-04 06:34:47,我已买过好几次了，很好吃的。给五星好评。
18851408298,2023-03-04 14:23:31,真空包装起来的两袋 很满 需要先收拾散  然后再下锅 闷个5   6分钟  就能出锅了 饼丝很劲道  吃起来口感棒棒的。
19572819800,2023-08-25 12:12:06,这是成品，我买了两袋，能装一盆吧，量也还好，但是确实劲道，好吃。
19958763124,2023-10-11 17:33:30,买了两袋，有一袋漏气了，不过不影响质量，非常好。
18833034012,2023-02-27 14:39:35,多次回购了，很好吃
18829264464,2023-02-26 14:48:44,唉，一共买了三包，吃了两包扔了一包，这个确实是扔着一包呢，是放的时间可能有点久了，我看了有点长毛了，没敢吃，之前那两包吃的吧还挺好，我觉得还行，没什么毛病，嗯，总体来说是比较满意的，只不过是现在评论的话，我照片肯定都没有了，早都吃完了扔了也扔了，吃的也吃了，没有什么东西
19550605495,2023-08-18 18:20:51,真的很喜欢，完全超出期望值，发货速度非常快，包装非常仔细、严实，物流公司服务态度很好，运送速度很快，很满意的一次购物这家店还好吧。来买过几次了，服务老客户非常周到，以后还常来！
20438291449,2024-01-30 18:16:45,北方炒饼，北方人的最爱(✪▽✪)，好吃的焖饼，太好吃(「·w·)「嘿了，自己烙饼，有点麻烦ǒ.ǒ，自从发现网上有饼条卖，买了好几次(✪▽✪)。
20673110661,2024-04-08 22:53:39,饼丝很劲道，面香味足，包菜丝炒饼丝想念了很久，终于吃上了
19930401951,2023-10-06 17:31:37,吃的好快，第三次买了，主要是做起来方便
17028541299,2022-01-22 09:46:53,炒饼丝量很大，饼丝非常筋道，价格实惠，做起来非常简单，日期很新。真空包装袋，压的很结实，基本都是整条的，断掉的很少，快递也很快。
20503370754,2024-02-23 18:50:13,发货很快，已经收到货了，关键价格也合适，在这里买还是很放心的，好评！
20648023904,2024-04-02 00:02:52,非常值得信赖的品牌，质量有保障，价格还亲民，相当满意！
20730417280,2024-04-24 19:39:32,性价很高，做个焖饼只需5分钟，第N次购买了
20474429001,2024-02-13 11:22:15,🌈质量很好，买的很合我心意💕，棒棒哒！✨需要的亲们可以放心购买
19565213903,2023-08-23 13:48:59,一直买挺好的，如果能用顺丰快递就更好了
19824899386,2023-09-25 07:19:00,第二次买了，做起来方便
20518399538,2024-02-28 08:08:44,饼丝质量非常好，夏天快要来了，商家如果能更快地方式送到顾客手上会更好。
19849032163,2023-09-27 20:05:23,买了好几次了 很好吃
19629609130,2023-09-07 10:26:51,始终在回购的产品 非常好吃
19666280511,2023-09-12 18:20:54,看着还可以，好吃的话继续
19551491869,2023-08-18 23:40:09,面炒出来太干了，还是现烙的饼的好
20482629637,2024-02-17 11:04:58,绝对是最开心的一次购物，店家服务态度很好，售后也是
18331712319,2022-11-04 21:27:39,饼丝分量真的太多了，可以炒饼，也可以烩饼，超值！
19639566871,2023-09-09 10:09:11,此用户未填写评价内容
19638243608,2023-09-09 00:21:47,非常好吃，多次购买，味道纯正！地地道道！
20319903797,2024-01-02 19:18:25,物流速度很快，价格便宜量又足，真空冷冻包装，质量杠杠的，今天中午搞了个素炒饼，久违的味道，非常鲜美，口感棒极了，五星好评。
19277239979,2023-06-26 21:00:50,经常购买，确实不错。馋了就尝尝家乡的味道。
20643657279,2024-03-31 21:36:10,质量不错，价格合理。就是量太大，建议改为2，斤装。
20552766223,2024-03-07 17:01:35,口感很好，添加剂很少，非常适合炒着吃
20693818850,2024-04-14 19:48:36,饼丝很好吃，回购几次了
20386934876,2024-01-21 20:14:29,吃完上次购买的马上回购的，非常符合我这个北方人的口味
20576502340,2024-03-13 19:06:48,还没吃，不过看起来不错，值得期待
20649091860,2024-04-02 11:28:19,好吃，量很大，能吃好几顿
19960179655,2023-10-12 08:07:24,无论材质还是做工都超出了预期，超值，穿起来也很好看哦。卖家发货也比预计提早了很多，还会再来。买吧，不会后悔的哦！全五分。：
20175076838,2023-11-23 19:22:58,北方人的最爱(⑉&deg;з&deg;)-♡吃的焖饼，太好吃(｢･&omega;･)｢嘿了，自己烙饼，有点麻烦Ծ‸Ծ，自从发现网上有饼条卖，太开心ヽ(○^㉨^)ﾉ♪了。
18357086635,2022-11-09 15:46:22,多次回购了，很喜欢吃，时不时就会来买
19179020963,2023-06-03 14:40:16,买到家后没及时吃，长毛了，看样子是新鲜的
20418953322,2024-01-26 13:11:07,真的超级喜欢，质量非常好，与卖家描述的一致！
20577971827,2024-03-14 09:04:00,这个特别好吃，回购无数次了
19922064893,2023-10-05 21:17:11,已经收到了！多次购买了！特别喜欢！现在特别方便了！想吃了网上下单！三天就到了！简直太方便了！不用每次回老家都大包小包的带一堆了
20594635899,2024-03-18 18:31:07,多次复购真的好吃！！！！
19201104721,2023-06-08 15:43:49,产品收到了，包装完好的，看着不错哦！
17649247575,2022-06-17 18:36:05,真空密封包装，内有气蛰填充物，第三次回购了，挺好的。
19016709108,2023-04-12 20:42:47,饼很好，确实不错！，不过有一袋真空漏气了，好像有点变味，但是不影响好评！
20561918501,2024-03-09 22:31:29,物流快捷，味道很不错。
17475349759,2022-05-11 07:39:03,一直这家买，吃完了再来，买了好多次了，很棒的卖家很好的东西
18878395865,2023-03-09 21:49:33,收到快递之前还担心会不会坏掉，毕竟天热路远。打开快递发现真空包装，而且味道口感都很好。和在家里吃的差不多。就是感觉份量略少，不过我没仔细称，就是用手大致估了一下。整体感觉很好！
20453950334,2024-02-03 23:37:26,好的很，买了几次了，快递也快
16681000544,2021-11-18 17:56:20,物流速度很快！！！已经多次购买了！！！老家的味道！！！还会继续回购的！！！！就是成本高些！！！！还是喜欢细饼丝！！！！！
20711561655,2024-04-19 18:00:00,多次购买，非常好！
20583786658,2024-03-15 18:53:18,好东西，以后别用垃圾快递了！
20390792714,2024-01-22 17:29:48,还可以吧，怀念家乡的味道。
20413658258,2024-01-25 19:26:38,一直在他家买，老家的味道
20626117979,2024-03-27 09:34:07,经常回购、有家的味道！
20336694533,2024-01-07 12:35:50,物美价廉  分量很足 口味很棒
20369202221,2024-01-16 19:45:37,收到货了，挺好吃的价钱合理物流快服务好给个好评
20346906376,2024-01-09 23:50:27,很喜欢，很好吃，很正宗，不错
20629964626,2024-03-28 09:14:52,很好很不错值得购买的
20545928838,2024-03-05 22:04:17,很实诚 东西很不错 推荐购买
20608633756,2024-03-22 15:14:30,面筋价格实惠味道可以。
20363335634,2024-01-14 23:01:52,饼子口感很好，会继续回购的
17413639462,2022-04-26 11:26:46,多次回购了，现在在南方基本买不到，只能自己动手做了，小时候的味道。
17127663056,2022-02-14 20:55:21,第三次买了  东西没得说  就是自己做的不咋地  再买几次练练手
19960869336,2023-10-12 11:53:34,确实好吃，直接做炒饼正合适。如果放了冰箱拿出来的记得先解冻再下锅，冻饼容易炒不开。就是包装有点简单，一定要尽快吃掉，时间长了坏了就浪费了。配点炸货更是美味。
20374880085,2024-01-18 14:08:57,性价比很高，到货快，
19034986061,2023-04-19 09:41:00,都买了好多次了，好吃量足。
20219686033,2023-12-06 22:09:20,非常好的店家，买过很多次。这次多买点儿，宽饼条做烩饼，窄细饼条留着炒饼。东北这边很少有卖，每次都是网购，也不错，能够吃到家乡的味道。
20563782540,2024-03-10 14:08:19,此用户未填写评价内容
20274636130,2023-12-21 10:33:27,已经买过很多次了，自己不会烙饼，就买现成的饼丝，炒出来的饼丝很好吃
19198208334,2023-06-07 20:30:34,好吃呀 经常回顾  还便宜
18942957775,2023-03-26 11:21:20,真空包装，口感很好，已买多次
17290139157,2022-03-24 19:13:11,正品，买的放心，价钱也公道，满意！便宜又实惠，买了好多，宝贝一如既往的好😊，性价比非常高，大品牌值得信赖👍实物与描述的一样，质量相当好，卖家态度也好，有问必答，发货速度杠杠的，值得购买哦宝贝已收到，是我想要的，手感很好，质量也挺好，有问题客服也很快就解决了，态度非常好，一定好评！
20351753946,2024-01-11 13:42:59,收到，挺好吃的，下次还会再来
20191099041,2023-11-28 13:56:17,我是北方人，特别喜欢吃！童年的味道！性价比很高！值得推荐购买！！！！！！！有细的，宽的！都很好吃！推荐购买！味道很好！！
17442924953,2022-05-03 18:29:48,此用户未填写评价内容
20554613902,2024-03-08 07:22:40,真的太好吃了，自己做的感觉比外面卖的还好吃，买过好多次了
19760496745,2023-09-19 13:23:05,好吃，长期买来做焖饼和炒饼，北方人在南方是真的吃不到，只能自己买来做。
18683917216,2023-01-12 08:56:09,已经好多次回购了，很好吃。
18683906164,2023-01-12 08:55:56,已经好多次回购了，很好吃。
20215011198,2023-12-05 15:36:25,饼条很新鲜，打开后弄散再放冰箱，做焖饼好吃
20455347586,2024-02-04 13:33:18,可以真空包装很好
19002848589,2023-04-08 20:03:46,很好吃，多次购买了
20115629824,2023-11-10 22:50:01,北方人的最爱，饼丝很新鲜，有淡淡的面香，不错。
19936679563,2023-10-07 09:56:23,饼丝确实不错，挺好吃的，推荐大家购买。就是物流有些暴力。
18715814000,2023-01-21 05:54:23,物美价廉 发货迅速
18610277472,2022-12-26 17:47:49,客服服务态度很好，快递也不赖，希望老板生意越来越好！！！
20237299663,2023-12-12 00:45:02,很不错   下单过很多次     最喜欢的一家
20275299718,2023-12-21 13:21:37,很好吃，做的时候很方便
19134035704,2023-05-21 23:38:10,不是第一次购买了，确实不错，就是建议能不能改成小包装，打开后一次吃不完很容易坏掉，浪费😂
17193262882,2022-03-01 13:35:07,非常好，饼丝吃起来不错，专门学习了下如何炒饼丝，味道不错，质量很好，看上去就给人一种高级感，价格也合适，这次网购很愉快，大赞👍
19545267329,2023-08-17 10:30:15,老公自己买的炒饼，虽然我不是很懂炒饼的快乐，姑且相信这个是好吃的吧，哈哈哈，尊重很重要，可能是河南河北南边那边一带的特色吧
20222563516,2023-12-07 20:30:00,好喝 经济实惠 送礼首选
20178602652,2023-11-24 19:56:16,已经很多次购买了，家乡的味道
20264570363,2023-12-18 20:32:41,非常好吃，回购两次了
20260995561,2023-12-18 00:09:52,口感可以，可以多买些
20214160476,2023-12-05 11:18:15,饼丝不错，筋斗，一直购买
20208419654,2023-12-03 16:54:22,非常好吃 最爱 值得购买
20203113776,2023-12-01 23:15:30,以前就买过炒出来的饼很好
20152287368,2023-11-17 20:48:41,顶替泡面之类的，筋道，做起来也很容易！口感很好！
20188599522,2023-11-27 18:19:27,不错就是这个问，杠杠的
20630475228,2024-03-28 11:26:02,非常不错的饼丝
20195958329,2023-11-29 20:53:49,第一次购买，期待好吃
18815761083,2023-02-22 10:03:28,快递员送到 电话都不打 短信也不发 如果不是自己登录网站看 买的这个东西七天保质期 路上四天 网点放了一天多 是不是直接就坏了？
19556095666,2023-08-20 15:33:57,已经是第二次购买了，用来自己制作炒饼，方便快捷味道好
20218240585,2023-12-06 15:05:28,很好，有嚼劲。。。
20373201852,2024-01-17 22:30:35,很不错！！！！
18505303281,2022-12-10 17:34:59,好吃的饼，坚定完毕，不愧是等了好多天的
20111635640,2023-11-10 07:34:20,好好好，好吃划得来。
19941223812,2023-10-07 20:16:06,饼丝收到了，和我期待的一样，炒着很好吃，还会再买的
19285298569,2023-06-29 11:34:25,一直在他家买，想吃家里的炒饼了就在他家买，南方这边不***饼丝
19833550534,2023-09-25 20:43:22,质量好，做工精细，口感好，超值。
19812045686,2023-09-24 05:47:59,买过好几次了，口感不错，很好吃。
19994872341,2023-10-23 11:38:36,好吃，就是袋子漏气了
19970066944,2023-10-15 12:23:53,很新鲜，非常好，有嚼劲
18439834896,2022-11-25 12:58:14,很筋道，不错的一次购物，下次还会买
19974392138,2023-10-16 18:16:18,此用户未填写评价内容
19965626790,2023-10-13 21:16:27,非常好吃，日期新鲜。
20237521445,2023-12-12 07:47:18,相当不错，小孩很爱吃
19874022783,2023-09-30 12:38:44,正宗家里的味道，唯一欠缺的就是有一包漏气了
20152666212,2023-11-17 22:18:41,货真价实，包装完好，好评！
17851213105,2022-07-31 00:57:30,网上找了个教程炒了一下，不过饼丝本身没有调味，要加点盐才好吃。
19820711414,2023-09-24 23:51:54,很好吃，都买了好几次了
19978782842,2023-10-18 06:52:16,饼丝是老家的味道，已经第四次购买了
20108063103,2023-11-09 12:31:17,这个饼丝买了两次了，不错。
19530992613,2023-08-13 13:57:38,之前买过很多次了，家乡的味道，很棒
18623134722,2022-12-29 18:15:51,一个巴掌大的纸箱子可以装下7斤多的饼丝吗？？？？？之前买过多次，第一次出现这种情况，巴掌大的纸箱子，顶多2斤多的饼丝，路上物流时间加上其它耽搁了，我直接扔掉了
19610770439,2023-09-02 15:04:27,不错不错很不错，值得购买。
20007571172,2023-10-26 17:00:27,京东给力，物流也很快，点赞。
19331652392,2023-07-13 19:30:14,老公自己买的炒饼，虽然我不是很懂炒饼的快乐，姑且相信这个是好吃的吧，哈哈哈，尊重很重要，可能是河南河北南边那边一带的特色吧
18850618164,2023-03-04 11:55:11,第n次购买，质量没挑，建议一袋能分成几小袋，这样要吃的时候提前一天放到冷藏就好了
19368800837,2023-07-25 11:11:15,还是家长的味道，在南方真不好买这个
19360346567,2023-07-22 17:07:06,非常满意的购物，下次还会继续购买。
19613035366,2023-09-03 10:33:52,物流速度快，吃着劲道
18284950203,2022-10-26 18:53:10,好吃，不错，性价比高。可以
19396898347,2023-08-03 07:31:29,南方买不到，北方人想念这一口
19008348920,2023-04-10 12:08:32,一直在京东买，回购了好几次了，这次干脆买了两袋，还有优惠，孩子很喜欢，特别好吃，相信京东会给我们，带来最好，最方便的。👍
18715526009,2023-01-20 22:20:24,宝贝特别喜欢，颜值高质量好，中看又中用，有需要的朋友不要犹豫了，最后祝商家生意兴隆！
19276076128,2023-06-26 15:18:05,份量足，做焖饼很好吃。第二次购买了
19387375178,2023-07-31 08:34:50,很好吃，有家乡的味道
19285979069,2023-06-29 15:10:55,包装非常严实，真空包装，特别喜欢吃饼丝，方便简单，
19363624245,2023-07-23 17:23:00,味道不错，家里的味道。
18603513386,2022-12-25 12:10:04,饼丝非常好吃，量大，质优！非常适合囤货，自从吃了他们家得饼丝，就再也没买过别人家的东西！非常好用！！！！强烈推荐购买！！
19111413770,2023-05-14 19:18:42,已经多次购买了，非常好吃！有浓浓的家乡味道
19281235645,2023-06-28 05:04:34,好吃，口感不错，还是那个味道
20133042753,2023-11-13 20:09:58,质量非常好，与卖家描述的完全一致，非常满意，真的超级超级超级宇宙无敌喜欢， 完全超出期望值，发货速度非常快，包装非常仔细、严实，运送速度很快，2天2夜就到了，  体验下算是符合预期的  服务小姐姐全程热情又很有耐心  也会问我们需求与感受  是一次蛮好的体验呢满意，以后还会回购[比心]
19248072146,2023-06-19 15:51:48,嗯，是那个味--客服态度很好！
20529406691,2024-03-01 20:57:07,精挑细选很久✨，最后决定买这一款🎁，到货后果然没有让我失望，实物很漂亮🔮，做工很精细🌈，特别满意💖
18079858329,2022-09-18 15:23:56,饼丝真空包装，份量很大
18687155646,2023-01-12 22:06:30,材质不错，高筋面的，份量很足，真空包装得很扎实，生产日期也比较新鲜，性价比很高，物美价廉，值得推荐。买来过年做海鲜烩饼的，看看口感如何
20072414161,2023-11-01 23:50:01,好吃啊2持续回购
19218340014,2023-06-12 21:12:30,家乡的味道，不错了很劲道
19261270742,2023-06-22 14:25:07,还可以吧是家乡的味道
19103731694,2023-05-12 08:05:58,很不错的饼丝，已经是第二次购买了
19415237511,2023-08-08 21:17:13,买了几次不错还是选他家的
19234104076,2023-06-16 20:49:57,大太阳的，快递放外面暴晒，快递没点常识吗
19157854645,2023-05-29 07:35:27,不错很不错，很好的东西。
18963950108,2023-03-30 13:06:46,做炒饼挺好吃，拆开之后要赶紧食用，以免变质
19386049689,2023-07-30 18:09:09,不错，挺好的物流很给力
18726813988,2023-01-28 07:12:11,"大品牌，用起来很放心，质量非常好，赶上活动购买非常的划算,客服真的很不错哦～"
19129726094,2023-05-20 16:36:48,我最爱的炒饼。饼很好
19082597731,2023-05-04 21:27:45,饼丝很好，一直是老客户了。发货也很快，不错。
17671407646,2022-06-21 08:28:54,发货很快，质量很好，味道不错
19281455683,2023-06-28 08:34:10,经常买他家的饼丝，劲道好吃
18998668719,2023-04-07 21:35:00,饼丝劲道，量大实惠，吃完再回购
19185672796,2023-06-04 21:54:36,饼丝很好，就是每袋子再少点就好了
19072374154,2023-05-01 10:06:50,喜欢吃炒饼，老家的味道
19075764135,2023-05-02 15:53:13,多次购买了，值得推荐哈！始终是家乡的味道&hellip;&hellip;
18993592030,2023-04-06 09:44:44,很好吃，包装也很好，老板有耐心的对问题进行解答，
18963967191,2023-03-30 13:07:50,价格很实惠，量也大，性价比超高
19074228761,2023-05-01 23:01:04,非常喜欢。 很好吃。
19054594353,2023-04-25 12:03:15,家里常吃的，特地网上买
19004763476,2023-04-09 09:06:15,多次购买，食用方便，口感好
18878477775,2023-03-09 22:13:49,京东的东西还是可以的，希望越来越好
19149044138,2023-05-26 15:26:19,一直回购，很好吃，买了很多次了
19219591421,2023-06-13 09:47:42,很不错，己是第二次买了！
19043693728,2023-04-22 09:15:16,产品还不错，好评好评
19045008175,2023-04-22 16:30:23,已收到货物，购买很多次了，会持续关注！
20271587107,2023-12-20 14:00:54,很好，多次购买
18677756692,2023-01-10 18:15:48,大家好，为啥我炒的饼丝，爱粘锅，你们都怎么炒的
17163995452,2022-02-22 17:24:17,份量还是比较足的，真空包装也比较好。买来还没吃不知道会不会很劲道。
18529617861,2022-12-14 09:04:20,😃超级好用！还很美观！墙裂推荐！有需要再回购！发货速度很快，卖家服务也好，目前很满意
18673816050,2023-01-09 19:36:33,老家美食真的太好吃了！炒饼、炒饼！我的最爱！
18833960515,2023-02-27 17:57:51,质量很好，价格优惠。很给力。
17439963640,2022-05-02 23:12:01,收到，宽细两种，看起来不错，冷藏七天，冷冻一个月，今天炒了一份吃吃，味道不错，很筋道
20112858395,2023-11-10 12:48:32,真的很好吃，买过很多次了
18817295440,2023-02-22 17:38:13,不错。现在气温低，没有任何问题，挺容易散开的。
18826901344,2023-02-25 18:07:38,不错，不错，很好的东西
17681980743,2022-06-22 21:46:08,炒出来很好吃，多次购买了
18739836282,2023-02-01 16:15:14,是那个味道    没有添加剂
16563186019,2021-11-02 23:40:52,买收到货就迫不及待的打开来看，我是个对烙饼毫无免疫力的人，包装很扎实，店家贴心的提供了粗细两种，弄点肉丝豆芽和青菜，简单一炒就是一盘美味，价格非常实惠，合不到一块八一斤，我这里的市场都要卖五块钱一斤，非常超值。
19000087236,2023-04-08 12:55:12,挺好，包装很好，味道不错
18724730326,2023-01-27 09:02:15,每年都会买几次。推荐！
18704891836,2023-01-17 16:46:46,家乡的味道！回不去解馋了
17171332318,2022-02-24 11:12:51,收到了，多次购买了，挺好的
17181920324,2022-02-26 18:13:38,河北炒饼，很不错(*๓&acute;╰╯`๓)♡，家乡的味道好极了，以前自己烙饼吃，太麻烦Ծ‸Ծ了，朋友介绍，这次尝试在网上买，挺快的，唯一不足，可惜外面包装破了一大块，都露出内袋了，不知道快递怎么运输的。
18821033749,2023-02-23 18:42:26,一如既往的好吃，家乡的味道，想念
17003193230,2022-01-17 13:54:58,就是这个味，每个月必须买一次，好吃
18687803331,2023-01-13 07:29:08,好吃不贵值得推荐购买
18672994165,2023-01-09 16:41:07,满意，下次进行回购。
18411499742,2022-11-18 23:11:49,啦啦啦，家里人多，每次都是买好多，趁着双十一做活动，还有运费券，一下子买了好几斤，真的是好，性价比好很高，值得购买。吃完继续回购
17159970928,2022-02-21 20:07:01,此用户未填写评价内容
20487543662,2024-02-18 22:38:50,多次购买的饼丝了，做饭简单方便
17744315332,2022-07-06 10:42:45,已经复购N次了，出门在外，就是想这家乡的一口炒饼，其他地方根本就没有卖的，还好现在可以在网上买，已解乡愁，多多支持家乡企业。
16823495041,2021-12-16 12:52:29,非常不错，我喜欢的味道，我爱吃，建议没吃过的尝试一下，值得购买！
18817306046,2023-02-22 17:38:52,不错，买了两次都没问题。
18922084230,2023-03-20 19:39:11,还是一如既往的不错
18864273440,2023-03-06 12:57:41,味道很好，家乡的味道
17389364976,2022-04-20 12:43:09,拿到货晚上就整了一顿野芹菜肉炒饼，老家的味道，给个大大的赞👍🏻👍🏻👍🏻👍🏻👍🏻👍🏻👍🏻👍🏻
18677156614,2023-01-10 16:03:28,快递盒子破一大口子，也不知饼坏不坏
19974403294,2023-10-16 18:18:50,饼好，大小厚薄均匀，加热有(￣～￣)嚼！劲，好吃，就是没有出厂时间，还有包装太简单，多加一层内包装袋就好了
17813080167,2022-07-22 20:21:04,挺干的，闻着也没有异味，拿出抖散晾了一下，分成小包装放在冰箱冷冻了，吃一份消冻一份。
18554380704,2022-12-17 12:09:54,快递真一般，都摔爆了，还好，东西没坏没丢。饼丝着实不错，烩饼炒饼都可以，就是冷冻时候在冰箱一点占地方。
17747082435,2022-07-06 21:57:55,实话实说，确实不错，毕竟吃的东西买的时候还是比较认真的，但这家绝对保质保量，**新鲜。
16601791163,2021-11-08 20:28:50,太好吃啦，是老家的味道，专门在网上找的老家生产的饼丝，赞
18206417222,2022-10-13 20:35:16,必须五星好评。太棒了。价格实在。今天炒了一袋。确实好吃。
16787603977,2021-12-09 07:22:29,很好吃，都快吃完了才想起来评价，回继续回购的，
18348291827,2022-11-07 21:29:20,分成好几袋小包装了 打散的时候就很香！ 香喷喷～～会再来的   哈哈
17060188404,2022-01-27 14:05:00,烩饼相当好，干湿温度刚刚好，速度非常好，第二次购买了，相当满意，非常有弹性，有嚼劲，焖饼的味道，吃出了老家的味道，家乡的味道
18566294191,2022-12-19 09:38:55,好吃好吃，会继续回购，推荐购买。
17575097611,2022-06-03 09:21:49,已经第二次购买了，不错，是家乡的味道。快递小哥也非常给力。包装也很好。价格也优惠。不错，满意的一次购物。
17068747814,2022-01-28 19:05:01,该用户觉得商品不错
18998429062,2023-04-07 20:09:59,非常非常正宗，，，点赞
20001552560,2023-10-25 08:34:35,买回来做羊肉汤泡饼丝，又没有陕西人教一下汤怎么熬白？**的不成功，之前去西安旅游的就很好喝，很好吃
17021732704,2022-01-20 20:47:09,该用户觉得商品不错
17735226711,2022-07-04 10:25:11,很好吃，很新鲜，我也回购多次了，原来是我一个人喜欢吃，现在家里人被我带动的每个人都喜欢吃啦！
18367060717,2022-11-11 12:12:17,北方人在南方的福利 必须支持 必须买
18984002948,2023-04-03 22:57:42,没有坏，挺好的
18537867827,2022-12-15 10:47:42,东西很好 很好吃 值得购买
17893980461,2022-08-10 10:44:27,饼条劲道，好吃，经常买来做焖饼，找找北方的味道，价格也不贵。
18550566876,2022-12-16 20:55:00,价格很不错，质量也很棒！
18409747663,2022-11-18 16:30:43,饼丝真空包装，当天就开了一袋炒了一顿，味道真的不错！
18572419638,2022-12-19 22:17:53,多次购买了，确实很不错
20322748904,2024-01-03 14:40:27,很好吃，自己做的跟外面一个味道
18189372142,2022-10-09 20:28:02,家乡美食 在外也能吃到老家的味道了 不错
18170626721,2022-10-06 05:51:37,很好，多次购买了，每隔一段时间就来买一次
16637225514,2021-11-13 20:59:39,味儿不错，口感也挺好的，筋道得狠！
18460562297,2022-11-30 22:47:20,家长的味道，一如既往的好
17640016477,2022-06-15 22:26:26,家乡的味道！！！在外边都没找到哪里有卖炒饼，只能自己在网上买来自己炒了
18104109040,2022-09-23 06:04:55,包装完好无损，产品质量很好，做工精细，味道第一次在网上购买，也是看评价才买的，质量还不错，也很便宜，有需要的朋友可放心购买
17270242277,2022-03-19 16:31:06,实用性和颜值都非常的赞，我很喜欢，还会再来买的价格很实惠，性价比很高，算是平价好物，会回购的
18321794201,2022-11-03 08:21:21,婆家人喜欢吃，喜欢吃，那就多买
18485911306,2022-12-06 21:18:49,东西很不错 质量很好
18163564100,2022-10-04 18:39:49,很好吃，已经多次回购了，祝贺老板发财
18342809781,2022-11-06 21:42:14,第N次购买，炒饼烩饼都很赞
18259486114,2022-10-22 13:51:19,从小就爱吃闷饼，还是家乡风味。
18395980357,2022-11-15 22:30:47,不错，下还会购买！！！
17937471669,2022-08-20 15:04:25,绝对劲道，又回购了15斤，准备送个亲戚和同事。
18174632834,2022-10-06 21:24:07,不错，第二次买了，家里自己吵着吃
20171615195,2023-11-22 19:58:49,价格实惠，味道好，炒来吃非常不错，宽的味道更好，支持
18950015848,2023-03-27 18:01:41,真空包装，口感很好，已买多次
18525597650,2022-12-13 18:37:42,饼丝量大 有嚼劲 物流还非常的快
18119199994,2022-09-26 00:33:34,老朋友，很不错的饼丝，回继续支持的
18264455807,2022-10-23 10:44:41,刚收到产品，第二次购买，希望产品与物流越来越好
16754719064,2021-12-01 22:14:43,价格实惠！味道不错！
18352092009,2022-11-08 16:38:42,已经收到了，谢谢商家物流和配送小哥以及代收点。之前买的反馈还不错。还会光顾。推荐给大家。祝生意兴隆！
18233759287,2022-10-18 21:51:41,多次购买了，味道不错，好
18605417887,2022-12-25 17:13:36,又买了一次。一直喜欢吃。
18095042021,2022-09-21 13:08:27,宝贝很好，发货迅速，配送及时
18521340312,2022-12-13 08:13:05,多次购买了，做焖饼吃不错
18109377791,2022-09-24 07:47:09,非常好吃，回购五六次了，本人不喜欢拍照什么的。
17945729821,2022-08-22 10:40:15,这个饼丝不错，已多次购买，值得推荐
17957710822,2022-08-24 15:01:24,嗯，是熟悉的味道，吃着口感也不错
18058673348,2022-09-13 21:26:27,挺好，面质量不错，复合描述
17265964128,2022-03-18 13:43:39,自己做的没有这个好吃，多次回购了，买来放冰箱，吃的时候拿出来做炒饼，很方便
18522507295,2022-12-13 11:20:11,此用户未填写评价内容
17924456476,2022-08-17 17:52:43,家乡的味道不错不错就是快递不给力
18403085766,2022-11-17 10:45:06,有一包真空没抽到位，坏掉了
17817935729,2022-07-24 01:42:49,这个饼丝真心不错，已多次购买，值得推荐
17913295866,2022-08-14 22:53:22,买过几次，夏天做饭很方便，下次来
17829435791,2022-07-26 15:56:03,非常不错，很好，很好，下次再购买
17291425823,2022-03-25 08:07:45,每次做好都迫不及待的尝尝，加些苞菜很筋道，很有北方上学时的味道。
16855115514,2021-12-22 13:08:36,味道不错，再次购买
18352614378,2022-11-08 18:14:00,挺好，挺劲道 挺好吃
20525435991,2024-02-29 20:56:13,趁着优惠，赶紧入手，是正品，包装也非常的好，没有破损，质量也是没得说，棒👍
17864128688,2022-08-02 18:56:56,那是特别的好吃啊，真好吃。
20091652179,2023-11-05 20:38:20,粗的饼丝太硬了，收到的时候真空开了
17694741197,2022-06-25 13:17:28,质量非常好，很不错，一直用这个牌子，下次还来。谢谢买家。
17753877832,2022-07-08 16:26:26,这个饼丝啊，很久没有吃到了，结果买到了，还是非常不错
18304346250,2022-10-30 20:11:55,多次购买，家乡的味道
17835261382,2022-07-27 17:27:37,多次购买了，点赞，挺好的。
17650895877,2022-06-18 00:12:31,很好吃，值得拥有，下次一定会继续支持
18095238822,2022-09-21 13:53:23,nice，和豆芽，肉炒，一绝。
17943163732,2022-08-21 19:01:17,我是第二次够买，很方便又好吃，给好评。
17637787134,2022-06-15 14:11:29,好吃，不错。这个品质，这个价格，超值
18264166117,2022-10-23 09:53:15,第一次购买，确实挺好
18065857424,2022-09-15 14:45:26,不错，但是还是自己现做的好吃！
17377560139,2022-04-17 17:00:59,这质量真是太意外了，实物美美哒，触感很好，很推荐哦~实物与描述的一样，质量相当好，卖家态度也好，有问必答，发货速度杠杠的，值得购买哦非常好，宝贝很高大上，质量很好，看上去就给人一种高级感，价格也合适，这次网购很愉快，大赞👍
17502764672,2022-05-17 14:44:10,压缩太狠了，都黏成一块了，炒的时候不加水散不开，加水又不好吃了
17399737283,2022-04-22 19:47:24,饼丝很好吃，很细而且有嚼劲，非常棒。吃完还会回购
17773730359,2022-07-13 15:55:17,很棒，好吃，挺好的。。。。
17666057408,2022-06-20 11:46:32,老家特产，必须支持，好吃不贵，物流快，还是新鲜日期。
17430130265,2022-04-30 14:12:12,收货期间正好碰上疫情，货也不知道发到哪里去了
20294737130,2023-12-26 15:36:00,便于存放，口感很好，制作方便。
18186730171,2022-10-09 10:43:15,不错，和新作的一样！
17460704438,2022-05-07 21:14:34,很好，家长的味道，收到货分装，放冰箱冷冻
18052576240,2022-09-12 16:59:39,京东给力物流很快，点赞。
17160167434,2022-02-21 20:47:06,传统家里的味道，家人很满意。可惜不知道为什么现在不发货了。
17711377402,2022-06-28 21:31:15,好几次购买了，炒饼很好吃
17740989755,2022-07-05 14:41:57,不错，挺好的，东西挺好
20419583313,2024-01-26 14:54:29,本人特别喜欢吃蛋炒饭炒饼啥的，在网上看到，下单，收到还不错，就是吃碳水容易胖
17579601394,2022-06-04 08:10:12,昨天已经做过了，感觉还是不错的
18095634461,2022-09-21 15:23:04,不错！买了好多次了。
17505517283,2022-05-18 07:50:08,性价比老高了，平时做一份简单操作。
17631205606,2022-06-14 07:59:32,东西不错，挺好的，下次再来
20508379272,2024-02-25 11:21:20,分成两个发的，但是申通快递只给我发了一个单号，造成不便，取了两次
17954202480,2022-08-23 21:08:52,好吃，分量足！老家的味道。
19223808826,2023-06-14 11:06:24,不错，很方便！买了二种，一细一寛。做了腊肉鸡蛋炒饼丝，好吃，推荐！
17530164076,2022-05-24 01:56:42,不错，挺好吃的，我喜欢吃炒饼，
17678711361,2022-06-22 12:10:10,一直在他家买，货真价实
18408783381,2022-11-18 13:14:46,暖暖的家乡味道。
17695287373,2022-06-25 15:22:26,非常好，购买多次了。
17872016337,2022-08-04 19:30:07,多次购买，好吃！！！！！！！
18375444156,2022-11-12 16:59:32,多次回购中，好评
20648023714,2024-04-02 00:03:50,很好，包装很棒，外观不错，下次再来，到货很迅速
20499354455,2024-02-22 15:44:26,不适合家庭吃，一大包，打开吃不了就坏了，分成半斤小包装就好了
17070809669,2022-01-29 09:32:11,快递小哥哥认真负责任！态度非常好👍你们辛苦了！产品质量也很好👍给你们点赞
17605157004,2022-06-09 06:27:51,东亚不错值得购买！！
17030202735,2022-01-22 15:25:51,快递小哥哥认真负责任！态度非常好👍你们辛苦了！产品质量也很好👌给你们点赞
17365430164,2022-04-14 14:16:56,非常推荐，一袋子够四口人吃五六顿的
17004936194,2022-01-17 19:26:12,质量很好，与卖家描述基本一致，包装仔细发货快，总体满意。
17655510755,2022-06-18 18:44:55,超乎想象中的多，希望是记忆中的味道。
17259178965,2022-03-16 17:57:58,很不错，在西安很难买到好的饼丝，想吃焖饼
20389354339,2024-01-22 13:23:28,老家特产，在异乡能吃到，还是很开心，饼条很筋道，吃着口味正，挺好的
17364263024,2022-04-14 08:44:14,家乡特产，两个人吃太多了，味道赞
20722397301,2024-04-22 17:19:54,做了一些焖饼吃，熟悉的味道，好吃
17438340454,2022-05-02 16:13:40,解了我的相思之愁，远在云南就想念家乡的炒饼丝。
17343344899,2022-04-08 11:40:58,不错，已经买很多次了每次都是好的
17591184875,2022-06-06 12:28:27,该用户觉得商品不错
17451774909,2022-05-05 20:02:03,全家都爱吃，还会回购的。
17389302193,2022-04-20 12:23:03,分量很足，口感很好，很劲道！
17041672960,2022-01-24 10:02:48,非常好，分两袋包装，很容易弄散，不用费劲的一根根撕扯开，一捏就散开了。
17609155597,2022-06-09 21:21:37,1. 把所有的食材洗好切好放一边备用～，2. 锅烧热，加食用油，一点点就好，放入鸡蛋，鸡蛋熟了取出来放一边。，3. 洗好锅再次热锅下油，然后放入葱姜蒜，干辣椒，一点点花椒。爆出香味之后。加入切好的腊肉，切碎的鸡蛋，切成小段的圆白菜，放入一点油菜。翻炒。，4. 放入饼丝，加入酱油，盐，味精。继续翻炒。最后放入一点点单山蘸水～炒几下收锅！
17778834900,2022-07-14 21:43:46,饼丝很好吃，买过几次了。
17255395402,2022-03-15 18:06:41,在外边还能尝到老家的味道，物流很快！
20300474571,2023-12-28 09:49:50,已经不是第一次买了 人在南方懒得烙饼  直接就买现成的饼丝很合适 价格也不贵 炒之前热一下就会散一些 会比较好炒 口味看个人了就
17150496712,2022-02-19 19:32:29,第二次买了，最爱吃的炒饼，又可以做些吃了
17338684321,2022-04-06 22:03:48,买了很多次了，让人怀念的味道
17404713504,2022-04-24 06:53:06,不错的，就是细丝吵起来控制不好火候会粘！！
17430285671,2022-04-30 14:50:53,买了很多次了 非常好
17280368468,2022-03-22 10:34:39,物美价廉，好多饼丝，够吃好久
17245127572,2022-03-13 10:05:59,家乡味道，美味没得说，点赞。。
20706388459,2024-04-18 10:22:17,很好吃，味道不错，喜欢的
17291127165,2022-03-25 00:04:59,符合预期，东西不错，物流好
17275067115,2022-03-20 20:24:35,买过几次了，味道不错。。。
16787462110,2021-12-09 05:25:14,非常好吃，值得下次继续购买。点。赞非常好吃，值得下次继续购买。点。赞非常好吃，值得下次继续购买。点。赞
16787523741,2021-12-09 05:23:59,非常好吃，值得下次继续购买。点赞。非常好吃，值得下次继续购买。点赞。非常好吃，值得下次继续购买。点赞。
17749351508,2022-07-07 14:29:13,好是好，就是容易坏
16967150356,2022-01-09 22:00:32,多次购买了，一如既往地好，如能给多次购买的客户多点优惠就更好了
17121018706,2022-02-13 15:26:31,一如既往的值得信赖，口感很好。。
17215961884,2022-03-06 15:19:34,味道不错，吃起来口感也很好
17239159686,2022-03-11 18:43:37,收到，吃到家乡的美食了。
20232855255,2023-12-10 21:05:54,本地买不到，只能在网上买到，物美价廉，味道不错，又尝到了家乡的味道，真空压缩的有点结实，不太好分开和解冻，建议不要压的过紧
17267828117,2022-03-18 21:55:49,口感很筋道，味道很好
18436868090,2022-11-24 16:42:50,收到了谢谢商家物流和配送小哥。
20536388339,2024-03-03 17:17:21,很正宗，很好吃，味道不错，很香
17138381595,2022-02-17 10:12:52,好久没吃过，买来尝一下。
20628573099,2024-03-27 19:41:56,多次购买的一款产品。
16999816545,2022-01-16 18:04:41,家乡味道，好吃的很，品质保证。。
17192112463,2022-03-01 08:48:03,不错的，非常好吃的。
17444380864,2022-05-04 06:56:11,还不错！别人推荐买的！
17126543982,2022-02-14 17:20:45,正品，送货快，服务好。
20458937724,2024-02-05 14:22:35,非常好，很好好喜欢物超所值哦好开心
17036246321,2022-01-23 14:06:50,量大实惠，很劲道，家乡特产
20497271425,2024-02-21 21:46:37,很干爽 到家后折来密封包装 抖散在分装 方便食用
17076338457,2022-01-30 07:57:35,不错不错，很实用很好用！
17482833019,2022-05-12 19:19:27,该用户觉得商品不错
17207414288,2022-03-04 19:36:31,吃了以后才过来评价的，东西真心不错
17045044173,2022-01-24 17:48:34,买了好几次了，家乡的味道
17368194963,2022-04-15 09:42:21,挺好，挺细的，也不断。
17253221805,2022-03-15 08:47:26,很好  恨快  很好吃  满意
20425223761,2024-01-27 09:34:28,还是原来的味道，不错，还会继续购买
17443203948,2022-05-03 19:40:57,该用户觉得商品不错
20348722316,2024-01-10 15:14:37,买了一半细的一半粗的，已经吃过了非常好
17396540367,2022-04-21 23:54:38,该用户觉得商品不错
16974528505,2022-01-11 13:26:39,第二次购买了，还可以哈
20608634367,2024-03-22 15:15:02,价格实惠味道可以，多次购买了。
20626048136,2024-03-27 09:13:31,不错，挺好吃的，不用出去买了
18679761720,2023-01-11 08:58:07,一次很好的购物体验，服务周到，物流快速，配送也很周到，态度也很好，物有所值啊，果断好评！
20420004554,2024-01-26 16:02:15,京东的东西就是好，没得说。
19110878717,2023-05-14 16:24:08,快递小哥哥认真负责任！态度非常好👍你们辛苦了
16994779450,2022-01-15 20:46:04,买一份，感觉吃不了几天，下次多买点
17132431653,2022-02-15 22:17:29,吃的感觉很好有股家乡的味道
17513940707,2022-05-20 07:31:23,老家的味道，真棒
17023835360,2022-01-21 11:17:07,口感不错，是家里那个味道，满意
16728499092,2021-11-26 22:16:30,买过两次了，特别好，这次因为疫情吧，快一月才发货，突然收到吓一跳，哈哈。
18800450001,2023-02-18 18:30:46,买过很多次了，南方没有，就在网上买，做炒饼很好吃
16794123351,2021-12-10 16:50:25,不错不错，好吃不贵，nice，很棒的一次购物体验
17158142852,2022-02-21 14:02:25,东西不错ZSBD
17221466780,2022-03-07 18:18:46,很好的味道，不错。
16969986173,2022-01-10 13:54:00,口感不错，第二次买了，吃完还买
17196679131,2022-03-02 10:12:17,该用户觉得商品不错
18117767704,2022-09-25 18:53:44,家乡的味道🥢
16975988597,2022-01-11 18:36:29,已经回购多次了，很好👍🏻
20319303167,2024-01-02 16:55:37,很劲道，很奈斯，吃完再来
17168580487,2022-02-23 17:23:16,该用户觉得商品不错
17140718551,2022-02-17 17:58:34,该用户觉得商品不错
17000952386,2022-01-16 21:54:28,多次回购，家乡味道！！！
17070489599,2022-01-29 07:36:18,家乡的感觉，好。
17119705261,2022-02-13 10:40:46,该用户觉得商品不错
16973728315,2022-01-11 10:19:49,多次购买，不错，家乡味道
16834624856,2021-12-18 15:24:25,饼丝很好，家乡的味道，很好吃，物流有些不负责任，再次回购了
16630990064,2021-11-12 22:34:04,配上鸡蛋，大头菜，圆葱或者豆芽炒上一盘美的很。
16837669096,2021-12-19 09:24:16,非常好吃，太好吃了，买过很多次了。
17038373597,2022-01-23 19:26:54,该用户觉得商品不错
20314602460,2024-01-01 13:17:15,不错不错，一直买它
16894339383,2021-12-28 16:36:54,细饼丝比粗饼丝好吃，买了很不错
18702150523,2023-01-16 20:13:57,收到了挺好的
18692770488,2023-01-14 12:54:53,收到，挺好。
16590487498,2021-11-07 09:15:39,多次回购了，质量很好，比自己烙的好吃多了
16569255141,2021-11-03 21:06:00,特别好吃，跟在小店吃的一样，包装也挺好！
16913906350,2021-12-31 09:20:37,炒饼，烩饼从小就特别喜欢吃
16877520875,2021-12-26 09:15:34,买多次了 冻冰箱里 慢慢吃
16649436159,2021-11-15 14:47:30,很好吃，买了很多次了，这家的味道好
20247734054,2023-12-14 16:36:27,非常好吃，老家的味道，炒饼或者烩饼都可以，便宜实惠！
16625074173,2021-11-12 09:05:50,非常不错的饼丝，异地的决定选择。
16799910503,2021-12-11 22:03:16,很香，味道不错，有肉味
20236662119,2023-12-11 21:03:21,商品质量非常好，与卖家描述的完全一致，物超所值。
16579044913,2021-11-05 11:01:00,物美价廉，吃到家乡的炒饼，美味
16907779357,2021-12-30 12:38:09,可以，就是包装太大了，一斤一包就好了
16562008378,2021-11-02 20:34:30,家乡味道，太好吃了。。。
16763047243,2021-12-03 14:35:34,好吃，妈妈的味道。
20159642770,2023-11-19 18:30:30,东西不错，准备再回购了，已经开始再选了，准备准备
18335898254,2022-11-05 18:09:22,冬天居家必备，劲道，每年冬天都会买些储存，居家必备，推荐给大家。还会光顾，谢谢商家物流和配送小哥。
18591536864,2022-12-22 20:02:43,多次购买了。
16776518032,2021-12-06 16:15:55,跟老家一样味道，第二次回购了，点赞
16642543249,2021-11-14 17:13:31,经常从这里买饼条了，饼条做的很好吃。
18886798857,2023-03-11 21:02:31,份量很足，一包就这么多
20196385909,2023-11-29 23:07:54,家乡的味道，很不错，当晚就做了一大碗，吃的很舒服😌
16844905134,2021-12-20 17:44:20,很好吃，包装也很好
20254394440,2023-12-16 10:57:42,收到了，谢谢物流和商家，吃完春节前再购买。
16667054180,2021-11-16 20:13:44,多次购买了，不错的饼丝
20238139195,2023-12-12 10:58:18,很新鲜，收到了，谢谢商家和物流配送小哥。
16722287181,2021-11-25 21:28:15,还不错，家乡的味道
16572974782,2021-11-04 13:29:05,真心不错！抱着试试看的态度买的，想象着随便的包装，烂唧唧的饼丝&hellip;&hellip;没想到，包装讲究，饼丝质量特别好！太好吃了！
20146615574,2023-11-16 15:23:03,这个商品非常满意，必须好评
20079715128,2023-11-03 13:56:48,是回购的，加菜鸡蛋炒饼非常好吃
18141743626,2022-09-30 12:29:30,饼丝有点碎。
19178420304,2023-06-03 12:29:03,吃了一次炒饼了，很好的，就是发货和收货时间有点长，一直担心坏了，还好，没发霉。
19282962847,2023-06-28 16:28:17,很喜欢的一款产品，家人们也很满意，以后还没买的，京东快递也是真的快。
19973425019,2023-10-16 13:18:27,味道好，值得购买，回购2次了！！
19948689522,2023-10-08 22:20:35,挺好的饼铛热一下跟店里买的没啥区别
18875054539,2023-03-09 09:43:29,发货很快，已经收到货了，商品和描述的差不多，质量没问题，关键价格也合适，在这里买还是很放心的，好评！
20267678746,2023-12-19 15:21:21,份量足，就是得尽早吃完。
20243541268,2023-12-13 15:15:35,可以！！品后评价期待下次
19688486174,2023-09-14 13:40:34,特别筋道的炒饼丝，个人感觉宽的更好吃点，已多次购买了
19531460358,2023-08-13 16:12:42,不用自己动手就有炒饼可以吃，饼丝很实惠
18079160251,2022-09-18 12:47:45,第n次购买了
19369381360,2023-07-25 14:11:24,已收到 包装完美 速度快 饼丝特别好
19624246227,2023-09-06 09:22:12,饼的质量很不错 很劲道
19101219988,2023-05-11 10:38:26,北方人就是喜欢这种面试，一人南漂出差，解决生活口味所需。
17965017904,2022-08-25 22:06:25,饼丝挺好的。
18991527732,2023-04-05 15:30:28,终于买到满意的商品了，超出期望，非常喜欢，身边的人都问我要链接
18994709414,2023-04-06 15:43:41,买了很多次了，都很不错，最近运费涨了😭😭😭，以后买不成了
19247495142,2023-06-19 13:53:52,好久没吃家乡的炒饼了，还是熟悉的味道。
18437232813,2022-11-24 18:17:54,收到了，谢谢商家物流和配送小哥
17809263403,2022-07-21 22:17:16,高筋饼丝筋道好吃 和包菜炒一下回到童年的味道
18533068225,2022-12-14 17:06:55,此用户未填写评价内容
19281240883,2023-06-28 05:05:11,口感不错，还是那个味道
18954479212,2023-03-28 18:03:04,还没吃，老家的特产必须支持。希望还是老家的味道
16743851333,2021-11-29 22:29:33,送货很快很好吃
19157856082,2023-05-29 07:35:21,不错很不错，很好的东西。
19386054285,2023-07-30 18:09:36,挺好的，商家服务态度很好
16598135849,2021-11-08 11:11:54,老家的味道，棒
17792623266,2022-07-18 01:38:13,买了好多次了，北方的好幸福
16976210081,2022-01-11 19:24:46,好吃，马上回购了，给家人朋友吃，在外面好多年没吃到炒饼了，烩饼更是不用说了
19205869552,2023-06-09 19:14:43,已经第二次购买了，劲道好吃，强烈推荐
19074236844,2023-05-01 23:00:49,已经买了好几次了 非常喜欢。
19364683472,2023-07-23 23:41:07,不错有家里的味道
17503518622,2022-05-17 17:30:56,真空包装！值得推荐购买！很好吃！老客了
17503515226,2022-05-17 17:30:22,真空包装！值得推荐购买！很好吃！老客了
17571052730,2022-06-02 12:10:02,真的很不错 一直想自己做炒饼丝 但在附近找不到专门做的 高筋的口感很好 不会一遇水就化掉 买了饼丝和饼条 暂时只做了烩饼 还会回购的(配料表上没有添加剂
18864268180,2023-03-06 12:58:15,家乡的味道
19287310404,2023-06-29 22:26:58,复购N 、很好吃的家乡味
18843519082,2023-03-02 09:02:24,东西还可以
18260922226,2022-10-22 17:55:18,包装有漏气，扔了两袋，长毛了
19043691784,2023-04-22 09:15:28,产品还不错，好评好评
19016118714,2023-04-12 17:26:59,麦香十足，饼丝很劲道，比从~买的好吃多了
17066126910,2022-01-28 10:55:07,舌尖上的美食，非常到位，抠弹有嚼劲，吃了还想吃，想减肥的最好不要吃，因为吃了一碗还想吃，平常能吃一碗饭，遇到大饼吃一斤半，这种味道是杠杠的，老好吃，老好吃了，必须点五星好评
18888712369,2023-03-12 13:03:48,老家的味道，挺好的，
17683142191,2022-06-23 08:31:11,多次回购，味道和小时候一样特别爱吃。希望下次再继续购买，吃完了就来。加油吧我吃起来，这个就是小时候妈妈做的饼味道，除了硬一点。
19044969214,2023-04-22 16:26:17,吃过，很好，还会继续购买
19054643135,2023-04-25 12:20:21,非常的好，值得推荐购买
18729171430,2023-01-28 23:07:36,不怎么行，跟现买的差别有点大
18832943161,2023-02-27 14:13:01,还可以，不知道里面加盐了，第一次做咸了
19058962547,2023-04-26 20:02:09,好吃！全五星评价
19038965895,2023-04-20 15:10:54,此用户未填写评价内容
18668632473,2023-01-08 16:52:32,真的很好用，对商品非常满意，属于无限回购款，推荐！
18712932729,2023-01-19 22:55:51,饼丝劲道，第二次购，会常来
17264425128,2022-03-18 02:39:59,第二次购买了，还不错哦
18128508350,2022-09-27 19:21:15,饼丝收到后要将其抖散分装后再冷冻，冻后不好分了。饼丝很好，不粘连好分开，口感也不错。满意。
17094364567,2022-02-06 14:19:40,常温7天保存的食品运输过程没有做任何处理，我们南方城市冬天常温20度左右，韵达快递运输要6天左右，担心食品收到后变质，另外2.5斤一份太多，能否一份分装成小包装便于食用。
18152865231,2022-10-02 19:48:15,还不错的饼丝，经常买，北方传统面食，好吃，豆芽炒，包菜炒有好吃，可以素炒，也可以荤炒。
18843090332,2023-03-01 23:38:15,不错，可以炒也可以做烩饼。
18468040225,2022-12-02 22:01:56,已经快吃完了，很不错，包装的也很好，炒饼丝、烩饼丝都可以，好评
18693283814,2023-01-14 15:04:40,第二次买了，挺好的
17531021215,2022-05-24 10:34:35,饼丝已经吃了两顿了，炒一下，浓浓的味道非常不错，是以前小时候吃的味道，在南方也可以吃到北方怀念的炒饼了，还会回购的
16939506878,2022-01-04 14:47:50,看着还不错晚上做一次炒饼试试
19078650960,2023-05-03 16:23:14,真空包装都漏气了
16964976451,2022-01-09 16:00:54,店家的东西常年买，一直都放心，但是选的快递是真垃圾，每次都不联系直接放代收点，代收点过去拿要半个小时，希望以后店家加强对快递的管理，换好一点的快递
17096736272,2022-02-07 09:58:28,快新年的时候，想起了饼丝，是老家的味道，第一次吃地道的饼丝还是多少年前，跟着父亲回老家。如今多年过去了，过年买上一些饼丝，吃一口家乡的味道
17014978979,2022-01-19 16:40:35,这家的手工的真是太好用了，用了第一次就还想再用一次。拆开包装后惊艳到我了，这就是我想要的手工!大大的好评!以后买手工再来你们店！(￣▽￣)
18322149410,2022-11-03 09:42:05,好吃不贵 在上海买20块钱一斤  还是家乡的便宜 很劲道
18335709808,2022-11-05 17:37:03,已收到，谢谢。还会光顾的，冬季居家必备。每年进冬都买，劲道.推荐给大家。
18669086995,2023-01-08 18:26:34,很不错，家乡的味道。
18267128848,2022-10-23 19:33:14,发货速度快，质量挺好的，和卖家描述的一样，非常满意
17447394458,2022-05-04 19:40:20,很筋道的饼丝，按照回忆做出来有点在北方上大学时吃到的那个味道。友情提示，收到尽快拆封抖散冷冻保存
18809746206,2023-02-20 18:14:00,很好，是我想要的
18492909667,2022-12-07 22:33:38,味道非常正宗，上海很少能看到买这个
18381614371,2022-11-13 16:40:00,收货后立即试吃了，还不错，下次还要购买。
18374621971,2022-11-12 14:59:02,饼丝很好吃
18493819906,2022-12-08 09:37:39,饼丝不错，面还可以再做得精致一点
18401737554,2022-11-16 23:41:00,物流很快，👍产品很快就收到了，比想象中还好，不错不错！
18311274068,2022-11-01 10:35:22,多次购买了
18322280645,2022-11-03 10:08:05,买了多次了，炒起来很好吃，吃完再来。
17827060084,2022-07-26 09:57:30,吃着还行，就是快递非常慢，送到的时候箱子都是破的，还有一袋跑气
18091084207,2022-09-20 17:17:04,第二次买。
18213807415,2022-10-15 11:46:43,特别好，回购了好多次了
16882361556,2021-12-26 22:35:58,真的很瓷实，老家人民就是实诚，足斤足两
18470110679,2022-12-03 14:31:19,发货迅速，收到完好无损，很劲道很好吃
20185301304,2023-11-26 19:28:54,很好吃，方便
18457692871,2022-11-30 10:00:08,建议有200克左右小包装！
18479919044,2022-12-05 20:13:49,一直买他家的饼丝，挺好的
17792777899,2022-07-18 06:36:07,今天吃了一份，饼丝很劲道，做烩饼吃最好。
18074910195,2022-09-17 15:34:38,货真价实，请不要骄傲，继续保持，我会常购
17767630696,2022-07-12 06:28:08,第二次购买了，非常好的产品。值得推荐。
17915330269,2022-08-15 12:55:22,在外地买不到这个，尝尝家乡味
18159054276,2022-10-03 22:44:39,略微有点失望 不是发面饼丝
18110490824,2022-09-24 12:07:57,很赞👍🏻
17833000546,2022-07-27 08:26:03,几年没吃，老家的味道
17591571654,2022-06-06 13:46:31,收到货，非常满意，与卖家描述一致
17573142393,2022-06-02 19:13:03,老公北方的，只能为他做到这样了&hellip;&hellip;哈哈
18450812045,2022-11-28 13:55:19,可以，炒饼挺好吃
17772792963,2022-07-13 11:52:00,份量太多了，保质期7天，没吃完过期了。
17387664392,2022-04-19 22:32:49,买过很多次
17729842205,2022-07-02 23:56:36,买贵了，家里要买的。
17374728423,2022-04-16 21:28:24,家乡的味道
17695273731,2022-06-25 15:22:26,非常好，购买多次了。
17590609959,2022-06-06 10:38:24,质量好、价格优，非常不错
17578693694,2022-06-03 22:10:56,好吃，已经吃一半了。。。
17753879293,2022-07-08 16:25:11,这个饼说起来还是很不错，卷菜很好
17413206043,2022-04-26 09:40:11,第二次购买了，这次特意屯了一些
20200796917,2023-12-01 11:28:19,包装可否为半斤或1斤装
17275059442,2022-03-20 20:24:22,还行吧，买过几次了。。。。
14647450481,2020-09-16 07:48:32,饼丝炒起来很劲道，味道是我小时候的味道，发货挺快的，包装也不错，好评
17531950920,2022-05-24 13:49:38,好吃，特别好吃！
17027410287,2022-01-21 23:33:39,满意的一次购物，物流也很快，下次还会再来购物的。
17429174777,2022-04-30 10:13:11,家乡的味道，建议小包装
16768202452,2021-12-04 16:37:47,已经吃了，还不错，很好吃。上大学的时候喜欢吃，现在已经很难吃到了😘
17076336348,2022-01-30 07:56:41,不错不错，很实用很好用！
17469754108,2022-05-09 21:38:10,该用户觉得商品不错
17000544623,2022-01-16 20:30:46,好吃，值得购买，下次继续
16996431338,2022-01-16 07:11:58,很实惠，拿来炒、烩都不错
17079362201,2022-01-30 18:33:56,好吃。。。。哈哈哈哈
17259849567,2022-03-16 20:46:17,东西收到了。蛮好的绝绝子
16961511507,2022-01-08 19:33:09,真空包装，值得信赖。
17353849322,2022-04-11 12:42:31,该用户觉得商品不错
18785083849,2023-02-14 16:42:03,挺好的。
16623911961,2021-11-11 23:31:17,非常好吃！
18253024071,2022-10-21 12:56:44,还是老家炒饼香
16588403080,2021-11-06 19:56:36,发货超级快，到货超级快，包装很精致，真的是开启了新世界的大门&hellip;&hellip;
17210925882,2022-03-05 14:43:02,该用户觉得商品不错
17449877743,2022-05-05 13:11:35,好吃，还会复购的
17023774013,2022-01-21 11:04:02,新鲜，份量足，物流比较快！
16935268385,2022-01-03 17:50:24,饼条非常好，可惜没吃上。额额额
18878100163,2023-03-09 20:37:35,非常好吃
16988268376,2022-01-14 13:03:47,比较劲道，不松散，好吃。
18869568965,2023-03-07 20:59:21,特别好吃
16802350269,2021-12-12 13:36:38,不错，我觉得挺好的，可惜孩子太尖馋不吃。
16980930003,2022-01-12 20:06:50,家长的问道好吃不得了
16791017288,2021-12-09 21:37:38,挺好的，就是保质期太短，得尽快吃
16779830777,2021-12-07 12:14:55,挺好的。现在发天气凉也不会坏
16671686471,2021-11-17 14:18:52,已经反复多次购买了，非常劲道，口感好，👍
18566820670,2022-12-19 11:05:40,就是这个味道
16587335399,2021-11-06 17:10:36,这个炒焖饼挺好吃的。
16851949537,2021-12-21 22:49:07,一直在购买，味道很好。
16748259366,2021-11-30 18:52:15,味道很不错，家乡的味道。
18424349116,2022-11-21 19:01:34,炒饼好吃
16623717858,2021-11-11 22:58:57,非常不错，炒起来
17184962326,2022-02-27 14:04:50,好吃家乡的味道
18446012964,2022-11-27 07:39:16,不错挺好吃的
16801314679,2021-12-12 10:16:50,超级好吃
18080272053,2022-09-18 16:49:20,饼条不错
17713884384,2022-06-29 13:46:14,不错，很好吃
17678388443,2022-06-22 11:19:25,非常好吃
17654420872,2022-06-18 15:59:08,非常好吃
17448189560,2022-05-04 22:56:39,量大味美，赞
16938996285,2022-01-04 13:02:47,劲道，好吃。
17048424143,2022-01-25 11:42:44,蛮好吃的
17590280983,2022-06-06 09:28:47,炒起来，还不错，好久没吃了
18337128226,2022-11-05 21:37:26,家乡的味道
16633752007,2021-11-13 12:55:16,大小均匀好吃
16624938371,2021-11-12 08:43:39,非常好吃
17164723236,2022-02-22 19:58:39,该用户觉得商品不错
20206880684,2023-12-03 09:31:22,好大一袋
19659804847,2023-09-12 07:32:49,細的好吃
18826779625,2023-02-25 17:27:53,很好的
19276080871,2023-06-26 15:20:05,值得入手
17263475397,2022-03-17 19:44:44,复购，好吃
19552842577,2023-08-19 13:50:09,什么东西
19386046739,2023-07-30 18:08:20,都挺好的
18643651284,2023-01-03 02:05:31,非常好
18318217657,2022-11-02 15:11:36,一般，
18175013998,2022-10-06 23:00:41,很好吃
17726018010,2022-07-02 09:17:07,好着呢
17716160535,2022-06-29 21:50:34,非常好
17005974044,2022-01-17 22:27:35,还行吧
16992570048,2022-01-15 12:28:29,挺方便的
16833993344,2021-12-18 13:08:50,挺好吃的
16739842170,2021-11-29 10:32:36,劲道好吃
19402202184,2023-08-04 19:13:13,非常好
19526030341,2023-08-12 00:00:05,不错哦
19022335023,2023-04-14 19:41:41,很满意
18772466615,2023-02-11 09:54:58,挺好的
18833081307,2023-02-27 14:55:17,奈斯
18749372674,2023-02-04 13:49:23,好吃
17865154620,2022-08-03 01:30:57,好吃的
18318319201,2022-11-02 15:30:59,不错
18146714232,2022-10-01 13:59:36,好评
18066370365,2022-09-15 16:44:27,还好
17470869134,2022-05-10 08:42:41,很好
17711923088,2022-06-29 00:04:14,好评
17569408189,2022-06-01 23:39:04,好评
17191094178,2022-02-28 21:14:16,点赞
16557453488,2021-11-02 08:45:41,满意
16793251601,2021-12-10 13:28:05,好吃
19994879891,2023-10-23 11:38:22,好吃
20185299743,2023-11-26 19:29:11,很好
18949479615,2023-03-27 15:49:21,好吃
18014642562,2022-09-04 17:52:14,不错
18356044536,2022-11-09 12:14:14,挺好
17430940425,2022-04-30 17:17:58,好评
17587892229,2022-06-05 18:15:57,好
17396492805,2022-04-21 23:31:57,好
