id,time,content
18717884505,2023-01-22 19:27:33,这款半边梅梅干个头大，果肉饱满，精挑细选品质好，核小肉厚，酸甜可口清香浓郁，果肉紧实有嚼劲，非常好吃&hearts;
14908656606,2020-11-15 18:56:23,话梅不错，量足，果肉厚实，酸酸甜甜很好吃，虽然是简易包装但有封口条，很不错。
14950384839,2020-11-23 13:31:26,包装很好，有密封条，果大肉厚，酸甜可口，很好吃，日期新鲜，良心价格，
17544566117,2022-05-27 10:29:36,半梅顺丰快递发货的，速度很快。半梅干净，果很大，颜色新鲜，味道酸甜，有嚼劲，很好吃
15041355164,2020-12-13 20:41:39,很好吃的一款蜜饯，肉很厚。酸甜可口。价廉物美，买了好多次了。
18477503452,2022-12-05 11:11:38,非常喜欢这个产品质量很好的产品信息安全生产出来的，口味酸酸甜甜的味道，物流公司快递服务态度越来越好，包装密封设计，非常适合
14645133793,2020-09-15 14:32:59,我刚收到果脯蜜饯，马上就拆开来品尝一下，味道很不错👌👌👌！酸酸甜甜非常好吃😋商家也很客气送了腰果给品尝，吃完后还会继续购买！谢谢🙏
18531927918,2022-12-14 14:39:33,外观干净漂亮，做工很不错，没发现什么瑕疵，个人感觉大小也挺合适，找了很久选的这款，大爱！
18492631345,2022-12-07 21:20:31,果肉很饱满，比超市买的便宜，还湿润，之前在超市买的很干。这次网上买的真的有被惊喜到，味道也很好，超级好吃
18396606521,2022-11-16 05:33:44,梅子很大颗，酸甜适中，吃完再来买
18686730600,2023-01-12 20:27:38,商品很满意，看着很好。快递也很给力哦。非常喜欢这个。
17711398183,2022-06-28 21:34:34,朋友推荐买的，顺丰快递，第二天就到了，这是第二次买，分量足，半梅很干净，果肉饱满，颜色新鲜，味道酸甜可口，里面没有坏果，真心觉的比以前买过的好太多，成了办公室团宠，支持吉林特产。日期也很好。以后会继续买这家
14935317044,2020-11-20 10:21:57,东西真的很棒 ，包装很好 重量也很足 快递也很快哟 ，以后就在你家这里买 还没得吃呢 留给弟弟的 ，好吃会推荐给朋友哟
18308337444,2022-10-31 19:17:34,果肉厚实，酸甜可口，非常好吃，强烈推荐！尤其是在我们封控期间能收到这么好吃的梅子，非常感谢！祝店家生意兴隆，财源滚滚！！！
18136114331,2022-09-29 09:53:03,味道很好，个大饱满，干净卫生，价格实惠，已经推荐给朋友了！
15335672734,2021-02-21 08:20:08,买的时候没细看，还以为是原味的，酸酸的那种，结果是类似果脯那种甜甜的，不过还好，软软的肉很厚实，很有嚼头，而且很干净，也没什么杂质，就很满意。
16496826256,2021-10-21 18:58:32,话梅很大颗，口味不错，尝起来不腻，值得购买
16187029009,2021-08-24 15:15:47,新鲜，特干净。日期是最近的，酸酸甜甜的，很是可口，主要是我喜欢吃这个味道，很开胃。透明的红色，透着阳光很是好看。顺丰快递，安全抵达。第一次购买，满意！包装很好完美收货！感谢快递员天热依然准时送到家。
17229394252,2022-03-09 14:49:02,包装简单且很完好，密封效果很不错，但是不影响半梅干的美味口感，酸酸甜甜的，很可口，非常的好吃，，卖家发的京东物流，很给力
15234338987,2021-01-22 16:09:27,很好吃啊，价格很便宜，半梅干也很大，强烈推荐这家店，东西非常好，买到就是赚到，吃完再买，超级棒的很。
15087845737,2020-12-23 22:47:10,包装完整。果粒大而干净漂亮。酸甜适中，我很喜欢吃。
18845000110,2023-03-02 16:51:57,一次很好的购物体验，服务周到，物流快速，配送也很周到，态度也很好，物有所值啊，果断好评！
14954519231,2020-11-24 11:26:03,非常好吃，葡萄干处理的很干净，以前买的总是有点牙碜，大枣真是太棒了，肉肉厚实个头又大，快递很快，吃完再来买。真棒
15153180368,2021-01-06 21:16:27,味道很好，不是很甜，甜味适当，酸甜可口，包装完整，有密封口，可以多次品尝，酸梅个头很大
18744179823,2023-02-02 21:12:47,好！非常好！质量好，和实体店一样，颜色正，是我喜欢的是理想中的产品，质量不错，物流也很快，值得点赞
16692584541,2021-11-20 16:48:56,商品很满意，果子很大，酸酸甜甜流口水哈哈哈，，还是很喜欢吃的，包装绝对简约环保，老板服务态度也很好，，可以活够，500g一袋太少啦
19027877819,2023-04-16 19:30:08,价廉物美，表面也较干净，口感也不错。
14942233907,2020-11-21 18:11:33,很好吃 很大个 份量很足 非常满意
15341668666,2021-02-22 22:23:58,还可以物流很快，👍产品很快就收到了，比想象中还好，不错不错！希望能耐用价格实惠，质量杠杠的，非常好的一次购物，下次还来特别特别满意，超级好看，客服很有礼貌，很客气，良心商家，支持！东西很满意哦，美观时尚大气，客服超级有耐心，服务细致贴心，大品牌就是不一样物美价廉，很OK，比实体店优惠太多了东西很喜欢，质量也很好的，这个价格能买到是真的很划算物流很快，物品完好无损，用起来很舒服，喜欢💕收到啦，很不错，非常喜欢，值得购买，(*^__^*) 嘻嘻&hellip;&hellip;不太爱评价，但这个是真的棒！质量很好，做工细致，包裹很严实，快递服务态度好，绝对好评！
15829476360,2021-06-18 20:38:25,包装完好，密封效果很不错，卖家发的顺丰，很给力，包装虽然比较简陋，但是不影响半梅干的美味，酸甜可口，非常的好吃
17423535925,2022-04-28 19:48:59,货已收到，完好无损，非常满意。己多次购买，谢谢商家和快递小哥！
18852531448,2023-03-04 18:15:21,满满都是爱，口味很有特色，是我想的味道。
18699724186,2023-01-16 09:28:22,发货快，包装严实，商品质量非常好，比专柜便宜很多，客服服务态度也特别好，好评
18782427381,2023-02-13 20:08:52,货已收到物流很快包装完好，尝了尝口感不错还可以
16914099832,2021-12-31 10:06:02,嘴里没味，来一颗，味道美极了，品质优，分量足，给予五星好评
15256942232,2021-01-27 16:19:24,第一次买，很搭颗，喜欢吃，口味正好呢，顺丰快递挺快的，买了好几款坚果。吃完再来
18720797190,2023-01-24 21:45:39,非常物廉价美，非常新鲜，口感不错。
16086497905,2021-08-04 16:50:24,味道不错，果肉很大颗，第二次买了两包，吃完会继续回购的
18706234380,2023-01-17 22:58:22,非常不错的，干净，好吃，果仁大。
16571723630,2021-11-04 10:08:02,已经吃完了；非常的不错直接吃感觉有一点硬；我是泡水喝然后再吃果肉非常的赞👍
14945400979,2020-11-22 12:48:44,蛮好吃的，很实惠啊，很大一包这么远的地方寄来还包邮
16133667310,2021-08-14 11:51:05,物流很快，搞活动买的便宜，是新日期，半梅干酸甜好吃，口感酥脆，辛苦快递员送过来。
18467107961,2022-12-02 18:00:54,好吃 很不错 很喜欢 吃完再来。
14882383872,2020-11-11 20:55:26,果肉很多，发的顺丰！发货速度超级快！特别棒！
18700485320,2023-01-16 13:06:05,商品很满意，我多次购买的，品质一直都很好。
16869049267,2021-12-24 20:14:46,买过多次了，一直很满意，果大干净，酸甜可口，是一款不错的零食。
17774962633,2022-07-13 21:17:51,新鲜，特干净。日期是最近的，酸酸甜甜的，很是可口，主要是我喜欢吃这个味道，很开胃。透明的红色，透着阳光很是好看。顺丰快递，安全抵达。第一次购买，满意！包装很好完美收货！感谢快递员天热依然准时送到家。
18689907160,2023-01-13 17:28:04,宝贝收到了，太惊喜了，质量非常好，性价比很高，真是出乎我的意料！宝贝收到了，太惊喜了，质量非常好，性价比很高，真是出乎我的意料！宝贝收到了，太惊喜了，质量非常好，性价比很高，真是出乎我的意料！
18889439213,2023-03-12 15:58:05,挺好的，店家服务态度很好，发货快，包装也不错，好评
15236954291,2021-01-23 09:50:10,味道好极了，肉厚味美，吃一颗精神一整天。😁😁😁😁😁
14871836805,2020-11-10 09:38:24,果大好吃，泡水也很好，超级赞
16108794861,2021-08-09 00:43:27,很好吃，很不错的一款食品，酸酸甜甜的，肉厚，会回购
15005508789,2020-12-06 05:01:04,宝贝收到，物流很快，描述相符，比较满意，好评，推荐💌终于对它下手了，颜值是真的没话说❤，材质很好，物美价廉，趁活动赶紧囤起来双11凑单买的，没想到质量跟专卖店一样，特别特别喜欢，而且价格优惠实物与描述的一样，质量相当好，卖家态度也好，有问必答，发货速度杠杠的，值得购买哦性价比高，我很喜欢，下次还会光临双十一物流很快，👍产品很快就收到了，比想象中还好，不错不错！希望能耐用一直在这里买这个，活动的时候价格很美丽，发货速度贼快，质量不错，应该是正品不得不赞，质量真的好，包装物流也不错。真心喜欢，入手后不会让你后悔的！宝贝收到了，包装很结实，应该是个好东西，先给好评了从没想过这么实惠的价格能买到这么好的宝贝，下次还来你家细节非常完美，整体来说真的很不错。性价比很高，下次还会继续光顾！跟描述的是一样的，很显高档，物美价廉，要买的朋友可以下单噢！实用性和颜值都非常的赞，我很喜欢，还会再来买的
14825219069,2020-11-01 16:54:31,超级好吃，太超值了，别犹豫了大家，冲啊
18542787403,2022-12-15 21:52:00,包装简单且很完好，密封效果很不错，但是不影响半梅干的美味口感，酸酸甜甜的，很可口，非常的好吃，，卖家发的京东物流，很给力
15307450445,2021-02-08 19:05:43,半梅酸酸甜甜的很好吃，特别是老妈特别喜欢吃，吃完后还会考虑回购！
15510426313,2021-04-07 21:09:04,好大，跟38mm表盘的对比。好多，一盒装的满满的。好快，顺丰隔日达。
14775334466,2020-10-20 13:03:13,收到包裹了，包装得很好。因为是生日礼物，所以没开封，包装得很干净。我很满意很高兴。
17243136359,2022-03-12 18:10:27,Z这是第二次购买，果肉饱满，酸酸甜甜很好吃
18516734246,2022-12-12 14:54:12,椰枣的外观味道都很纯正，买对了。
18464330744,2022-12-01 22:17:38,物流很快，包装完好，口感后续评价
14824404283,2020-11-01 14:07:55,非常好，量挺足的，自带密封，可以慢慢吃
15458975947,2021-03-25 06:53:55,已是第二次购买，商品质量很好，果肉紧致、干净、份量足，非常满意。
14949036912,2020-11-23 08:53:11,挺好吃的，颜色口味都很不错
18652046969,2023-01-04 19:20:31,味道真的很不错，推荐大家购买。
15389243790,2021-03-06 20:16:45,也半梅真不错，而且价格非常优惠，买回来大人小孩都非常喜欢吃，这种小零嘴，吃了也很开胃，春节期间吃点小零嘴非常惬意。适合大人小孩吃。推荐大家购买👍👍👍
18687472374,2023-01-12 23:40:22,不错，价廉物美的，家人很喜欢吃。
15198710199,2021-01-13 19:08:22,半梅收到了  味道好极了，还不是很硬，口感不错！
15310006910,2021-02-09 15:27:00,很好吃啊，价格很便宜，半梅干也很大，强烈推荐这家店，东西非常好，买到就是赚到，吃完再买，超级棒的很。，味道很好，不是很甜，甜味适当，酸甜可口，包装完整，有密封口，可以多次品尝，酸梅个头很大
15273342483,2021-01-31 13:13:13,半梅特别好吃，包装完好无损，而且发货快，有需要还会光顾购买的，感谢买家和快递师傅辛苦了，满分
18612490077,2022-12-27 08:40:35,味道非常不错，绝对是值得买
18351738277,2022-11-08 15:34:10,味道不错，很喜欢吃，继续回购
15945715934,2021-07-08 08:53:37,好吃，酸酸甜甜一大包。送货也很快，顺丰送到家。
15022315968,2020-12-09 20:59:38,京东送货快，很方便，临时需要什么下单及时送到，真的跟方便
15223462611,2021-01-20 08:32:59,特别大一包可以吃很久被我吃到现在还剩一点平常无聊的时候可以拿来开开胃，真的特别好，而且还是顺丰快递非常喜欢。
17327366291,2022-04-03 16:27:13,酸酸的，甜甜的，很大，值得复购
16008665792,2021-07-19 17:50:36,好吃，梅干个头很大，酸酸甜甜很好吃。
16008098059,2021-07-19 15:54:06,商品质量很好，味道纯正，值得购买，还会惠顾。
17777641574,2022-07-14 16:31:45,认准这家了，已多次购买，质量很好！
15926655768,2021-07-05 08:17:24,第二次购买了  非常好吃    日期新鲜  非常喜欢值得购买
16687479477,2021-11-19 18:43:39,买了大大的二包，闲着消磨时间正好，味道很不错，再次回购
17111920699,2022-02-11 12:52:22,不错哦，老大一包了，快递小哥也很温柔٩(￥A￥)۶
18106700646,2022-09-23 16:54:36,已多次购买，很好，非常满意！
15546708528,2021-04-14 05:56:56,非常好吃。很惊艳。比超市散装的产品让人觉得安心。
17428069674,2022-04-29 22:14:18,很干净，酸酸甜甜的，很好吃
15491035519,2021-04-02 16:43:19,多次购买他家东西了，非常好吃，京东购物，经济实惠又便捷。
14987341030,2020-12-01 19:20:37,半边梅很新鲜，个头很大，不是很甜。不错
15313274447,2021-02-10 18:25:24,非常非常好！干净卫生，很好吃，还会再多买。
16113637952,2021-08-10 10:37:15,包装很好，果子也很和口味，非常值得推荐购买。
17100046915,2022-02-08 09:00:24,过年不能回家，直接京东送回家，味道很好！
15395877388,2021-03-08 14:55:20,非常大个儿！！！！！非常好吃！！！很值！！！
16143339372,2021-08-16 11:40:18,对于办公室一族，每天改报告，吃吃还是很不错
17050369209,2022-01-25 16:36:50,分量足，口感好。送货神速。开心购物。
19089419849,2023-05-07 10:48:41,好！非常好！质量好，和实体店一样，颜色正，是我喜欢的宝贝与描述基本一致，发货很快，值得一买
15219299220,2021-01-19 08:52:55,味道好极了，休闲小食品，精神一整天。
17197255949,2022-03-02 12:27:09,送货很及时，价格非常实惠，味道不错
15434963606,2021-03-18 16:39:32,价廉物美，可以吃好长时间了，酸甜适中
17434104368,2022-05-01 14:29:26,酸溜溜的，特别大一袋可以吃很久~
15447055719,2021-03-21 21:43:33,很好吃，而且价廉物美，多次购买了！
17330234612,2022-04-04 14:31:59,买过几次还不错，很耐吃的小零食
15008513826,2020-12-06 19:44:57,好吃，非常不错，推荐购买！
17532735151,2022-05-24 16:28:03,送货很及时，包装完整，味道很好
16731832790,2021-11-27 16:55:01,很好吃，软硬合适，酸甜可口
15299574306,2021-02-06 17:27:59,价格一直很稳定，产品的质量没说的，买了好多，宝贝一如既往的好😊，性价比非常高，店铺值得信赖👍已经关注并多次回购。干果，果脯以后首选店铺。
14698666502,2020-09-29 16:57:21,酸甜可口，非常好吃，满意的一次购物。
16991595595,2022-01-15 08:12:47,很好吃，颜色也不错。
14662952485,2020-09-20 12:16:37,"东西很好，客服也很耐心,点个赞，以后还会再来买。"
14962462471,2020-11-26 00:28:53,味道酸甜，价格实惠，比超市划算。物流也很快。
15488365109,2021-04-01 21:47:59,味道很不错 量也挺足的 不错的一次购物
15181127736,2021-01-10 17:13:22,味道很好，果品很干净无杂质。
16208548059,2021-08-27 19:11:23,超大一颗，爱了爱了，很干净
15264020322,2021-01-29 09:34:14,宝贝收到了，很好，酸酸甜甜的味道很好。
17173784186,2022-02-24 20:39:47,质量很好，好吃，性价比高
15961104172,2021-07-10 18:32:34,梅子很大个，没有烂果，非常好
14921784470,2020-11-17 19:17:12,很好吃的，包装也很好，物流也很快，好评
17226293322,2022-03-08 20:11:08,非常好吃，今天又买了
17079533343,2022-01-30 19:27:00,好吃！很好！喜欢！推荐！
14927661882,2020-11-18 19:33:19,顺丰快递非常快，颗粒饱满，孩子超喜欢
15646015204,2021-05-07 23:29:07,很好用，一直在用，性价比高，要是多些活动就更好了
15841346560,2021-06-20 20:12:15,超级好吃物美价廉顺丰包邮
16817612806,2021-12-15 11:35:06,口感很好！干净卫生！
15769605582,2021-06-06 15:52:10,很饱满特别好吃，很有嚼劲
15304446604,2021-02-07 22:31:42,非常好吃，全家都喜欢，零食必备。
16179469160,2021-08-22 21:10:14,味道很不错，送得也比较快
15723398562,2021-05-27 07:31:52,送货很及时，价格适中，包装很好，品质非常不错
15539451072,2021-04-13 07:12:28,送货很及时，价格实惠，味道不错
14983228652,2020-11-30 20:43:00,果肉很大，很满意，跟硬币大。
15339991185,2021-02-22 14:09:04,一直在京东购买商品，物美价廉品质有保障。
15294591752,2021-02-05 11:59:11,东西真的很棒 ，包装很好 重量也很足 快递也很快哟 ，以后就在你家这里买 还没得吃呢 留给弟弟的，好吃会推荐给朋友哟
15679131900,2021-05-16 13:51:40,很不错，包装的也很严实，可以的。
15642435778,2021-05-07 07:30:44,好吃量足，物美价廉方便快捷。
15263309004,2021-01-29 00:00:32,很好吃哦，量也很足，真心推荐
16754174770,2021-12-01 20:34:00,多次购买，很是可爱哦
16363079751,2021-09-26 08:36:57,非常好吃，给的比较多
15134585709,2021-01-04 17:57:02,赠品一并收到，很城信的商家，值得信任
14972705855,2020-11-28 13:00:51,货收到了，非常好吃！下次再来
14970776148,2020-11-27 21:53:30,非常满意，很好吃，还大
14708180730,2020-10-02 14:57:19,味道很好，包装严实，分量足
16839040279,2021-12-19 14:13:01,很好的，感觉还可以的，
15679133786,2021-05-16 13:51:19,口感非常不错，物流给力。
14610247398,2020-09-06 06:13:39,品质保证，物美价廉。值得购买
15065761013,2020-12-18 21:46:36,很好吃的梅干，值得购买
15076477752,2020-12-21 13:11:25,个头很大吃完了再惠顾
15313964032,2021-02-10 23:14:29,份量很足，很甜很喜欢
15285899638,2021-02-03 10:27:03,很大个的果肉 不错呢
15256944007,2021-01-27 16:21:03,京东真的很给力，送货及时
15589938585,2021-04-22 18:33:31,已经收到货，很大一包。
15764678559,2021-06-05 15:16:42,包装很好，有密封条，果大肉厚，酸甜可口，很好吃，日期新鲜，良心价格
16259056276,2021-09-06 13:01:35,东西真的很棒 ，包装很好 重量也很足 快递也很快哟 ，以后就在你家这里买 还没得吃呢 留给弟弟的，好吃会推荐给朋友哟
18556897011,2022-12-17 17:45:50,东西真的很棒 ，包装很好 重量也很足 快递也很快哟 ，以后就在你家这里买 还没得吃呢 留给弟弟的 ，好吃会推荐给朋友哟
16683325793,2021-11-19 00:34:44,颗粒很大，果肉厚实，果核适中，颜色润泽，晶莹剔透，气味甜香，自然的果肉香，口感绵软，甘甜，略微微脆，也就是有果肉自然的脆爽感。
19069429224,2023-04-29 23:44:58,半梅干味道不错，有点甜太多了。
18719314930,2023-01-23 20:46:00,第一次买，比预想的好，个个肉厚实，比较干净。
16682406378,2021-11-18 21:12:31,外包装基本完好，内包装也完好无损。梅干不酸也不怎么甜，很大粒。
20066408773,2023-10-31 21:07:15,梅子收到了，孕妇必备，不错哦！
18209345585,2022-10-14 13:13:33,买的半梅干，个人觉得还不错，味道甜甜的，也不是很干，包装大小如图，价格也很合适，自封口包装，食用时取用也比较方便，喜欢吃梅子的可以试试，又半斤包装的，看个人喜好。
18663695561,2023-01-07 14:24:05,半边梅收到，酸甜可口味道不错，家人都说好，会回购。
18738451258,2023-02-01 09:29:09,口味还可以，价格实惠，确实没有大品牌那么漂亮，但对得起这个价格
14687284037,2020-09-26 18:19:48,果脯干，出门在外必备零食，果肉饱满，口感棒棒的。
18468321970,2022-12-02 23:33:12,多次购买，只因感觉不错。这次的包装能够避光，感觉是个挺大的进步。整体稍稍偏甜一点，可能对血糖高的人没那么友好。
18885061424,2023-03-11 12:43:12,🌵值得购买！没有什么味道，用起来还可以😘，没有不舒服的地方😶，所以我还蛮喜欢的
18469486414,2022-12-03 11:44:48,梅肉干爽可⁉味道偏甜吃后有囗干感想喝气。大致满意。
16593034020,2021-11-07 15:55:16,买了核桃 杏仁 和半梅，这个是最满意的干净 色泽光润
16233173018,2021-09-01 12:44:49,秋季囤货。这家的半梅个大，比较干爽，酸甜口味好吃😊，包装也到位，使用了带封口的袋子，开封后食材易保存！
14888397078,2020-11-12 17:55:51,个头儿挺大。口感酸甜。不贵，还真不错！
16342650152,2021-09-21 23:00:38,扶贫项目，大家应该支持，而且包装简单，就喜欢这种，不喜欢那种过度包装的独立包装，吃的全是包装袋，还不环保，希望大家支持扶贫项目，早日实现共同富裕
16866862982,2021-12-24 13:40:07,看了下果实，还不错吧，还没有品尝，不知味道如何，扶贫产品到底如何，待品尝后再说，不过这东西京东给出的优惠挺小的，基本没优惠。
18683296005,2023-01-11 22:58:20,物流挺快的，送给朋友的，没拆包，好评
16111585241,2021-08-09 18:41:18,个头大，肉厚敦实，孩子喜欢吃酸甜口味，能开胃，下午到货都吃一半了，还会再回购
18778830524,2023-02-12 19:56:34,第一次买，还好吃，闲时口无味嚼一嚼，不错。
18906202773,2023-03-16 18:57:29,半梅挺大个的，好吃！！！
16841793808,2021-12-20 00:57:26,滋味酸甜可口，果肉饱满，份量充足，果子新鲜挺大，价格实惠，愉快的购物，下次继续来光顾咯，适合家里和办公食用，一次买了三袋，值得信赖
16281239335,2021-09-10 14:14:15,刚收到这果脯回来就打开来试吃了，口感有点酸甜，个头挺大的，虽是简易装，但有密封条封着，也方便，挺好的。
16213862756,2021-08-28 16:44:21,滋味酸甜可口，果肉饱满，适合家用和办公零食，提神醒脑，增强食欲，愉悦身心，价格实惠，值得购买，愉快的购物，下次继续来光顾咯，值得信赖
15619844431,2021-04-30 18:24:20,挺大颗的，不像超市的那么甜。一包一斤，差不多有大半袋子。吃完了再来买。蛮好的。
17718427052,2022-06-30 13:21:08,搞活动买来的，还没吃过，看上去还不错的样子
18735504511,2023-01-31 10:16:57,挺好吃的，就是容易倒牙，每天只能吃一两个。
19093523330,2023-05-08 17:15:50,买过很多次了，挺好吃的！
15360685601,2021-02-27 22:44:04,一斤半梅，味道还好，腌制的不够透，还有点李子的酸，不过挺好吃
15392382517,2021-03-07 17:04:34,梅子不错(*๓&acute;╰╯`๓)♡，酸酸甜甜的，配送也快，不过，吃多了甜的就想吃咸的辣的了，最难满足的就是嘴巴了吧？
15082274269,2020-12-22 18:30:44,还没吃，看上去蛮不错的！
17115553854,2022-02-12 11:18:33,价钱还比较实惠，发货速度物流配送速度还是挺快的，味道也还不错不是很硬那种。生产日期是去年12月份的也还好，份量也还是比较多合适挺不错的。
15470449749,2021-03-28 10:12:57,味道不错，挺干净的，包装挺好，喝茶的时候吃得太快了，几次就吃完了。
16205445283,2021-08-27 10:37:21,挺干净的，就是对于我来说有点硬，还在很喜欢吃，价格很实惠，已经多次购买了
18509657415,2022-12-11 13:22:06,核小肉厚，酸甜适度，新鲜好吃
15317295023,2021-02-13 10:32:43,非常好，量足，而且半梅非常干净，肉厚味美，是一次非常好的购物体验，也支持这种扶贫项目，可能是过年的原因，物流有点慢，但是影响不大。下次还会购买。
15668927452,2021-05-13 20:29:10,其实还真的不错的，没給五星，主要是添加剂有点多，当成零食吃，酸酸甜甜的，乾度刚好，若是湿些可能口感好，但是估计不易保存，防腐剂肯定又要多加，性价比还好吧！是可以的！
15059334902,2020-12-17 14:43:36,口感酸甜，颜色纯正。润肠通便。食药同源。推荐推荐推荐
17901379404,2022-08-12 09:41:51,未打包，味道不详，外观看挺好的，
18767641865,2023-02-09 20:59:42,感觉还可以吧，不是太喜欢，个人口味而已
17308735889,2022-03-29 16:17:21,送货很及时，包装完整，价格实惠，品质不错
19955178379,2023-10-10 15:26:01,还行，比较甜。。。。。。。。。。。。。
15121364657,2021-01-01 14:09:07,生产日期是2020年12月的，味道不错
18518474842,2022-12-12 18:52:25,好吃，酸酸甜甜的，值得购买的。
18442588044,2022-11-26 08:29:08,可口，美味，酸酸甜甜好吃
18452410369,2022-11-28 20:32:58,半话梅个头大，肉肉多，核小
17696436457,2022-06-25 19:17:50,不错，甜酸的感觉酸多一点点
18801396233,2023-02-18 21:25:59,口感好，孩子喜欢，发货快，好评。
15059691958,2020-12-17 16:01:17,酸甜可口，品质良好，开胃润肠，购买多次，推荐推荐推荐推荐。
15457065226,2021-03-24 15:58:40,挺好吃的，没有那么甜，但挺原味，我个人是挺喜欢的
15112828807,2020-12-30 07:49:01,第一次买，好吃不好吃，吃完了再说，不过感觉不错
16330839016,2021-09-19 23:13:02,第二次购买，酸酸甜甜的，果肉有嚼劲，好吃！
18491155578,2022-12-07 16:21:29,味道不错，值得购买，推荐购买。
18913331750,2023-03-19 09:41:23,味道不错不错还挺好吃的
15277606617,2021-02-01 12:32:46,顺丰快递，第一次在网上买到这么新鲜的坚果。味道还可以，下次还会买的。
18951355704,2023-03-28 07:32:04,东西挺好的 还会继续关注
15453493202,2021-03-23 16:41:28,甜，买来给家里老人吃的，煮汤的时候放几个也挺好
16236077427,2021-09-01 20:17:02,相比其它家的价格最便宜，但味道要淡一点。
15234553354,2021-01-22 17:03:08,半梅个头挺大的，属于半干吧。味道也不错。
14772689060,2020-10-19 19:00:32,梅子吃着不错，下回还会购买的
16152407279,2021-08-17 20:00:58,包装虽然简易，但是味道还是不错的，而且很划算，整体满意
15057236328,2020-12-17 00:45:43,宝贝还可以，酸酸甜甜的
14747841653,2020-10-13 12:12:00,还可以吧，快吃完了已经。走的顺丰快递，给力。
16489079595,2021-10-20 10:35:01,比较划算，味道一般，看起来还是挺干净的
16754813209,2021-12-01 22:34:41,好吃，比较甜，一大袋自密封袋，可以留着慢慢吃
17752913363,2022-07-08 12:12:17,挺好吃的，快递员话太多。
18835671905,2023-02-27 22:16:54,好吃，已经买了两次了
18720388844,2023-01-24 16:56:27,一如既往的满意，好吃
17452085071,2022-05-05 21:14:59,酸酸甜甜的，买给爸妈吃的，口感不错
17568496550,2022-06-01 20:22:30,果干净如描述，甜大于酸，物流快
17881173205,2022-08-07 07:37:06,送货快，服务到位，会回购。
17956504441,2022-08-24 10:41:46,果肉成大了，推荐推荐
15430867139,2021-03-17 15:15:58,这种梅子半干食品，还是头一次吃，味道好机了。
18684732929,2023-01-12 12:35:23,买少了，一斤就快完了
16797225575,2021-12-11 12:33:16,东西不错，挺好吃的，就是快递慢了点。
16856906672,2021-12-22 18:45:16,半梅干个大肉厚，干净无杂质，性价比高。
14774454377,2020-10-20 09:21:55,这半梅挺好的  干干的 满喜欢  吃完了再来买
15796717779,2021-06-12 12:35:34,买了好几次了，老妈喜欢吃，够甜的，也挺便宜
15605958573,2021-04-26 22:59:28,果粒比较大，味道酸甜，相当有嚼劲。
16927185338,2022-01-02 00:21:35,酸酸的，量蛮大的，还是不错的，休闲零食
15113750115,2020-12-30 12:00:48,还没开始吃，一直买他家的东西，味道不错啊
17097247743,2022-02-07 12:35:01,味道不错  干净卫生 分量足
15067871207,2020-12-19 13:31:21,吃起来味道还不错，干净。酸甜的。
17591036295,2022-06-06 11:53:02,味道不错，我已回购。有人说糖多了点。
15239143135,2021-01-23 18:25:13,好吃，酸酸甜甜，美味开胃的零食。
15600335340,2021-04-25 15:14:14,来自遥远东北的半梅，味道酸甜可口
15318243606,2021-02-13 21:18:21,味道不错，比较大颗。酸酸甜甜！
15083413937,2020-12-22 22:46:22,蛮好的，干干净净，原汁原味的。
16917127912,2021-12-31 18:07:04,味道不错，物流给力，日期新鲜，总体好评！
14889560150,2020-11-12 20:29:25,真的好吃！吃多了也不会腻，又来回购了。
14880640842,2020-11-11 16:45:35,量大，味道好，朋友们吃了都说好，还说我买少了🙄
15209611390,2021-01-16 17:45:23,酸甜可口，味道挺好，吃完还买。
15255889919,2021-01-27 12:21:12,好吃的呢，挺好的包装严密，味道也好
15107355335,2020-12-28 18:51:46,包装看着还是不错的 也挺好吃的酸酸甜甜的
17098404857,2022-02-07 18:10:08,东西不错，值得购买。还会回购！
17286985445,2022-03-23 22:13:50,推荐的同事购买一致好评，值得购买
15479956614,2021-03-30 18:08:41,酸酸甜甜，宛如初恋的甜蜜清脆。
16609411961,2021-11-10 00:35:17,不错不错，相当的好吃，以后还会来买
17464163620,2022-05-08 17:45:12,价格实惠，有点甜，总体还行
15547349609,2021-04-14 10:21:54,包装挺好  味道不错  酸甜可口
15298526573,2021-02-06 12:39:26,好大个呀，而且好新鲜的，好吃
15997171202,2021-07-17 15:45:24,顺丰快递，东西不错还便宜，好评
15385062875,2021-03-05 19:15:57,好吃，多次购买了，吃完再来买！
15191754468,2021-01-12 07:54:27,不错，包装好，便宜，物流快，第二次购买
15267652648,2021-01-30 01:14:39,挺好吃的，这次特意买两袋过年慢慢吃
16233157080,2021-09-01 12:40:23,不错不错不错，一如既往的好吃。
16994964135,2022-01-15 21:20:02,一如既往地好质量，回购。
17118289673,2022-02-12 20:53:19,味道挺好吃，没有坏的
15401935421,2021-03-09 22:36:18,吃完了，没法上图了，总体来说还不错。
15313823861,2021-02-10 22:12:52,好评，味道不错，熟悉的味道！
16910771662,2021-12-30 19:31:32,发货迅速，质量不错，价格实惠，值得购买。
17164919595,2022-02-22 20:35:45,挺好吃，有机会再下单
14731637388,2020-10-09 06:51:06,东东早就收到了，一直没来得及评价，儿子给的反馈还可以。
15823114048,2021-06-17 20:29:26,好吃，第二次回购了，准备第三次买了
17180673649,2022-02-26 13:21:51,京东自营，物流快捷方便
14921775257,2020-11-17 19:15:23,挺好的，吃着口感挺好，下次还会回购
15198956368,2021-01-13 20:09:50,颗粒大，干净，还好吃。
15591575322,2021-04-23 09:10:31,好吃好吃，便宜大袋，实惠家庭装
15269271744,2021-01-30 13:54:44,东西一如既往的好，物流又快，拿到刚好用上
16604738549,2021-11-09 11:35:39,口感不错  已推荐给朋友
15781862265,2021-06-09 06:41:20,多次购买，价格实惠，干净好吃
18913336692,2023-03-19 09:42:22,味道不错不错还挺好吃的
15043852114,2020-12-14 12:06:55,老妈说量大而且好吃，春节继续在这家订。
15297675263,2021-02-06 08:31:39,挺好吃的，收到没两天就吃完了
15349406174,2021-02-24 22:57:33,酸甜可口，价格实惠，值得购买。
15250341710,2021-01-26 09:15:33,口感不错，送货快。值得购买。
15533521117,2021-04-12 13:13:24,味道不错，值得购买，建议品尝
15119724749,2020-12-31 23:02:50,不错，速度快，口感还行
15478719346,2021-03-30 12:29:07,好吃。包装完好，适合馋嘴猫。
15758085545,2021-06-04 08:49:40,这款梅子比较喜欢，味道不错
16716603843,2021-11-24 19:04:58,已多次购买，品质有保障。
15270433445,2021-01-30 18:24:11,好吃，小盆友喜欢，买买买！
16764329760,2021-12-03 18:57:00,买过一次，感觉还不错
15209410177,2021-01-16 16:53:48,还不错。挺好的。推荐购买。
15473800136,2021-03-29 08:12:54,好吃不贵喜欢的下单吧
14965014729,2020-11-26 16:22:58,半边梅酸甜可口，生津止渴！
15685096675,2021-05-17 21:40:04,色味俱全，包装也不错😊
15282756577,2021-02-02 15:01:31,好吃，物流给力，以后还来
14970383040,2020-11-27 20:21:23,个大肉厚 真赞 再买一些
14946215691,2020-11-22 15:49:14,口感不错 ！！！！！！！！！！
19166133103,2023-05-31 15:31:08,这个拷扁梅许多厂家都做，各个牌子都有，这次是顺带着买一瓶试试，味道和别家也差不多，蜜饯就这么回事了。
18842407979,2023-03-01 19:58:45,还可以吧，就是添加剂多，没办法啊，干果嘛。
18706755737,2023-01-18 08:59:01,酸酸甜甜的很好吃，就是有点硬
18748739068,2023-02-04 11:12:37,太甜，要是酸甜的能更好吃
18934796902,2023-03-23 22:00:48,给妹妹买的不知道好不好吃
18189109799,2022-10-09 19:32:16,还没有吃，吃过了再来评价。
16461119710,2021-10-14 17:31:57,买给孩子的，寄学校去了，还不知道好不好
15283086468,2021-02-02 16:15:02,味道还行吧，就是梅子有点碎！
15782502572,2021-06-09 10:07:51,味道和包装都很好，就是有点甜
17593668904,2022-06-06 20:22:41,口感酸甜，是半只梅子
15812188799,2021-06-15 22:07:21,有点酸，大致上还可以。
15098677677,2020-12-26 16:57:21,还行吧，就是太甜了。
15641170464,2021-05-06 19:07:29,就是有点硬，味道不错
15790455609,2021-06-10 21:56:48,你的生活方式也没有那么
20219681857,2023-12-06 22:08:32,实话实讲 不好吃 买的时候不知道 添加剂真的巨多 导致过于甜 失去了原本的梅子的味道 变味了 白瞎这么大的果了 颜色都不对了 有点鲜红了都 但是拆封了没办法退 以前在这个店买过干果还行啊 现在咋了这是
18862865578,2023-03-06 02:29:21,味道很一般，不推荐继续购买，很失败的购物体验
18780500946,2023-02-13 11:24:58,这款半梅我今天必须要评论一下。再先说外观吧，外观看上去颜色稍微偏深一点。感觉不像是今年的货。接着说口感，口感非常的糟糕。而且这款半梅非常的硬。咱们再说他的价格，价格真的不便宜，一斤就是很小很小的一点。嗯，和我们超市的价格也差不多。但是味道没有超市的好。
16768405765,2021-12-04 17:20:08,为什么会有两张标签，一张生产日期见外包装，一张生产日期是2021年11月25日，生产商也是不一样的，而且这半梅吃起来太酸了
18974664299,2023-04-01 18:21:05,第二次购买，包装不一样，不知道是不是换包装了，第一次买的梅子很干，这次的就偏软
20120747956,2023-11-11 20:09:02,个头很大肉很厚，但是好酸好酸好酸，第一次吃到这么酸的半边梅。
15014831987,2020-12-08 09:45:30,没有那么多白霜，也不是很甜的那种，酸酸的，应该孕妇更愿意吃
16966891655,2022-01-09 21:27:23,李子有点硬，核切得碎，吃起来感觉象吃到石子，这点不好比较麻烦
18686776139,2023-01-12 20:39:26,梅子很一般，口感一般般，吃四五个就会觉得有点甜了
15337496600,2021-02-21 18:12:51,酸酸甜甜的 特别好吃，以为是半梅，有些核碎的比较厉害，吃的时候不太好剔出来
18627181407,2022-12-30 16:40:45,不错还是那个味道，可能是冬天买的吧，有点硬
14916029878,2020-11-16 20:42:06,怎么说，这个快递竟然发的是顺丰，有点意想不到，包装也是好到没法挑刺了，味道也不错
15259987043,2021-01-28 10:50:19,很甜，个头基本较大，价格方面嘛，不算贵，不敢多吃
15276652518,2021-02-01 08:53:46,感觉没有超市的好吃，但是比超市的便宜，有几说几，这样也算是价值对等了吧😊
14895767318,2020-11-13 19:02:09,很好吃，没几天吃完了，就是水分稍微有点多
16125128827,2021-08-12 19:59:00,这次的太干了，没之前买的好吃。
14939204056,2020-11-21 02:52:53,时不时吃出编织袋那种一小条塑料，讲道理，有点失望
16608768583,2021-11-09 21:53:05,好吃，要是小包装就好了，时间长了会变硬。
14900218706,2020-11-14 13:26:10,味道一般，比起超市里面的逊色太多，这价格，好评吧。。。
17113589881,2022-02-11 19:18:51,袋子破了一个小洞，下次注意
15285063095,2021-02-03 00:30:21,味道凑合，偏甜，但价低
15474766685,2021-03-29 12:29:48,很难吃吗？很难吃！齁嗓子！
15406545343,2021-03-11 07:22:52,第二次买包装袋破了，我去
18458428375,2022-11-30 13:19:31,半边梅颜色新鲜，口感酸甜可囗，好吃，一下吃了好几个，这是一次满意的购物。
16849144161,2021-12-21 13:48:23,蜜饯特好吃，这次是回购，这商家的东西颗粒很大，味道很鲜美，包装简洁，不易受潮，物流很快，东北到南方京东物流也只要二三天就到货了，非常满意
17214117840,2022-03-06 07:06:41,看来看去最后还是选择了这家。收到快递后迫不及待的拆了包装。食品我真的是非常喜欢大大的好评!以后买食品再来你们店！(￣▽￣)
18747770895,2023-02-03 23:07:39,还不错，这款质量好，价格有些小贵
15289740382,2021-02-04 08:59:58,"质量非常好，与卖家描述的完全一致，非常满意,真的很喜欢，稜全超出期望值，发货速度非常快，包装非常仔细、严实，物流公司服务态度很好，运送速度很快，很满意的一次购物店家很讲信誉，而且很不错哦，在这家店买东东，我很满意~ 不错哦"
20151006566,2023-11-17 15:36:16,酸梅很好吃，酸酸甜甜的。
15690079248,2021-05-19 00:44:06,真滴好吃，还干净，是我买的半梅里面性价比最高的了，再来一袋
14946809319,2020-11-22 17:56:13,已经是第二次购买了，好吃而且不贵，比在超市买的便宜，物美价廉！
15360781963,2021-02-27 23:16:19,一般般若没有什么时候发货什么意思呢大衣柜里面没有什么时候
18596854798,2022-12-23 22:08:59,收到货了，包装很好，完美。
16545267140,2021-10-31 09:56:29,物流很快包装很好味道不错值得购买
16346076585,2021-09-22 18:03:18,发货快物流快质量好，个大饱满，味道很好
18654795245,2023-01-05 12:48:18,每一次都很满意，这次选的宝贝更加满意，以后还会一如既往地买下去
15241999124,2021-01-24 13:00:47,质量很过关，品质有保障，相当不错的选择，好多朋友看我用都想买，我都推荐了物超所值，话不多说，这四个字已经说明了一切
16759300277,2021-12-02 20:35:50,好吃，果肉很大
15290002508,2021-02-04 10:12:55,很好吃，孩子很喜欢，总之不错
15467697290,2021-03-27 14:04:15,味道还可以，就是色素太多。
20736978769,2024-04-26 16:27:59,好吃，喜欢的味道
20287031232,2023-12-24 13:59:04,东西很好放心购买
20497038500,2024-02-21 20:38:31,挺大一包的好吃
15071742197,2020-12-20 11:53:48,很好吃 我很喜欢。一直就在吃啊吃的
18890926252,2023-03-12 23:41:27,价格实惠，分量很足
18758743702,2023-02-07 10:20:50,还没吃，吃后再评价
16970594414,2022-01-10 15:53:06,好
18664943533,2023-01-07 19:01:43,超好吃，下次还买
18658682764,2023-01-06 11:02:51,酸酸甜甜，很好吃
14997656948,2020-12-04 08:44:49,很好吃，干净
18429682084,2022-11-22 21:29:56,非常好，良心品质
18725637344,2023-01-27 15:52:39,美味好吃，好评！
18664549338,2023-01-07 17:35:20,好吃，味道不错
18644631314,2023-01-03 11:32:26,还可以，还可以。
18570449495,2022-12-19 18:01:03,回购二次，不错
20326019943,2024-01-04 12:05:54,不错。
18745100418,2023-02-03 09:36:57,速度中廷快
18173983774,2022-10-06 19:08:18,不错，发货很快
18508128091,2022-12-11 09:03:25,一大包，好吃
18824361334,2023-02-24 20:20:36,不错不错
18773447929,2023-02-11 13:32:14,味道不错
15420941419,2021-03-14 22:23:04,这款很不错很好吃的样子
18723657554,2023-01-26 16:28:02,好吃😋，可以。
17074009811,2022-01-29 19:05:04,没想到收到的半梅干，比我想像的要大的多，平时在超市里购买，也只有它的一半大，非常满意。
18616849996,2022-12-28 09:34:23,蛮好的呀，nice&hellip;&hellip;
18819668025,2023-02-23 12:29:46,很好吃
18181467947,2022-10-08 10:00:56,质量不错
18694055791,2023-01-14 18:14:45,很开胃
19050321553,2023-04-23 21:36:23,可以
18111687940,2022-09-24 16:20:05,丶一班班
17990014538,2022-08-30 23:37:09,味道不错
18720908101,2023-01-24 23:15:18,满意
18713558783,2023-01-20 10:25:50,干，酸
18698512113,2023-01-15 20:33:46,好吃
18687141599,2023-01-12 22:02:04,好评！
18638735566,2023-01-02 08:47:52,很棒
18613395203,2022-12-27 12:29:17,好吃
18595280113,2022-12-23 16:57:55,很好
18515126426,2022-12-12 10:53:38,好评
18966671027,2023-03-30 19:51:43,好
18463109112,2022-12-01 17:09:12,不错
18234086881,2022-10-18 23:03:54,很好
15108851811,2020-12-29 07:55:04,味道很好
18654351051,2023-01-05 11:04:00,好
18051252356,2022-09-12 12:01:05,还行
17097713418,2022-02-07 14:55:52,感觉非常棒，以后还会购买，感觉非常棒，以后还会购买
17046746971,2022-01-24 23:23:12,好坏就这样吧。助农，过年也要吃。一般般，凑合吃
17044303879,2022-01-24 15:58:49,东西收到，已经买过几次这个品牌了，很好
17052590360,2022-01-25 23:47:55,这个好像还没收到，明天问一下快递员
17209618196,2022-03-05 10:57:07,第二次买的不如第一次的味道好。
17457798798,2022-05-07 10:05:54,东西还是不错的 可以值得购买
17132538963,2022-02-15 22:42:42,很好很好，很好很好
17002567399,2022-01-17 11:35:09,好吃，肉多非常不错
17599027328,2022-06-07 21:00:44,多次购买，很好吃！
17468062577,2022-05-09 15:30:56,多次购买了，好吃
17185564311,2022-02-27 16:33:51,好吃，媳妇喜欢吃
16933666893,2022-01-03 13:31:55,配料第一位是李
17641035713,2022-06-16 08:50:32,孩子很喜欢吃
17229060181,2022-03-09 13:36:16,味道好，没得说
17212259419,2022-03-05 18:23:44,不错不错不错
17103779869,2022-02-09 10:11:21,不少有虫儿的
16990206498,2022-01-14 20:24:42,挺不错的很好
16395814045,2021-10-01 20:08:48,顺风小哥十一送货上门好评！
17133993109,2022-02-16 10:53:01,很好 很不错
17102899354,2022-02-08 22:29:05,不错，很好吃😋
17034559878,2022-01-23 10:08:53,好吃又实惠
15319698896,2021-02-14 19:24:59,(๑&bull;̀ㅂ&bull;́)و✧价格超优惠，性能也非常棒，完美的一次购物
15062765129,2020-12-18 10:26:43,(๑&bull;̀ㅂ&bull;́)و✧价格超优惠，性能也非常棒，完美的一次购物。
17425776005,2022-04-29 12:37:42,好吃好评。
17074929991,2022-01-29 21:43:03,新鲜好吃。
16438777314,2021-10-09 19:38:19,非常好，老婆非常喜欢吃
17230014940,2022-03-09 17:11:16,还可以
17121840836,2022-02-13 18:07:54,很好吃
17072725727,2022-01-29 15:45:19,挺好的
17044953061,2022-01-24 17:33:55,好好好
17574239554,2022-06-02 22:55:59,好评。
17571960839,2022-06-02 15:12:45,好吃
16859316898,2021-12-23 06:29:32,果肉肥大，酸甜适口
17314101022,2022-03-30 23:15:51,好吃
16526877439,2021-10-27 15:20:53,买好几次了，真不错
16510983247,2021-10-24 13:26:14,二次购买了，很不错
17229063905,2022-03-09 13:36:26,好吃
17163306454,2022-02-22 15:16:13,不错
15008603800,2020-12-06 20:03:52,实物与描述的一样，质量相当好，值得购买
17151074781,2022-02-19 21:08:22,好吃
15746359730,2021-06-01 20:22:01,质量挺好，物有所值，会一直回购
16068423807,2021-08-01 13:24:15,还可以，就是有点干
16951311718,2022-01-06 17:49:46,还行
16931160780,2022-01-02 20:27:58,好吃
16703989084,2021-11-22 18:20:03,口感味道都不错
16635132757,2021-11-13 16:26:03,腌制的不太好吃
15730188139,2021-05-28 20:11:32,可以再次下单，非常好的东西。
15674148138,2021-05-15 09:16:14,还是很可以的，挺好的，优惠的
16408231416,2021-10-04 11:53:52,家人喜欢吃，不错！
16357231723,2021-09-25 00:57:13,第二次买了，可以。。。
15979555803,2021-07-13 18:13:26,好吃，多次购买了
16151525956,2021-08-17 17:25:27,好吃，日期新鲜
16109824117,2021-08-09 11:32:52,很好，孩子喜欢😍
16069193710,2021-08-01 16:18:37,第二次买，便宜。。。。。
16039027266,2021-07-25 19:54:42,大颗粒 非常好
16689036961,2021-11-19 22:55:40,很好 很不错
16405162229,2021-10-03 15:05:36,味道非常好
16232140932,2021-09-01 09:44:18,感觉酸了点
15317094855,2021-02-13 08:18:18,年货之一，喜欢的味道&hellip;
15315153087,2021-02-11 17:50:24,好好真的是货真价实
16850120611,2021-12-21 16:48:55,非常好吃
16832154304,2021-12-17 22:52:07,物美价廉
16821198243,2021-12-15 22:46:16,物美价廉
16327254832,2021-09-19 07:05:12,不贵实惠
16279257295,2021-09-10 07:43:35,挺好吃的
16139981894,2021-08-15 17:32:26,一般般吧
15925841605,2021-07-04 23:19:47,好吃好吃。
15582615289,2021-04-20 20:17:36,果肉很厚，口感不错
15506049081,2021-04-06 18:33:34,真不错，又大又好吃
15858342228,2021-06-23 17:01:58,大小合适
15314016238,2021-02-10 23:44:09,味道不错，个头很大
15299058702,2021-02-06 15:05:53,超级好吃，好大一粒
15237885704,2021-01-23 13:29:46,买了好几次了，挺好
15071125895,2020-12-20 09:33:21,一大包，味道还可以
15779224249,2021-06-08 15:06:35,很甜，吃多了会腻
16226500638,2021-08-31 09:44:19,很好吃
15630359663,2021-05-03 21:20:33,可以，口感还不错
15554914183,2021-04-15 11:10:14,量足实惠，会回购
16169417505,2021-08-20 20:29:36,很喜欢
15481770508,2021-03-31 09:27:40,好吃，有点硬，费嘴
15257725806,2021-01-27 19:19:31,味道一般，还行吧
15255234961,2021-01-27 09:57:10,很好吃，个也挺大
15233459648,2021-01-22 12:36:30,没有评价说的好
15185895458,2021-01-11 19:56:27,偏酸的口感。好吃
15856310909,2021-06-23 11:11:55,挺好吃
16872773113,2021-12-25 13:45:37,好吃！
16710599026,2021-11-23 17:52:55,满意
16499996485,2021-10-22 12:03:48,不错
15583784829,2021-04-21 08:21:23,没某皇的好吃
15574051731,2021-04-18 16:20:51,微酸，口感不错
16442612559,2021-10-10 14:46:12,好吃
15448599271,2021-03-22 11:45:48,好吃颗粒饱满
15435439636,2021-03-18 18:47:13,不错不错不错
15384783846,2021-03-05 17:59:34,酸酸甜甜，好吃！
15322387712,2021-02-16 09:20:20,第二次购买了
15317026960,2021-02-13 07:14:57,不错，非常大粒。
16293684383,2021-09-12 19:22:50,好吃
15297354313,2021-02-06 01:02:28,个很大的，好吃😋
15275925435,2021-01-31 22:54:37,因疫情放一放
15261831839,2021-01-28 17:59:35,好吃，酸甜正好
16218224391,2021-08-29 15:21:35,好评
15087413788,2020-12-23 21:05:34,好吃  还会回购
16074479486,2021-08-02 16:18:55,还行
14669152875,2020-09-21 22:33:00,好吃，个还大挺好的
15686227281,2021-05-18 08:38:49,好吃，甜甜的
15416033108,2021-03-13 16:29:51,好吃还便宜
15261436205,2021-01-28 16:27:02,还是可以的
15213799174,2021-01-17 19:42:44,味道很不错。
15101915573,2020-12-27 13:38:28,30/180天退换无忧（0-300）
14992897846,2020-12-02 23:56:39,好吃 买第二次了
14840627076,2020-11-04 11:52:37,果大好吃，速度快
15819742567,2021-06-17 09:54:38,再次购买。。。。。
15561962989,2021-04-16 10:31:56,没有坏的
15507383443,2021-04-07 06:43:46,好吃划算
15439215582,2021-03-19 19:05:12,味道不错
15318201750,2021-02-13 20:53:56,一般般吧
15291804069,2021-02-04 17:39:04,好吃，不错！
15080295189,2020-12-22 10:58:16,挺好吃的
15073389960,2020-12-20 18:22:45,吃完还买
14999012918,2020-12-04 14:17:12,还不错，挺好吃
14968411674,2020-11-27 12:32:27,味道可以 好吃😋
15710575755,2021-05-23 23:09:55,一般般
15683047007,2021-05-17 13:18:40,挺好的
15473953659,2021-03-29 09:06:34,挺好的
15453372888,2021-03-23 16:08:15,非常好
15448202459,2021-03-22 10:10:56,很不错
15403805390,2021-03-10 13:11:19,好好好
15389872037,2021-03-06 23:05:43,还可以
15369576781,2021-03-02 11:28:55,挺好的
15334936621,2021-02-20 21:22:50,一般吧&hellip;&hellip;
15281378986,2021-02-02 09:39:24,很好吃
15261810444,2021-01-28 17:52:37,真好吃
15220337693,2021-01-19 13:07:50,特别好
15175007993,2021-01-09 23:30:22,还好吧
15802578378,2021-06-13 19:07:40,不错。。。。。
15684155514,2021-05-17 17:52:49,不错
15672350546,2021-05-14 18:25:30,好吃
15349695672,2021-02-25 03:58:48,好吃！
15301735307,2021-02-07 10:11:19,很好
15300553383,2021-02-06 21:45:03,很好
15268965856,2021-01-30 12:41:32,满意
15249209829,2021-01-25 22:49:25,很硬！！！
15222028063,2021-01-19 19:55:09,好吃
15209748693,2021-01-16 18:21:11,好吃
15199449467,2021-01-13 22:10:32,满意
15195417292,2021-01-13 00:08:30,好吃
15194900978,2021-01-12 21:26:56,好吃
15186403248,2021-01-11 21:53:50,不错
15185699267,2021-01-11 19:08:15,不错
15147579612,2021-01-06 14:21:43,好吃
15122495481,2021-01-01 19:31:08,好吃
15094529068,2020-12-25 16:06:59,不错
15094287478,2020-12-25 15:07:46,很好
15013229761,2020-12-07 20:28:41,好吃量足
14956189859,2020-11-24 17:35:04,份量足 赞👍
15798097499,2021-06-12 18:02:45,好
15477603520,2021-03-30 06:39:30,好
15466662327,2021-03-27 09:14:29,好
15315070360,2021-02-11 16:47:35,好
15310326665,2021-02-09 17:15:07,好
15271995626,2021-01-31 06:09:21,好
14642019750,2020-09-14 17:26:30,有点甜
15055982391,2020-12-16 19:29:11,好吃
15033163580,2020-12-12 10:43:40,满意
15027949310,2020-12-11 08:21:28,好吃
15007943150,2020-12-06 17:31:01,好评
14958957518,2020-11-25 11:00:34,好吃
14878598107,2020-11-11 11:24:16,不错
14848837363,2020-11-05 20:30:55,好吃😋
14766678536,2020-10-18 10:47:25,好
