id,time,content
20101277721,2023-11-07 20:39:20,从来没有碰到这么恶劣的店家，收到的半梅和石头一样硬，根本一点都不能吃，就是垃圾产品，把老人的假牙都给弄坏了店家坚持说他们家卖的就是这种石头半梅，产品都是这样子的，大家千万不要买，千万不要上当，一点诚信都没有，东西不要了，直接扔垃圾堆，不就是16块钱吗就当喂牲口了，京东这么大的平台，居然有这么恶劣的店家，真的是太太稀奇了，胡言乱语，满嘴推卸责任，垃圾的店家卖的垃圾的产品，差评，奉劝各位千万不要上当，一定要擦亮擦亮眼睛，认清这个垃圾店家
17318973940,2022-04-01 11:35:44,虫眼多多，一包差不多一半，客服说水果有虫眼说明没打农药，这个说法不敢苟同，不敢吃，扔了
20566218338,2024-03-11 04:10:23,量可以、就是有点难吃、化学成分太多
15315979764,2021-02-12 11:57:31,太酸！
17108257432,2022-02-10 14:02:17,这是半李干
17114605612,2022-02-12 00:37:35,不好吃
18659673827,2023-01-06 14:55:39,6
18881210027,2023-03-10 19:34:43,口感极差 碎屑的果核特别多 有时候搞不掉只能全部吐掉 浪费 而且客服态度极差 特别强势 不建议购买 干服务业这样的态度不好
17036310879,2022-01-23 14:14:40,客服态度不好，不解决问题 快递员一直不派件
16487314077,2021-10-19 21:08:08,此用户未填写评价内容
14775172234,2020-10-20 12:25:19,味道不好，都不敢吃，物流慢
